# https://github.com/mikedh/trimesh
mtllib material.mtl
usemtl material_0
v 0.23452073 0.22189386 0.02579410
v 0.23452072 0.21020605 0.03560134
v 0.23452072 0.19586881 0.04081965
v 0.23452072 0.18061145 0.04081964
v 0.23452072 0.16627422 0.03560132
v 0.23452071 0.15458640 0.02579407
v 0.23452071 0.14695773 0.01258081
v 0.23452071 0.14430832 -0.00244476
v 0.23452071 0.14695773 -0.01747033
v 0.23452071 0.15458641 -0.03068359
v 0.23452072 0.16627423 -0.04049083
v 0.23452072 0.18061146 -0.04570916
v 0.23452072 0.19586883 -0.04570916
v 0.23452072 0.21020606 -0.04049084
v 0.23452073 0.22189388 -0.03068359
v 0.23452073 0.22952256 -0.01747033
v 0.23452073 0.23217197 -0.00244476
v 0.23452073 0.22952254 0.01258085
v 0.19900836 0.24233867 -0.00244475
v 0.19900836 0.23907613 -0.02094754
v 0.03897454 0.23907614 -0.02094754
v 0.03897454 0.24233868 -0.00244475
v 0.19900836 0.22968202 -0.03721861
v 0.03897454 0.22968203 -0.03721861
v 0.19900836 0.21528941 -0.04929545
v 0.03897454 0.21528942 -0.04929545
v 0.19900836 0.19763426 -0.05572140
v 0.03897454 0.19763427 -0.05572140
v 0.19900836 0.19763426 -0.05572140
v 0.19900836 0.17884604 -0.05572139
v 0.03897453 0.17884605 -0.05572139
v 0.03897454 0.19763427 -0.05572140
v 0.19900836 0.16119089 -0.04929545
v 0.03897453 0.16119090 -0.04929545
v 0.19900836 0.14679828 -0.03721861
v 0.03897453 0.14679830 -0.03721861
v 0.19900835 0.13740417 -0.02094754
v 0.03897453 0.13740418 -0.02094754
v 0.19900835 0.13414163 -0.00244476
v 0.03897453 0.13414164 -0.00244476
v 0.19900835 0.13740416 0.01605802
v 0.03897453 0.13740418 0.01605802
v 0.19900836 0.14679826 0.03232909
v 0.03897453 0.14679829 0.03232909
v 0.19900836 0.16119088 0.04440593
v 0.03897453 0.16119089 0.04440593
v 0.19900836 0.17884602 0.05083188
v 0.03897453 0.17884603 0.05083188
v 0.19900836 0.19763423 0.05083189
v 0.03897454 0.19763425 0.05083189
v 0.19900836 0.21528939 0.04440595
v 0.03897454 0.21528940 0.04440595
v 0.19900836 0.22968200 0.03232913
v 0.03897454 0.22968201 0.03232913
v 0.19900836 0.23907611 0.01605807
v 0.03897454 0.23907613 0.01605807
v -0.01149647 0.23907615 -0.02094754
v -0.01149647 0.24233869 -0.00244475
v -0.01149647 0.22968204 -0.03721861
v -0.01149647 0.21528942 -0.04929545
v -0.01149647 0.19763427 -0.05572140
v -0.01149648 0.17884605 -0.05572139
v -0.01149647 0.19763427 -0.05572140
v -0.01149648 0.16119090 -0.04929545
v -0.01149648 0.14679830 -0.03721861
v -0.01149648 0.13740419 -0.02094754
v -0.01149648 0.13414165 -0.00244476
v -0.01149648 0.13740418 0.01605802
v -0.01149648 0.14679829 0.03232909
v -0.01149648 0.16119089 0.04440593
v -0.01149648 0.17884603 0.05083188
v -0.01149647 0.19763425 0.05083189
v -0.01149647 0.21528940 0.04440595
v -0.01149647 0.22968201 0.03232913
v -0.01149647 0.23907613 0.01605807
v -0.06196748 0.23907615 -0.02094754
v -0.06196748 0.24233869 -0.00244475
v -0.06196748 0.22968204 -0.03721861
v -0.06196748 0.21528943 -0.04929545
v -0.06196749 0.19763427 -0.05572140
v -0.06196749 0.17884605 -0.05572139
v -0.06196749 0.19763427 -0.05572140
v -0.06196749 0.16119091 -0.04929545
v -0.06196749 0.14679830 -0.03721861
v -0.06196749 0.13740419 -0.02094754
v -0.06196749 0.13414165 -0.00244476
v -0.06196749 0.13740418 0.01605802
v -0.06196749 0.14679829 0.03232909
v -0.06196749 0.16119089 0.04440593
v -0.06196749 0.17884604 0.05083188
v -0.06196749 0.19763425 0.05083189
v -0.06196748 0.21528940 0.04440595
v -0.06196748 0.22968201 0.03232913
v -0.06196748 0.23907613 0.01605807
v -0.11243849 0.23907615 -0.02094754
v -0.11243849 0.24233869 -0.00244475
v -0.11243849 0.22968204 -0.03721861
v -0.11243850 0.21528943 -0.04929545
v -0.11243850 0.19763428 -0.05572140
v -0.11243850 0.17884605 -0.05572139
v -0.11243850 0.19763428 -0.05572140
v -0.11243850 0.16119091 -0.04929545
v -0.11243850 0.14679830 -0.03721861
v -0.11243850 0.13740419 -0.02094754
v -0.11243850 0.13414165 -0.00244476
v -0.11243850 0.13740419 0.01605802
v -0.11243850 0.14679829 0.03232909
v -0.11243850 0.16119089 0.04440593
v -0.11243850 0.17884604 0.05083188
v -0.11243850 0.19763425 0.05083189
v -0.11243850 0.21528940 0.04440595
v -0.11243849 0.22968202 0.03232913
v -0.11243849 0.23907614 0.01605807
v -0.13398124 0.24940475 -0.02470684
v -0.13398124 0.25333017 -0.00244475
v -0.13398124 0.23810199 -0.04428379
v -0.13398128 0.22078516 -0.05881433
v -0.13398128 0.19954292 -0.06654588
v -0.13398128 0.17693741 -0.06654587
v -0.13398128 0.19954292 -0.06654588
v -0.13398128 0.15569518 -0.05881433
v -0.13398128 0.13837836 -0.04428379
v -0.13398129 0.12707560 -0.02470684
v -0.13398129 0.12315020 -0.00244476
v -0.13398129 0.12707560 0.01981732
v -0.13398128 0.13837835 0.03939427
v -0.13398128 0.15569516 0.05392481
v -0.13398128 0.17693739 0.06165636
v -0.13398128 0.19954290 0.06165637
v -0.13398128 0.22078513 0.05392484
v -0.13398124 0.23810197 0.03939431
v -0.13398124 0.24940474 0.01981737
v -0.17805217 0.24316349 -0.00244476
v -0.17805217 0.23985121 -0.02122963
v -0.17805217 0.23031388 -0.03774876
v -0.17805221 0.21570183 -0.05000972
v -0.17805221 0.19777751 -0.05653364
v -0.17805221 0.17870285 -0.05653363
v -0.17805221 0.16077854 -0.05000971
v -0.17805221 0.14616651 -0.03774876
v -0.17805221 0.13662918 -0.02122963
v -0.17805221 0.13331691 -0.00244476
v -0.17805221 0.13662918 0.01634011
v -0.17805221 0.14616651 0.03285925
v -0.17805221 0.16077853 0.04512020
v -0.17805221 0.17870283 0.05164412
v -0.17805221 0.19777749 0.05164413
v -0.17805221 0.21570181 0.04512022
v -0.17805217 0.23031386 0.03285929
v -0.17805217 0.23985119 0.01634015
v 0.19900836 0.23907611 0.01605807
v 0.19900836 0.22968200 0.03232913
v 0.19900836 0.21528939 0.04440595
v 0.19900836 0.19763423 0.05083189
v 0.19900836 0.17884602 0.05083188
v 0.19900836 0.16119088 0.04440593
v 0.19900836 0.14679826 0.03232909
v 0.19900835 0.13740416 0.01605802
v 0.19900835 0.13414163 -0.00244476
v 0.19900835 0.13740417 -0.02094754
v 0.19900836 0.14679828 -0.03721861
v 0.19900836 0.16119089 -0.04929545
v 0.19900836 0.17884604 -0.05572139
v -0.18893757 0.24940477 -0.02470684
v -0.18893757 0.25333018 -0.00244475
v -0.18893757 0.23810201 -0.04428379
v -0.18893761 0.22078518 -0.05881433
v -0.18893761 0.19954294 -0.06654588
v -0.13398128 0.17693741 -0.06654587
v -0.18893761 0.17693742 -0.06654587
v -0.13398128 0.15569518 -0.05881433
v -0.18893761 0.15569520 -0.05881433
v -0.13398128 0.13837836 -0.04428379
v -0.18893761 0.13837838 -0.04428379
v -0.13398129 0.12707560 -0.02470684
v -0.18893761 0.12707562 -0.02470684
v -0.13398129 0.12315020 -0.00244476
v -0.18893762 0.12315022 -0.00244476
v -0.13398129 0.12707560 0.01981732
v -0.18893761 0.12707561 0.01981732
v -0.13398128 0.13837835 0.03939427
v -0.18893761 0.13837837 0.03939427
v -0.13398128 0.15569516 0.05392481
v -0.18893761 0.15569518 0.05392481
v -0.13398128 0.17693739 0.06165636
v -0.18893761 0.17693741 0.06165636
v -0.13398128 0.19954290 0.06165637
v -0.18893761 0.19954292 0.06165637
v -0.13398128 0.22078513 0.05392484
v -0.18893761 0.22078515 0.05392484
v -0.13398124 0.23810197 0.03939431
v -0.18893757 0.23810198 0.03939431
v -0.18893757 0.24940475 0.01981737
v -0.07986882 0.20386698 0.07059536
v -0.07986882 0.20386698 -0.07059536
v 0.17863521 0.20386698 -0.07059536
v 0.17863521 0.20386698 0.07059536
v -0.07986881 0.31085920 0.06279141
v 0.17863521 0.31085920 0.06279141
v 0.17863521 0.31085920 -0.06279141
v -0.07986881 0.31085920 -0.06279141
v -0.07986882 0.21381612 0.08054450
v 0.17863521 0.21381612 0.08054450
v 0.17863521 0.29310612 0.08054450
v -0.07986881 0.29310612 0.08054450
v 0.17863521 0.20386698 0.07059536
v 0.17863521 0.20386698 -0.07059536
v 0.17863521 0.21381612 -0.08054450
v 0.17863521 0.29310612 -0.08054450
v 0.17863521 0.31085920 -0.06279141
v 0.17863521 0.31085920 0.06279141
v 0.17863521 0.29310612 0.08054450
v 0.17863521 0.21381612 0.08054450
v 0.17863521 0.21381612 -0.08054450
v -0.07986882 0.21381612 -0.08054450
v -0.07986881 0.29310612 -0.08054450
v 0.17863521 0.29310612 -0.08054450
v -0.07986882 0.20386698 -0.07059536
v -0.07986882 0.20386698 0.07059536
v -0.07986882 0.21381612 0.08054450
v -0.07986881 0.29310612 0.08054450
v -0.07986881 0.31085920 0.06279141
v -0.07986881 0.31085920 -0.06279141
v -0.07986881 0.29310612 -0.08054450
v -0.07986882 0.21381612 -0.08054450
v -0.07986881 0.31085920 0.06279141
v 0.17863521 0.31085920 0.06279141
v 0.17863521 0.31085920 -0.06279141
v -0.07986881 0.31085920 -0.06279141
v -0.07986882 0.20386698 -0.07059536
v 0.17863521 0.20386698 -0.07059536
v 0.17863521 0.20386698 0.07059536
v -0.07986882 0.20386698 0.07059536
v 0.33602512 0.27202265 -0.04102900
v 0.27078799 0.28934725 -0.04102900
v 0.32968318 0.27008857 -0.04102900
v 0.23503775 0.29057334 0.00905474
v 0.23263740 0.29040049 0.00905474
v 0.23263740 0.29040049 -0.04102900
v 0.23503775 0.29057334 -0.04102900
v 0.23660401 0.29017939 0.00905474
v 0.23660401 0.29017939 -0.04102900
v 0.24534575 0.28992212 0.00905474
v 0.24534575 0.28992212 -0.04102900
v 0.25727100 0.28964074 0.00905474
v 0.25727100 0.28964074 -0.04102900
v 0.27078799 0.28934725 0.00905474
v 0.27808524 0.27262641 0.00905474
v 0.27808524 0.27262641 -0.03302051
v 0.27788504 0.27308516 -0.03652423
v 0.27728441 0.27446140 -0.03902689
v 0.27628339 0.27675513 -0.04052847
v 0.27488195 0.27996637 -0.04102900
v 0.28555701 0.25606221 0.00905474
v 0.28555701 0.25606221 -0.03302051
v 0.29337762 0.23981142 0.00905473
v 0.29337762 0.23981142 -0.03302052
v 0.30172160 0.22403070 0.00905473
v 0.30172160 0.22403071 -0.03302052
v 0.31076335 0.20887673 0.00905473
v 0.31076335 0.20887673 -0.03302052
v 0.32067744 0.19450621 0.00905473
v 0.32067744 0.19450621 -0.03302052
v 0.33163823 0.18107582 0.00905473
v 0.33163823 0.18107582 -0.03302052
v 0.34755545 0.17010502 0.00905473
v 0.34755545 0.17010502 -0.03302052
v 0.37134759 0.16262129 0.00905473
v 0.37134759 0.16262129 -0.03302052
v 0.40170215 0.15804348 0.00905473
v 0.40170215 0.15804348 -0.03302052
v 0.43730663 0.15579041 0.00905473
v 0.43730663 0.15579041 -0.03302052
v 0.47684856 0.15528088 0.00905473
v 0.47684856 0.15528088 -0.03302052
v 0.51901549 0.15593371 0.00905473
v 0.51901549 0.15593372 -0.03302052
v 0.56249488 0.15716772 0.00905473
v 0.56249488 0.15716772 -0.03302052
v 0.61205926 -0.09776034 0.00905472
v 0.61205926 -0.09776033 -0.03302053
v 0.61067556 -0.10169321 0.00905472
v 0.61067556 -0.10169321 -0.03302053
v 0.88056435 -0.46697231 0.00905470
v 0.88056435 -0.46697231 -0.02324931
v 0.70069182 -0.46697231 -0.02324931
v 0.70069182 -0.46697231 0.00905470
v 0.82095546 -0.08019260 0.00905472
v 0.77885867 0.09538276 0.00905473
v 0.77885867 0.09538276 -0.03302052
v 0.82095546 -0.08019260 -0.03302053
v 0.76916556 0.15407134 0.00905473
v 0.76916556 0.15407134 -0.03302052
v 0.77033726 0.19759950 0.00905473
v 0.77033726 0.19759950 -0.03302052
v 0.78056305 0.22849393 0.00905473
v 0.78056305 0.22849393 -0.03302052
v 0.79803206 0.24928137 0.00905474
v 0.79803206 0.24928137 -0.03302052
v 0.82093361 0.26248859 0.00905474
v 0.82093361 0.26248859 -0.03302051
v 0.84745667 0.27064231 0.00905474
v 0.84745667 0.27064231 -0.03302051
v 0.87579050 0.27626928 0.00905474
v 0.87579050 0.27626928 -0.03302051
v 0.87579050 0.29172673 0.00905474
v 0.87579050 0.29172673 -0.04102900
v 0.87579050 0.28427777 -0.04102900
v 0.87579050 0.28077406 -0.04052847
v 0.87579050 0.27827140 -0.03902689
v 0.87579050 0.27676981 -0.03652423
v 0.26530590 0.29072611 0.00905474
v 0.26530590 0.29072611 -0.04102900
v 0.24539662 0.29068591 0.00905474
v 0.24539662 0.29068592 -0.04102900
v 0.33602512 0.27202264 0.00905474
v 0.34471538 0.27455997 0.00905474
v 0.34471538 0.27455997 -0.04102900
v 0.36234203 0.27726684 0.00905474
v 0.36234203 0.27726684 -0.04102900
v 0.39191399 0.27900585 0.00905474
v 0.39191399 0.27900586 -0.04102900
v 0.42845620 0.27941013 0.00905474
v 0.42845620 0.27941013 -0.04102900
v 0.46699369 0.27811265 0.00905474
v 0.46699369 0.27811265 -0.04102900
v 0.46023468 0.20814064 -0.00199375
v 0.47236763 0.20713650 -0.00199375
v 0.47236763 0.20713650 -0.02998053
v 0.46023468 0.20814064 -0.02998053
v 0.50255148 0.27474649 0.00905474
v 0.53015458 0.26894474 0.00905474
v 0.53015458 0.26894474 -0.04102901
v 0.50255148 0.27474649 -0.04102900
v 0.54482798 0.26034042 0.00905474
v 0.54482798 0.26034042 -0.04102901
v 0.55000320 0.24834429 0.00905474
v 0.55000319 0.24834429 -0.04102901
v 0.55261286 0.23361939 0.00905473
v 0.55261286 0.23361939 -0.04102901
v 0.55293361 0.21767725 0.00905473
v 0.55293361 0.21767725 -0.04102901
v 0.55124213 0.20202933 0.00905473
v 0.55124213 0.20202933 -0.04102901
v 0.54781508 0.18818714 0.00905473
v 0.54781508 0.18818714 -0.04102901
v 0.54292916 0.17766218 0.00905473
v 0.54292916 0.17766218 -0.04102901
v 0.53686101 0.17196594 0.00905473
v 0.53686101 0.17196594 -0.04102901
v 0.52276223 0.16961612 0.00905473
v 0.52276223 0.16961613 -0.04102901
v 0.49670033 0.16836631 0.00905473
v 0.49670033 0.16836631 -0.04102901
v 0.46332590 0.16858188 0.00905473
v 0.46332590 0.16858188 -0.04102901
v 0.42728955 0.17062816 0.00905473
v 0.42728955 0.17062816 -0.04102901
v 0.39324190 0.17487051 0.00905473
v 0.39324190 0.17487051 -0.04102901
v 0.36583352 0.18167427 0.00905473
v 0.36583352 0.18167428 -0.04102901
v 0.34971502 0.19140481 0.00905473
v 0.34971502 0.19140481 -0.04102901
v 0.34142515 0.20137308 0.00905473
v 0.34142515 0.20137309 -0.04102901
v 0.33441748 0.20920125 0.00905473
v 0.33441748 0.20920125 -0.04102901
v 0.32871475 0.21572143 0.00905473
v 0.32871475 0.21572143 -0.04102901
v 0.32433985 0.22176572 0.00905473
v 0.32433985 0.22176572 -0.04102901
v 0.32131561 0.22816625 0.00905473
v 0.32131561 0.22816625 -0.04102901
v 0.31966488 0.23575512 0.00905473
v 0.31966488 0.23575512 -0.04102901
v 0.31941052 0.24536444 0.00905474
v 0.31941052 0.24536444 -0.04102901
v 0.31991985 0.25461186 0.00905474
v 0.31991985 0.25461186 -0.04102901
v 0.32080790 0.26101934 0.00905474
v 0.32080790 0.26101935 -0.04102901
v 0.32246852 0.26527555 0.00905474
v 0.32246852 0.26527555 -0.04102901
v 0.32529562 0.26806908 0.00905474
v 0.32529562 0.26806908 -0.04102901
v 0.32968318 0.27008856 0.00905474
v 0.80902509 -0.10764171 0.00905472
v 0.80902509 -0.10764170 -0.03302053
v 0.80293907 -0.11108977 -0.03302053
v 0.80293907 -0.11108977 -0.02324930
v 0.80293907 -0.11108977 0.00905472
v 0.61733075 -0.11108977 -0.03302053
v 0.61733075 -0.11108977 0.00905472
v 0.62975338 -0.11108977 0.00905472
v 0.62975338 -0.11108977 -0.02324930
v 0.62975338 -0.11108977 -0.03302053
v 0.69856367 -0.45629585 0.00905470
v 0.69856367 -0.45629585 -0.02324931
v 0.65382660 -0.46703213 0.00905470
v 0.65382660 -0.46703212 -0.01037283
v 0.65365099 -0.45635566 -0.01037283
v 0.65365099 -0.45635566 0.00905470
v 0.66652747 -0.45633851 -0.02324931
v 0.66670307 -0.46701571 -0.02324931
v 0.65508171 -0.45635377 -0.01752643
v 0.65525732 -0.46703029 -0.01752643
v 0.65937387 -0.45634803 -0.02181860
v 0.65954948 -0.46702480 -0.02181860
v 0.81759415 -0.10048797 -0.03302053
v 0.81759415 -0.10048797 0.00905472
v 0.82157094 -0.09133827 -0.03302053
v 0.82157094 -0.09133828 0.00905472
v 0.60985177 -0.10580421 -0.03302053
v 0.60985177 -0.10580421 0.00905472
v 0.61068637 -0.10874062 -0.03302053
v 0.61068637 -0.10874063 0.00905472
v 0.61317936 -0.11050250 -0.03302053
v 0.61317936 -0.11050250 0.00905472
v 0.28964041 0.25796538 -0.04052847
v 0.29281638 0.25944562 -0.04102901
v 0.29739983 0.24184171 -0.04052847
v 0.30052823 0.24342082 -0.04102901
v 0.30564964 0.22623909 -0.04052847
v 0.30870479 0.22795672 -0.04102901
v 0.31455571 0.21131252 -0.04052847
v 0.31750534 0.21320701 -0.04102901
v 0.32428230 0.19721379 -0.04052847
v 0.32708606 0.19931969 -0.04102901
v 0.33472274 0.18442097 -0.04052848
v 0.33712184 0.18702275 -0.04102901
v 0.34955377 0.17419882 -0.04052848
v 0.35110802 0.17738289 -0.04102901
v 0.37236541 0.16702351 -0.04052848
v 0.37315705 0.17044745 -0.04102901
v 0.40218118 0.16252696 -0.04052848
v 0.40255376 0.16601410 -0.04102901
v 0.43747801 0.16029335 -0.04052848
v 0.43761129 0.16379563 -0.04102901
v 0.47684272 0.15978610 -0.04052848
v 0.47683816 0.16329017 -0.04102901
v 0.51891672 0.16043750 -0.04052848
v 0.51883989 0.16394045 -0.04102901
v 0.56618744 0.16177911 -0.04052848
v 0.56905943 0.16536574 -0.04102901
v 0.61439816 -0.09793170 -0.04052849
v 0.61621730 -0.09806499 -0.04102902
v 0.61293699 -0.10231429 -0.04052849
v 0.61469588 -0.10279736 -0.04102902
v 0.62975338 -0.10658499 -0.04052849
v 0.62975338 -0.10308128 -0.04102902
v 0.61762511 -0.10690739 -0.04102902
v 0.61749632 -0.10873718 -0.04052849
v 0.77444041 0.09448942 -0.04052848
v 0.77100400 0.09379460 -0.04102901
v 0.81299904 -0.08135641 -0.04102902
v 0.81647997 -0.08084725 -0.04052849
v 0.76465083 0.15376212 -0.04052848
v 0.76113937 0.15352161 -0.04102901
v 0.76585198 0.19838457 -0.04052847
v 0.76236344 0.19899518 -0.04102901
v 0.77655812 0.23073022 -0.04052847
v 0.77344317 0.23246955 -0.04102901
v 0.79509400 0.25278720 -0.04052847
v 0.79280885 0.25551395 -0.04102901
v 0.81912373 0.26664503 -0.04052847
v 0.81771605 0.26987782 -0.04102900
v 0.84635319 0.27501591 -0.04052847
v 0.84549493 0.27841761 -0.04102900
v 0.80193617 -0.10728510 -0.04052849
v 0.80115616 -0.10432590 -0.04102902
v 0.80678546 -0.10440668 -0.04052849
v 0.80504353 -0.10189053 -0.04102902
v 0.82106463 -0.09124749 -0.03652425
v 0.82045818 -0.08026533 -0.03652425
v 0.80877624 -0.10728226 -0.03652425
v 0.81718237 -0.10017971 -0.03652425
v 0.61324975 -0.11032516 -0.03652425
v 0.61734914 -0.11082836 -0.03652425
v 0.61092683 -0.10176222 -0.03652425
v 0.61004241 -0.10579666 -0.03652425
v 0.61084207 -0.10863034 -0.03652425
v 0.28737186 0.25690806 -0.03902689
v 0.28601071 0.25627367 -0.03652423
v 0.29516528 0.24071378 -0.03902689
v 0.29382454 0.24003701 -0.03652423
v 0.30346739 0.22501221 -0.03902689
v 0.30215806 0.22427608 -0.03652424
v 0.31244884 0.20995930 -0.03902689
v 0.31118473 0.20914738 -0.03652424
v 0.32227958 0.19570958 -0.03902689
v 0.32107797 0.19480705 -0.03652424
v 0.33300912 0.18256255 -0.03902689
v 0.33198096 0.18144750 -0.03652424
v 0.34844359 0.17192449 -0.03902689
v 0.34777749 0.17055988 -0.03652424
v 0.37179996 0.16457783 -0.03902689
v 0.37146068 0.16311043 -0.03652424
v 0.40191505 0.16003614 -0.03902689
v 0.40175537 0.15854165 -0.03652424
v 0.43738280 0.15779171 -0.03902689
v 0.43732567 0.15629073 -0.03652424
v 0.47684596 0.15728320 -0.03902689
v 0.47684791 0.15578146 -0.03652424
v 0.51897159 0.15793540 -0.03902689
v 0.51900452 0.15643414 -0.03652424
v 0.56413602 0.15921723 -0.03902689
v 0.56290516 0.15768010 -0.03652424
v 0.61309877 -0.09783649 -0.03902690
v 0.61231914 -0.09777938 -0.03652425
v 0.61168064 -0.10196925 -0.03902690
v 0.62975338 -0.10908763 -0.03902690
v 0.61740434 -0.11004416 -0.03902690
v 0.62975338 -0.11058923 -0.03652425
v 0.77689500 0.09498572 -0.03902689
v 0.81896635 -0.08048355 -0.03902690
v 0.77836776 0.09528350 -0.03652424
v 0.76715901 0.15393391 -0.03902689
v 0.76866392 0.15403698 -0.03652424
v 0.76834381 0.19794842 -0.03902689
v 0.76983890 0.19768673 -0.03652424
v 0.77878308 0.22948783 -0.03902689
v 0.78011806 0.22874241 -0.03652424
v 0.79672625 0.25083951 -0.03902689
v 0.79770561 0.24967091 -0.03652423
v 0.82012922 0.26433590 -0.03902689
v 0.82073251 0.26295042 -0.03652423
v 0.84696623 0.27258614 -0.03902689
v 0.84733407 0.27112827 -0.03652423
v 0.80249334 -0.10939879 -0.03902690
v 0.80282764 -0.11066701 -0.03652425
v 0.80802970 -0.10620391 -0.03902690
v 0.81954572 -0.09097514 -0.03902690
v 0.81701419 -0.09052122 -0.04052849
v 0.81347004 -0.08988575 -0.04102902
v 0.81594701 -0.09925495 -0.03902690
v 0.81388808 -0.09771369 -0.04052849
v 0.81100558 -0.09555592 -0.04102902
v 0.61346094 -0.10979316 -0.03902690
v 0.61381291 -0.10890648 -0.04052849
v 0.61430567 -0.10766514 -0.04102902
v 0.61061435 -0.10577401 -0.03902690
v 0.61156758 -0.10573626 -0.04052849
v 0.61290209 -0.10568342 -0.04102902
v 0.61130916 -0.10829953 -0.03902690
v 0.61208766 -0.10774815 -0.04052849
v 0.61317755 -0.10697623 -0.04102902
v 0.62602213 -0.08528649 -0.04102902
v 0.79819568 -0.07066738 -0.04102902
v 0.76093585 0.08473426 -0.04102901
v 0.58438481 0.14730568 -0.04102901
v 0.48581425 0.27578777 -0.00199374
v 0.47042183 0.27707138 -0.00199374
v 0.48581425 0.27578777 -0.02998052
v 0.47042183 0.27707138 -0.02998052
v 0.47133916 0.23104586 -0.00199375
v 0.47289529 0.23682594 -0.00199375
v 0.47365389 0.24260601 -0.00199375
v 0.47400408 0.25550714 -0.00199374
v 0.47400408 0.25550714 -0.02998053
v 0.47365389 0.24260601 -0.02998053
v 0.47289529 0.23682594 -0.02998053
v 0.47133916 0.23104587 -0.02998053
v 0.33602512 0.27202264 0.03557110
v 0.27078799 0.28934725 0.03557110
v 0.32968318 0.27008856 0.03557110
v 0.23503775 0.29057333 -0.01451264
v 0.23263740 0.29040048 -0.01451264
v 0.23263740 0.29040048 0.03557110
v 0.23503775 0.29057333 0.03557110
v 0.23660401 0.29017939 -0.01451264
v 0.23660401 0.29017938 0.03557110
v 0.24534575 0.28992211 -0.01451264
v 0.24534575 0.28992211 0.03557110
v 0.25727100 0.28964073 -0.01451264
v 0.25727100 0.28964073 0.03557110
v 0.27078799 0.28934725 -0.01451264
v 0.27808524 0.27262640 -0.01451264
v 0.27808524 0.27262640 0.02756261
v 0.27788504 0.27308515 0.03106633
v 0.27728441 0.27446139 0.03356898
v 0.27628339 0.27675512 0.03507056
v 0.27488195 0.27996636 0.03557110
v 0.28555701 0.25606221 -0.01451264
v 0.28555701 0.25606220 0.02756261
v 0.29337762 0.23981142 -0.01451265
v 0.29337762 0.23981142 0.02756260
v 0.30172160 0.22403070 -0.01451265
v 0.30172160 0.22403070 0.02756260
v 0.31076335 0.20887673 -0.01451265
v 0.31076335 0.20887672 0.02756260
v 0.32067744 0.19450620 -0.01451265
v 0.32067744 0.19450620 0.02756260
v 0.33163823 0.18107581 -0.01451265
v 0.33163823 0.18107581 0.02756260
v 0.34755545 0.17010501 -0.01451265
v 0.34755545 0.17010501 0.02756260
v 0.37134759 0.16262128 -0.01451265
v 0.37134759 0.16262128 0.02756260
v 0.40170215 0.15804348 -0.01451265
v 0.40170215 0.15804348 0.02756260
v 0.43730663 0.15579040 -0.01451265
v 0.43730663 0.15579040 0.02756260
v 0.47684856 0.15528087 -0.01451265
v 0.47684856 0.15528087 0.02756260
v 0.51901549 0.15593371 -0.01451265
v 0.51901549 0.15593371 0.02756260
v 0.56249488 0.15716771 -0.01451265
v 0.56249488 0.15716771 0.02756260
v 0.61205926 -0.09776034 -0.01451266
v 0.61205926 -0.09776034 0.02756259
v 0.61067556 -0.10169322 -0.01451266
v 0.61067556 -0.10169322 0.02756259
v 0.88056435 -0.46697232 -0.01451268
v 0.88056435 -0.46697232 0.01779134
v 0.70069182 -0.46697232 0.01779134
v 0.70069182 -0.46697232 -0.01451268
v 0.82095546 -0.08019260 -0.01451266
v 0.77885867 0.09538275 -0.01451265
v 0.77885867 0.09538275 0.02756260
v 0.82095546 -0.08019261 0.02756259
v 0.76916556 0.15407134 -0.01451265
v 0.76916556 0.15407133 0.02756260
v 0.77033726 0.19759950 -0.01451265
v 0.77033726 0.19759949 0.02756260
v 0.78056305 0.22849392 -0.01451265
v 0.78056305 0.22849392 0.02756260
v 0.79803206 0.24928136 -0.01451265
v 0.79803206 0.24928136 0.02756260
v 0.82093361 0.26248858 -0.01451264
v 0.82093361 0.26248858 0.02756261
v 0.84745667 0.27064231 -0.01451264
v 0.84745667 0.27064230 0.02756261
v 0.87579050 0.27626927 -0.01451264
v 0.87579050 0.27626927 0.02756261
v 0.87579050 0.29172673 -0.01451264
v 0.87579050 0.29172672 0.03557110
v 0.87579050 0.28427776 0.03557110
v 0.87579050 0.28077405 0.03507056
v 0.87579050 0.27827139 0.03356898
v 0.87579050 0.27676980 0.03106633
v 0.26530590 0.29072610 -0.01451264
v 0.26530590 0.29072610 0.03557110
v 0.24539662 0.29068591 -0.01451264
v 0.24539662 0.29068591 0.03557110
v 0.33602512 0.27202264 -0.01451264
v 0.34471538 0.27455997 -0.01451264
v 0.34471538 0.27455996 0.03557110
v 0.36234203 0.27726683 -0.01451264
v 0.36234203 0.27726683 0.03557110
v 0.39191399 0.27900585 -0.01451264
v 0.39191399 0.27900585 0.03557110
v 0.42845620 0.27941012 -0.01451264
v 0.42845620 0.27941012 0.03557110
v 0.46699369 0.27811264 -0.01451264
v 0.46699369 0.27811264 0.03557110
v 0.46023468 0.20814063 -0.00346417
v 0.47236763 0.20713650 -0.00346417
v 0.47236763 0.20713649 0.02452261
v 0.46023468 0.20814063 0.02452261
v 0.50255148 0.27474649 -0.01451264
v 0.53015458 0.26894473 -0.01451264
v 0.53015458 0.26894473 0.03557110
v 0.50255148 0.27474648 0.03557110
v 0.54482798 0.26034041 -0.01451264
v 0.54482798 0.26034041 0.03557110
v 0.55000320 0.24834428 -0.01451265
v 0.55000319 0.24834428 0.03557110
v 0.55261286 0.23361939 -0.01451265
v 0.55261286 0.23361938 0.03557110
v 0.55293361 0.21767724 -0.01451265
v 0.55293361 0.21767724 0.03557109
v 0.55124213 0.20202933 -0.01451265
v 0.55124213 0.20202932 0.03557109
v 0.54781508 0.18818714 -0.01451265
v 0.54781508 0.18818713 0.03557109
v 0.54292916 0.17766217 -0.01451265
v 0.54292916 0.17766217 0.03557109
v 0.53686101 0.17196593 -0.01451265
v 0.53686101 0.17196593 0.03557109
v 0.52276223 0.16961612 -0.01451265
v 0.52276223 0.16961612 0.03557109
v 0.49670033 0.16836631 -0.01451265
v 0.49670033 0.16836630 0.03557109
v 0.46332590 0.16858187 -0.01451265
v 0.46332590 0.16858187 0.03557109
v 0.42728955 0.17062816 -0.01451265
v 0.42728955 0.17062815 0.03557109
v 0.39324190 0.17487050 -0.01451265
v 0.39324190 0.17487050 0.03557109
v 0.36583352 0.18167427 -0.01451265
v 0.36583352 0.18167427 0.03557109
v 0.34971502 0.19140480 -0.01451265
v 0.34971502 0.19140480 0.03557109
v 0.34142515 0.20137308 -0.01451265
v 0.34142515 0.20137308 0.03557109
v 0.33441748 0.20920124 -0.01451265
v 0.33441748 0.20920124 0.03557109
v 0.32871475 0.21572142 -0.01451265
v 0.32871475 0.21572142 0.03557109
v 0.32433985 0.22176571 -0.01451265
v 0.32433985 0.22176571 0.03557109
v 0.32131561 0.22816624 -0.01451265
v 0.32131561 0.22816624 0.03557109
v 0.31966488 0.23575511 -0.01451265
v 0.31966488 0.23575511 0.03557110
v 0.31941052 0.24536444 -0.01451265
v 0.31941052 0.24536443 0.03557110
v 0.31991985 0.25461185 -0.01451265
v 0.31991985 0.25461185 0.03557110
v 0.32080790 0.26101934 -0.01451264
v 0.32080790 0.26101934 0.03557110
v 0.32246852 0.26527554 -0.01451264
v 0.32246852 0.26527554 0.03557110
v 0.32529562 0.26806908 -0.01451264
v 0.32529562 0.26806907 0.03557110
v 0.32968318 0.27008856 -0.01451264
v 0.80902509 -0.10764171 -0.01451266
v 0.80902509 -0.10764171 0.02756259
v 0.80293907 -0.11108978 0.02756259
v 0.80293907 -0.11108978 0.01779136
v 0.80293907 -0.11108978 -0.01451266
v 0.61733075 -0.11108978 0.02756259
v 0.61733075 -0.11108978 -0.01451266
v 0.62975338 -0.11108978 -0.01451266
v 0.62975338 -0.11108978 0.01779136
v 0.62975338 -0.11108978 0.02756259
v 0.69856367 -0.45629586 -0.01451268
v 0.69856367 -0.45629586 0.01779134
v 0.65382660 -0.46703213 -0.01451268
v 0.65382660 -0.46703213 0.00491486
v 0.65365099 -0.45635567 0.00491486
v 0.65365099 -0.45635567 -0.01451268
v 0.66652747 -0.45633852 0.01779134
v 0.66670307 -0.46701571 0.01779134
v 0.65508171 -0.45635378 0.01206846
v 0.65525732 -0.46703030 0.01206846
v 0.65937387 -0.45634804 0.01636062
v 0.65954948 -0.46702481 0.01636062
v 0.81759415 -0.10048798 0.02756259
v 0.81759415 -0.10048797 -0.01451266
v 0.82157094 -0.09133828 0.02756259
v 0.82157094 -0.09133828 -0.01451266
v 0.60985177 -0.10580422 0.02756259
v 0.60985177 -0.10580422 -0.01451266
v 0.61068637 -0.10874063 0.02756259
v 0.61068637 -0.10874063 -0.01451266
v 0.61317936 -0.11050251 0.02756259
v 0.61317936 -0.11050250 -0.01451266
v 0.28964041 0.25796537 0.03507056
v 0.29281638 0.25944561 0.03557110
v 0.29739983 0.24184170 0.03507056
v 0.30052823 0.24342081 0.03557110
v 0.30564964 0.22623908 0.03507056
v 0.30870479 0.22795671 0.03557109
v 0.31455571 0.21131251 0.03507056
v 0.31750534 0.21320701 0.03557109
v 0.32428230 0.19721378 0.03507056
v 0.32708606 0.19931968 0.03557109
v 0.33472274 0.18442096 0.03507056
v 0.33712184 0.18702274 0.03557109
v 0.34955377 0.17419881 0.03507056
v 0.35110802 0.17738288 0.03557109
v 0.37236541 0.16702350 0.03507056
v 0.37315705 0.17044744 0.03557109
v 0.40218118 0.16252695 0.03507056
v 0.40255376 0.16601409 0.03557109
v 0.43747801 0.16029334 0.03507056
v 0.43761129 0.16379563 0.03557109
v 0.47684272 0.15978609 0.03507056
v 0.47683816 0.16329016 0.03557109
v 0.51891672 0.16043749 0.03507056
v 0.51883989 0.16394044 0.03557109
v 0.56618744 0.16177910 0.03507056
v 0.56905943 0.16536573 0.03557109
v 0.61439816 -0.09793171 0.03507055
v 0.61621730 -0.09806500 0.03557108
v 0.61293699 -0.10231430 0.03507055
v 0.61469588 -0.10279737 0.03557108
v 0.62975338 -0.10658500 0.03507055
v 0.62975338 -0.10308129 0.03557108
v 0.61762511 -0.10690740 0.03557108
v 0.61749632 -0.10873719 0.03507055
v 0.77444041 0.09448941 0.03507056
v 0.77100400 0.09379459 0.03557109
v 0.81299904 -0.08135642 0.03557108
v 0.81647997 -0.08084726 0.03507055
v 0.76465083 0.15376211 0.03507056
v 0.76113937 0.15352160 0.03557109
v 0.76585198 0.19838456 0.03507056
v 0.76236344 0.19899517 0.03557109
v 0.77655812 0.23073021 0.03507056
v 0.77344317 0.23246954 0.03557110
v 0.79509400 0.25278719 0.03507056
v 0.79280885 0.25551394 0.03557110
v 0.81912373 0.26664502 0.03507056
v 0.81771605 0.26987781 0.03557110
v 0.84635319 0.27501590 0.03507056
v 0.84549493 0.27841760 0.03557110
v 0.80193617 -0.10728511 0.03507055
v 0.80115616 -0.10432591 0.03557108
v 0.80678546 -0.10440669 0.03507055
v 0.80504353 -0.10189054 0.03557108
v 0.82106463 -0.09124749 0.03106631
v 0.82045818 -0.08026534 0.03106631
v 0.80877624 -0.10728227 0.03106631
v 0.81718237 -0.10017972 0.03106631
v 0.61324975 -0.11032517 0.03106631
v 0.61734914 -0.11082837 0.03106631
v 0.61092683 -0.10176223 0.03106631
v 0.61004241 -0.10579667 0.03106631
v 0.61084207 -0.10863034 0.03106631
v 0.28737186 0.25690805 0.03356898
v 0.28601071 0.25627366 0.03106632
v 0.29516528 0.24071377 0.03356898
v 0.29382454 0.24003701 0.03106632
v 0.30346739 0.22501220 0.03356898
v 0.30215806 0.22427607 0.03106632
v 0.31244884 0.20995929 0.03356898
v 0.31118473 0.20914737 0.03106632
v 0.32227958 0.19570957 0.03356897
v 0.32107797 0.19480704 0.03106632
v 0.33300912 0.18256254 0.03356897
v 0.33198096 0.18144749 0.03106632
v 0.34844359 0.17192448 0.03356897
v 0.34777749 0.17055987 0.03106632
v 0.37179996 0.16457782 0.03356897
v 0.37146068 0.16311042 0.03106632
v 0.40191505 0.16003613 0.03356897
v 0.40175537 0.15854164 0.03106632
v 0.43738280 0.15779171 0.03356897
v 0.43732567 0.15629073 0.03106632
v 0.47684596 0.15728319 0.03356897
v 0.47684791 0.15578145 0.03106632
v 0.51897159 0.15793539 0.03356897
v 0.51900452 0.15643413 0.03106632
v 0.56413602 0.15921722 0.03356897
v 0.56290516 0.15768009 0.03106632
v 0.61309877 -0.09783650 0.03356896
v 0.61231914 -0.09777939 0.03106631
v 0.61168064 -0.10196926 0.03356896
v 0.62975338 -0.10908764 0.03356896
v 0.61740434 -0.11004417 0.03356896
v 0.62975338 -0.11058924 0.03106631
v 0.77689500 0.09498571 0.03356897
v 0.81896635 -0.08048356 0.03356896
v 0.77836776 0.09528349 0.03106632
v 0.76715901 0.15393390 0.03356897
v 0.76866392 0.15403698 0.03106632
v 0.76834381 0.19794841 0.03356897
v 0.76983890 0.19768672 0.03106632
v 0.77878308 0.22948782 0.03356898
v 0.78011806 0.22874240 0.03106632
v 0.79672625 0.25083950 0.03356898
v 0.79770561 0.24967090 0.03106632
v 0.82012922 0.26433589 0.03356898
v 0.82073251 0.26295041 0.03106633
v 0.84696623 0.27258613 0.03356898
v 0.84733407 0.27112826 0.03106633
v 0.80249334 -0.10939880 0.03356896
v 0.80282764 -0.11066702 0.03106631
v 0.80802970 -0.10620392 0.03356896
v 0.81954572 -0.09097515 0.03356896
v 0.81701419 -0.09052123 0.03507055
v 0.81347004 -0.08988576 0.03557108
v 0.81594701 -0.09925496 0.03356896
v 0.81388808 -0.09771370 0.03507055
v 0.81100558 -0.09555593 0.03557108
v 0.61346094 -0.10979317 0.03356896
v 0.61381291 -0.10890649 0.03507055
v 0.61430567 -0.10766515 0.03557108
v 0.61061435 -0.10577402 0.03356896
v 0.61156758 -0.10573627 0.03507055
v 0.61290209 -0.10568343 0.03557108
v 0.61130916 -0.10829954 0.03356896
v 0.61208766 -0.10774816 0.03507055
v 0.61317755 -0.10697624 0.03557108
v 0.62602213 -0.08528650 0.03557108
v 0.79819568 -0.07066739 0.03557108
v 0.76093585 0.08473425 0.03557109
v 0.58438481 0.14730567 0.03557109
v 0.48581425 0.27578776 -0.00346416
v 0.47042183 0.27707137 -0.00346416
v 0.48581425 0.27578776 0.02452262
v 0.47042183 0.27707137 0.02452262
v 0.47133916 0.23104586 -0.00346417
v 0.47289529 0.23682593 -0.00346417
v 0.47365389 0.24260600 -0.00346417
v 0.47400408 0.25550713 -0.00346416
v 0.47400408 0.25550713 0.02452262
v 0.47365389 0.24260600 0.02452262
v 0.47289529 0.23682593 0.02452261
v 0.47133916 0.23104586 0.02452261
v -0.13941881 0.38470964 0.01813524
v -0.13941881 0.37621854 0.02526011
v -0.13941881 0.36580267 0.02905117
v -0.13941881 0.35471834 0.02905117
v -0.13941881 0.34430248 0.02526009
v -0.13941881 0.33581139 0.01813521
v -0.13941881 0.33026922 0.00853590
v -0.13941880 0.32834445 -0.00238004
v -0.13941880 0.33026922 -0.01329598
v -0.13941880 0.33581139 -0.02289529
v -0.13941880 0.34430248 -0.03002017
v -0.13941879 0.35471835 -0.03381123
v -0.13941879 0.36580269 -0.03381123
v -0.13941879 0.37621856 -0.03002017
v -0.13941880 0.38470965 -0.02289529
v -0.13941880 0.39025183 -0.01329597
v -0.13941880 0.39217660 -0.00238004
v -0.13941880 0.39025181 0.00853593
v -0.17082159 0.43240250 -0.00238004
v -0.17082159 0.42805180 -0.02705405
v -0.86352530 0.42805184 -0.02705422
v -0.86352530 0.43240254 -0.00238021
v -0.17082158 0.41552448 -0.04875201
v -0.86352529 0.41552452 -0.04875218
v -0.17082158 0.39633151 -0.06485683
v -0.86352529 0.39633155 -0.06485699
v -0.17082158 0.37278784 -0.07342602
v -0.86352529 0.37278788 -0.07342618
v -0.17082158 0.37278784 -0.07342602
v -0.17082158 0.34773319 -0.07342602
v -0.86352529 0.34773323 -0.07342618
v -0.86352529 0.37278788 -0.07342618
v -0.17082158 0.32418953 -0.06485682
v -0.86352529 0.32418957 -0.06485699
v -0.17082159 0.30499657 -0.04875201
v -0.86352530 0.30499659 -0.04875218
v -0.17082159 0.29246925 -0.02705406
v -0.86352530 0.29246928 -0.02705422
v -0.17082160 0.28811855 -0.00238005
v -0.86352531 0.28811858 -0.00238022
v -0.17082160 0.29246924 0.02229395
v -0.86352532 0.29246928 0.02229379
v -0.17082161 0.30499656 0.04399191
v -0.86352532 0.30499659 0.04399175
v -0.17082161 0.32418952 0.06009672
v -0.86352532 0.32418956 0.06009655
v -0.17082161 0.34773317 0.06866593
v -0.86352532 0.34773321 0.06866577
v -0.17082161 0.37278781 0.06866594
v -0.86352532 0.37278785 0.06866577
v -0.17082161 0.39633147 0.06009676
v -0.86352532 0.39633152 0.06009660
v -0.17082160 0.41552445 0.04399196
v -0.86352531 0.41552448 0.04399180
v -0.17082160 0.42805179 0.02229401
v -0.86352531 0.42805182 0.02229385
v -0.56982862 0.37728913 -0.00238015
v -0.56982862 0.37626218 -0.00820425
v -0.56982862 0.37330519 -0.01332590
v -0.56982862 0.36877484 -0.01712732
v -0.56982862 0.36321753 -0.01915002
v -0.56982862 0.35730355 -0.01915002
v -0.56982862 0.35174624 -0.01712732
v -0.56982862 0.34721589 -0.01332590
v -0.56982862 0.34425891 -0.00820427
v -0.56982863 0.34323196 -0.00238015
v -0.56982863 0.34425891 0.00344397
v -0.56982863 0.34721589 0.00856561
v -0.56982863 0.35174626 0.01236704
v -0.56982863 0.35730356 0.01438974
v -0.56982863 0.36321752 0.01438974
v -0.56982863 0.36877484 0.01236705
v -0.56982863 0.37330518 0.00856564
v -0.56982863 0.37626218 0.00344400
v -0.17082159 0.39217660 -0.00238005
v -0.17082159 0.39025183 -0.01329598
v -0.17082160 0.42805179 0.02229401
v -0.17082160 0.39025182 0.00853592
v -0.17082160 0.41552445 0.04399196
v -0.17082160 0.38470964 0.01813523
v -0.17082161 0.39633147 0.06009676
v -0.17082160 0.37621854 0.02526010
v -0.17082161 0.37278781 0.06866594
v -0.17082160 0.36580267 0.02905116
v -0.17082161 0.34773317 0.06866593
v -0.17082160 0.35471834 0.02905116
v -0.17082161 0.32418952 0.06009672
v -0.17082160 0.34430248 0.02526009
v -0.17082161 0.30499656 0.04399191
v -0.17082160 0.33581139 0.01813521
v -0.17082160 0.29246924 0.02229395
v -0.17082160 0.33026922 0.00853589
v -0.17082160 0.28811855 -0.00238005
v -0.17082160 0.32834445 -0.00238005
v -0.17082159 0.29246925 -0.02705406
v -0.17082159 0.33026922 -0.01329598
v -0.17082159 0.30499657 -0.04875201
v -0.17082159 0.33581139 -0.02289530
v -0.17082158 0.32418953 -0.06485682
v -0.17082159 0.34430249 -0.03002018
v -0.17082158 0.34773319 -0.07342602
v -0.17082159 0.35471835 -0.03381124
v -0.17082159 0.36580269 -0.03381124
v -0.17082159 0.37621856 -0.03002017
v -0.17082159 0.38470966 -0.02289530
v -0.87630459 0.42807707 -0.00238021
v -0.87630458 0.42398723 -0.02557482
v -0.87630458 0.41221101 -0.04597182
v -0.87630457 0.39416881 -0.06111103
v -0.87630457 0.37203677 -0.06916643
v -0.87630457 0.37203677 -0.06916643
v -0.86352529 0.37278788 -0.07342618
v -0.86352529 0.34773323 -0.07342618
v -0.87630457 0.34848434 -0.06916643
v -0.87630457 0.34848434 -0.06916643
v -0.86352529 0.34773323 -0.07342618
v -0.86352529 0.32418957 -0.06485699
v -0.87630458 0.32635231 -0.06111103
v -0.87630458 0.32635231 -0.06111103
v -0.86352529 0.32418957 -0.06485699
v -0.86352530 0.30499659 -0.04875218
v -0.87630458 0.30831010 -0.04597182
v -0.87630458 0.30831010 -0.04597182
v -0.86352530 0.30499659 -0.04875218
v -0.86352530 0.29246928 -0.02705422
v -0.87630459 0.29653389 -0.02557483
v -0.87630459 0.29653389 -0.02557483
v -0.86352530 0.29246928 -0.02705422
v -0.86352531 0.28811858 -0.00238022
v -0.87630459 0.29244405 -0.00238022
v -0.87630459 0.29244405 -0.00238022
v -0.86352531 0.28811858 -0.00238022
v -0.86352532 0.29246928 0.02229379
v -0.87630460 0.29653389 0.02081439
v -0.87630460 0.29653389 0.02081439
v -0.86352532 0.29246928 0.02229379
v -0.86352532 0.30499659 0.04399175
v -0.87630460 0.30831009 0.04121138
v -0.87630460 0.30831009 0.04121138
v -0.86352532 0.30499659 0.04399175
v -0.86352532 0.32418956 0.06009655
v -0.87630460 0.32635229 0.05635058
v -0.87630460 0.32635229 0.05635058
v -0.86352532 0.32418956 0.06009655
v -0.86352532 0.34773321 0.06866577
v -0.87630461 0.34848432 0.06440600
v -0.87630461 0.34848432 0.06440600
v -0.86352532 0.34773321 0.06866577
v -0.86352532 0.37278785 0.06866577
v -0.87630460 0.37203674 0.06440600
v -0.87630460 0.37203674 0.06440600
v -0.86352532 0.37278785 0.06866577
v -0.86352532 0.39633152 0.06009660
v -0.87630460 0.39416878 0.05635062
v -0.87630460 0.39416878 0.05635062
v -0.86352532 0.39633152 0.06009660
v -0.86352531 0.41552448 0.04399180
v -0.87630460 0.41221098 0.04121144
v -0.87630460 0.41221098 0.04121144
v -0.86352531 0.41552448 0.04399180
v -0.86352531 0.42805182 0.02229385
v -0.87630459 0.42398721 0.02081445
v -0.87630459 0.42398721 0.02081445
v -0.88056433 0.41510066 -0.00238021
v -0.88056433 0.41179339 -0.02113662
v -0.88056433 0.40227051 -0.03763075
v -0.88056432 0.38768061 -0.04987312
v -0.88056432 0.36978344 -0.05638716
v -0.88056432 0.35073767 -0.05638716
v -0.88056433 0.33284051 -0.04987312
v -0.88056433 0.31825060 -0.03763075
v -0.88056433 0.30872773 -0.02113663
v -0.88056434 0.30542047 -0.00238022
v -0.88056434 0.30872773 0.01637619
v -0.88056435 0.31825060 0.03287031
v -0.88056435 0.33284050 0.04511269
v -0.88056435 0.35073765 0.05162673
v -0.88056435 0.36978342 0.05162673
v -0.88056435 0.38768059 0.04511272
v -0.88056434 0.40227048 0.03287035
v -0.88056434 0.41179337 0.01637624
v -0.88056433 0.37626220 -0.00820432
v -0.88056433 0.37728914 -0.00238022
v -0.88056433 0.37330521 -0.01332597
v -0.88056433 0.36877486 -0.01712740
v -0.88056433 0.36321755 -0.01915009
v -0.88056433 0.35730357 -0.01915009
v -0.88056433 0.35174626 -0.01712740
v -0.88056433 0.34721591 -0.01332597
v -0.88056433 0.34425893 -0.00820434
v -0.88056434 0.34323198 -0.00238022
v -0.88056434 0.34425893 0.00344390
v -0.88056434 0.34721590 0.00856554
v -0.88056434 0.35174627 0.01236697
v -0.88056434 0.35730357 0.01438966
v -0.88056434 0.36321754 0.01438967
v -0.88056434 0.36877485 0.01236698
v -0.88056434 0.37330520 0.00856556
v -0.88056434 0.37626219 0.00344392
v -0.15664522 0.29972928 0.03534080
v -0.15664522 0.29972928 -0.03978732
v 0.36002645 0.29972928 -0.03978732
v 0.36002645 0.29972928 0.03534080
v -0.12066045 0.44783295 -0.01688639
v -0.12066044 0.44783295 0.01243987
v -0.05760276 0.43225921 0.01243987
v -0.05760280 0.43225921 -0.01688639
v -0.15664522 0.32571286 0.06132438
v 0.36002645 0.32571286 0.06132438
v 0.36002645 0.39563529 0.06132438
v -0.15664522 0.39563529 0.06132438
v 0.82267807 0.30914411 0.03144105
v 0.82267807 0.30914411 -0.03588757
v 0.82267807 0.32961261 -0.05635607
v 0.82267807 0.39173554 -0.05635607
v 0.82267807 0.41220404 -0.03588757
v 0.82267807 0.41221463 0.01244157
v 0.82267807 0.41221463 0.03144105
v 0.82267807 0.39174613 0.05190955
v 0.82267807 0.41220404 -0.01688469
v 0.82267807 0.32961261 0.05190955
v 0.36002645 0.32571286 -0.06577090
v -0.15664522 0.32571286 -0.06577090
v -0.15664522 0.39563529 -0.06577090
v 0.36002645 0.39563529 -0.06577090
v -0.16385361 0.31372258 -0.03399111
v -0.16385361 0.31372258 0.02954459
v -0.16385361 0.33150908 0.04733108
v -0.16385361 0.38983908 0.04733108
v -0.16385361 0.40762557 0.02954459
v -0.16385361 0.40762557 -0.01688639
v -0.16385361 0.40762557 -0.03399111
v -0.16385361 0.38983908 -0.05177760
v -0.16385361 0.40762557 0.01243987
v -0.16385361 0.33150908 -0.05177760
v -0.15664522 0.29972928 -0.03978732
v 0.36002645 0.29972928 -0.03978732
v 0.36002645 0.29972928 0.03534080
v -0.15664522 0.29972928 0.03534080
v -0.15664522 0.42161887 0.03534080
v 0.36002645 0.42161887 0.03534080
v 0.36002645 0.42161887 -0.03978732
v -0.15664522 0.42161887 -0.03978732
v 0.36002645 0.42161887 -0.03978732
v -0.15664522 0.42161887 -0.03978732
v -0.15664522 0.42161887 -0.01688639
v 0.36002645 0.42161887 -0.01688639
v -0.15664522 0.42161887 0.03534080
v 0.36002645 0.42161887 0.03534080
v 0.36002645 0.42161887 0.01243987
v -0.15664522 0.42161887 0.01243987
v 0.80946521 0.42087290 0.01244014
v 0.80946527 0.42086307 -0.01688612
v 0.80988458 0.43201322 -0.01688639
v 0.80988451 0.43201247 0.01243987
v -0.15664522 0.44783295 -0.01688639
v 0.36002645 0.43225921 -0.01688639
v -0.15664522 0.44783295 0.01243987
v 0.36002645 0.43225921 0.01243987
v -0.14995935 0.46703213 -0.01316773
v -0.14995935 0.46703213 0.00872121
v -0.12587479 0.46703213 0.00872121
v -0.12587480 0.46703213 -0.01316773
v -0.15292656 0.44783295 0.00872121
v -0.15292656 0.44783295 -0.01316773
v -0.12437910 0.44783295 0.00872121
v -0.12437911 0.44783295 -0.01316773
v 0.23327067 0.29166720 0.03868023
v 0.23327067 0.29166720 -0.04312675
v 0.79068079 0.29166720 -0.04312675
v 0.79068079 0.29166720 0.03868023
v 0.23327067 0.32237344 -0.07383298
v 0.79068079 0.32237344 -0.07383298
v 0.23327067 0.39563529 -0.07383298
v 0.79068079 0.39563529 -0.07383298
v 0.36002645 0.42161887 -0.03978732
v 0.37364473 0.42161359 -0.03978732
v 0.37364473 0.39563529 -0.06577090
v 0.36002645 0.39563529 -0.06577090
v 0.36002645 0.42161887 -0.01688639
v 0.37364473 0.42161359 -0.01688639
v 0.37364473 0.43225921 -0.01688639
v 0.37364473 0.42161359 -0.01688639
v 0.37364473 0.43225921 0.01243987
v 0.37364473 0.42161359 0.01243987
v 0.36002645 0.42161887 0.03534080
v 0.37364473 0.42161359 0.03534080
v 0.37364473 0.42161359 0.01243987
v 0.36002645 0.42161887 0.01243987
v 0.36002645 0.39563529 0.06132438
v 0.37364473 0.39563529 0.06132438
v 0.23327067 0.39563529 0.06938646
v 0.23327067 0.32237344 0.06938646
v 0.79028590 0.32237344 0.06938646
v 0.79028590 0.39563529 0.06938646
v 0.36002645 0.29972928 0.03534080
v 0.36002645 0.29972928 -0.03978732
v 0.21756201 0.29972928 -0.03978732
v 0.21756201 0.29972928 0.03534080
v 0.36002645 0.32571286 -0.06577090
v 0.21756201 0.32571286 -0.06577090
v 0.21756201 0.39563529 -0.06577090
v 0.74084743 0.39563529 -0.06577090
v 0.79028590 0.39563529 -0.06577090
v 0.38805697 0.39563529 -0.06577090
v 0.80945715 0.39563529 -0.06483187
v 0.80946387 0.32604498 -0.06496911
v 0.80985876 0.32270555 -0.07303118
v 0.80985204 0.39563529 -0.07289395
v 0.80946387 0.30053108 -0.03945521
v 0.80985876 0.29246900 -0.04279463
v 0.80946484 0.30053112 0.03500867
v 0.80986016 0.29250519 0.03843532
v 0.80948615 0.32571286 0.06132438
v 0.80948010 0.32246071 0.06942261
v 0.80948010 0.39564588 0.06132438
v 0.80948010 0.39563529 0.06938646
v 0.21756201 0.39563529 0.06132438
v 0.38805697 0.39564589 0.06132438
v 0.74084743 0.39564588 0.06132438
v 0.79028590 0.39564588 0.06132438
v 0.36002645 0.32571286 0.06132438
v 0.21756201 0.32571286 0.06132438
v 0.38805697 0.42161359 -0.03978732
v 0.38805697 0.43225921 -0.01688639
v 0.38805697 0.42212339 -0.01688639
v 0.38805697 0.43225921 0.01243987
v 0.38805697 0.42162418 0.01243987
v 0.38805697 0.42162418 0.03534080
v 0.74119398 0.43225186 -0.04419108
v 0.74117378 0.39557285 -0.07328927
v 0.38805697 0.39557285 -0.07328927
v 0.38805697 0.43225186 -0.04419108
v 0.74119398 0.43225145 -0.01688639
v 0.38805697 0.43225145 -0.01688639
v 0.74119398 0.43225921 -0.01688639
v 0.74084743 0.42212775 -0.01688639
v 0.74119398 0.43225921 0.01243987
v 0.74084743 0.42162854 0.01243987
v 0.74119398 0.43226204 0.03974449
v 0.74119398 0.43226204 0.01243987
v 0.38805697 0.43226204 0.01243987
v 0.38805697 0.43226204 0.03974496
v 0.74119398 0.39558344 0.06884275
v 0.38805697 0.39558344 0.06884275
v 0.80946960 0.42097315 -0.03951985
v 0.80943201 0.39462125 -0.06475686
v 0.80983367 0.39475666 -0.07227652
v 0.80989172 0.43212608 -0.04389885
v 0.79068079 0.39557285 -0.07328927
v 0.38805697 0.42212339 -0.01688639
v 0.74084743 0.42212775 -0.01688639
v 0.80946521 0.42086252 -0.01688639
v 0.80988451 0.43200490 -0.01688640
v 0.80946960 0.42098372 0.03507331
v 0.80946521 0.42087311 0.01243987
v 0.80988451 0.43201549 0.01243987
v 0.80989221 0.43213831 0.03944712
v 0.79028590 0.42162946 0.01243987
v 0.74084743 0.42162854 0.01243987
v 0.79070520 0.43226204 0.01243987
v 0.38805697 0.42162418 0.01243987
v 0.80942676 0.39456944 0.06024794
v 0.80985388 0.39473059 0.06776773
v 0.38805697 0.43224617 -0.01688639
v 0.38805697 0.43224617 -0.03978732
v 0.38804916 0.43225676 0.03534080
v 0.38804916 0.43225676 0.01243987
v 0.79028590 0.42162946 0.01243987
v 0.79028590 0.42212867 -0.01688639
v 0.79070520 0.43225921 -0.01688639
v 0.79081183 0.44888169 -0.01688639
v 0.79081213 0.44888167 0.01243987
v 0.81009838 0.44863355 0.01244029
v 0.81009777 0.44863431 -0.01688597
v 0.79070520 0.43225921 0.01243987
v 0.79028590 0.29972928 -0.03978732
v 0.79028590 0.29972928 0.03534080
v 0.79028590 0.32571286 0.06132438
v 0.79028590 0.32571286 -0.06577090
v 0.79028590 0.42161887 -0.03978732
v 0.79070520 0.43225186 -0.04419108
v 0.79075940 0.44887462 -0.04419083
v 0.79081201 0.44887371 -0.01688614
v 0.81009820 0.44862595 -0.01681178
v 0.80999956 0.44874816 -0.04382425
v 0.79070520 0.43225145 -0.01688639
v 0.79028590 0.42212867 -0.01688639
v 0.79028590 0.42162946 0.03534080
v 0.79081201 0.44888428 0.01243987
v 0.79075854 0.44888480 0.03974439
v 0.80999822 0.44876040 0.03937150
v 0.81009820 0.44863654 0.01236423
v 0.79070520 0.43226204 0.03974439
v 0.79070520 0.39558344 0.06884275
v 0.80948010 0.42162946 0.01243987
v 0.80948010 0.42161887 -0.01688639
v 0.80948010 0.42162946 0.03534080
v 0.80948010 0.32571286 0.06132438
v 0.80948010 0.29972928 0.03534080
v 0.80948010 0.29972928 -0.03978732
v 0.80948010 0.32571286 -0.06577090
v 0.80948010 0.39563529 -0.06577090
v 0.80948010 0.42161887 -0.03978732
v 0.81326324 0.42162946 0.01243987
v 0.81326324 0.42161887 -0.01688639
v 0.81326324 0.42162946 0.03534080
v 0.81326324 0.39564588 0.06132438
v 0.81326324 0.32571286 0.06132438
v 0.81326324 0.29972928 0.03534080
v 0.81326324 0.29972928 -0.03978732
v 0.81326324 0.32571286 -0.06577090
v 0.81326324 0.39563529 -0.06577090
v 0.81326324 0.42161887 -0.03978732
v 0.77242883 0.44887447 -0.04419083
v 0.77242883 0.44887381 -0.01688614
v 0.77242883 0.44888169 -0.01688639
v 0.77242883 0.44888167 0.01243987
v 0.77242883 0.44888439 0.01243987
v 0.77242883 0.44888466 0.03974444
v 0.82650558 0.43179860 0.01243990
v 0.82650570 0.43180002 -0.01688636
v 0.82671884 0.44842112 -0.01688632
v 0.82671945 0.44841969 0.01243994
v 0.74150611 0.43270862 -0.01688639
v 0.74150611 0.43270862 0.01243987
v 0.82650570 0.43179120 -0.01688293
v 0.82651394 0.43201822 -0.04389490
v 0.82662167 0.44864059 -0.04388543
v 0.82671926 0.44841255 -0.01687343
v 0.74150611 0.43270127 -0.04419108
v 0.74150611 0.43270087 -0.01688638
v 0.74150611 0.43271146 0.01243987
v 0.74150611 0.43271146 0.03974449
v 0.82651443 0.43203227 0.03944287
v 0.82650570 0.43180179 0.01243611
v 0.82671932 0.44842315 0.01242673
v 0.82662033 0.44865465 0.03943352
v 0.81010741 0.46537022 -0.04374945
v 0.81031188 0.46524699 -0.01673737
v 0.82693319 0.46503317 -0.01673389
v 0.82672976 0.46526223 -0.04374550
v 0.81031188 0.46525758 0.01228879
v 0.81010424 0.46538247 0.03929567
v 0.82672659 0.46527629 0.03929142
v 0.82693325 0.46504376 0.01228504
v -0.15664522 0.29972928 -0.03978732
v -0.15664522 0.29972928 0.03534080
v -0.15664522 0.31372258 0.02954459
v -0.15664522 0.31372258 -0.03399111
v -0.15664522 0.32571286 0.06132438
v -0.15664522 0.33150908 0.04733108
v -0.15664522 0.39563529 0.06132438
v -0.15664522 0.38983908 0.04733108
v -0.15664522 0.42161887 0.03534080
v -0.15664522 0.40762557 0.02954459
v -0.15664522 0.42161887 0.01243987
v -0.15664522 0.40762557 0.01243987
v -0.15664522 0.42161887 -0.01688639
v -0.15664522 0.40762557 -0.01688639
v -0.15664522 0.42161887 -0.03978732
v -0.15664522 0.40762557 -0.03399111
v -0.15664522 0.39563529 -0.06577090
v -0.15664522 0.38983908 -0.05177760
v -0.15664522 0.32571286 -0.06577090
v -0.15664522 0.33150908 -0.05177760
vt 0.19532782 1.00000000
vt 0.08736911 1.00000000
vt 0.02917982 1.00000000
vt 0.02777836 1.00000000
vt 0.08333367 1.00000000
vt 0.18914513 1.00000000
vt 0.33245036 1.00000000
vt 0.49596456 1.00000000
vt 0.65996546 1.00000000
vt 0.80467230 1.00000000
vt 0.91263115 1.00000000
vt 0.97082061 1.00000000
vt 0.97222221 1.00000000
vt 0.91666669 1.00000000
vt 0.86111110 1.00000000
vt 0.80555558 1.00000000
vt 0.75000000 1.00000000
vt 0.34003446 1.00000000
vt 0.75000000 1.00000000
vt 0.80555558 1.00000000
vt 0.80555558 0.80000001
vt 0.75000000 0.80000001
vt 0.86111110 1.00000000
vt 0.86111110 0.80000001
vt 0.91666669 1.00000000
vt 0.91666669 0.80000001
vt 0.97222221 1.00000000
vt 0.97222221 0.80000001
vt -0.02777779 1.00000000
vt 0.02777782 1.00000000
vt 0.02777782 0.80000001
vt -0.02777779 0.80000001
vt 0.08333334 1.00000000
vt 0.08333334 0.80000001
vt 0.13888890 1.00000000
vt 0.13888890 0.80000001
vt 0.19444445 1.00000000
vt 0.19444445 0.80000001
vt 0.24999997 1.00000000
vt 0.24999997 0.80000001
vt 0.30555552 1.00000000
vt 0.30555552 0.80000001
vt 0.36111107 1.00000000
vt 0.36111107 0.80000001
vt 0.41666663 1.00000000
vt 0.41666663 0.80000001
vt 0.47222215 1.00000000
vt 0.47222215 0.80000001
vt 0.52777773 1.00000000
vt 0.52777773 0.80000001
vt 0.58333325 1.00000000
vt 0.58333325 0.80000001
vt 0.63888878 1.00000000
vt 0.63888878 0.80000001
vt 0.69444430 1.00000000
vt 0.69444430 0.80000001
vt 0.80555558 0.60000002
vt 0.75000000 0.60000002
vt 0.86111110 0.60000002
vt 0.91666669 0.60000002
vt 0.97222221 0.60000002
vt 0.02777782 0.60000002
vt -0.02777779 0.60000002
vt 0.08333334 0.60000002
vt 0.13888890 0.60000002
vt 0.19444445 0.60000002
vt 0.24999997 0.60000002
vt 0.30555552 0.60000002
vt 0.36111107 0.60000002
vt 0.41666663 0.60000002
vt 0.47222215 0.60000002
vt 0.52777773 0.60000002
vt 0.58333325 0.60000002
vt 0.63888878 0.60000002
vt 0.69444430 0.60000002
vt 0.80555558 0.39999998
vt 0.75000000 0.39999998
vt 0.86111110 0.39999998
vt 0.91666669 0.39999998
vt 0.97222221 0.39999998
vt 0.02777782 0.39999998
vt -0.02777779 0.39999998
vt 0.08333334 0.39999998
vt 0.13888890 0.39999998
vt 0.19444445 0.39999998
vt 0.24999997 0.39999998
vt 0.30555552 0.39999998
vt 0.36111107 0.39999998
vt 0.41666663 0.39999998
vt 0.47222215 0.39999998
vt 0.52777773 0.39999998
vt 0.58333325 0.39999998
vt 0.63888878 0.39999998
vt 0.69444430 0.39999998
vt 0.80555558 0.19999999
vt 0.75000000 0.19999999
vt 0.86111110 0.19999999
vt 0.91666669 0.19999999
vt 0.97222221 0.19999999
vt 0.02777782 0.19999999
vt -0.02777779 0.19999999
vt 0.08333334 0.19999999
vt 0.13888890 0.19999999
vt 0.19444445 0.19999999
vt 0.24999997 0.19999999
vt 0.30555552 0.19999999
vt 0.36111107 0.19999999
vt 0.41666663 0.19999999
vt 0.47222215 0.19999999
vt 0.52777773 0.19999999
vt 0.58333325 0.19999999
vt 0.63888878 0.19999999
vt 0.69444430 0.19999999
vt 0.80555558 0.00000000
vt 0.75000000 0.00000000
vt 0.86111110 0.00000000
vt 0.91666669 0.00000000
vt 0.97222221 0.00000000
vt 0.02777782 0.00000000
vt -0.02777779 0.00000000
vt 0.08333334 0.00000000
vt 0.13888890 0.00000000
vt 0.19444445 0.00000000
vt 0.24999997 0.00000000
vt 0.30555552 0.00000000
vt 0.36111107 0.00000000
vt 0.41666663 0.00000000
vt 0.47222215 0.00000000
vt 0.52777773 0.00000000
vt 0.58333325 0.00000000
vt 0.63888878 0.00000000
vt 0.69444430 0.00000000
vt 0.75000000 0.00000000
vt 0.80555558 0.00000000
vt 0.86111110 0.00000000
vt 0.91666669 0.00000000
vt 0.97222221 0.00000000
vt 0.97082072 0.00000000
vt 0.91263139 0.00000000
vt 0.80467266 0.00000000
vt 0.65996587 0.00000000
vt 0.49596485 0.00000000
vt 0.33245051 0.00000000
vt 0.18914509 0.00000000
vt 0.08333337 0.00000000
vt 0.02777778 0.00000000
vt 0.02917912 0.00000000
vt 0.08736840 0.00000000
vt 0.19532707 0.00000000
vt 0.69444430 0.00000000
vt 0.34003446 1.00000000
vt 0.19532782 1.00000000
vt 0.08736911 1.00000000
vt 0.02917982 1.00000000
vt 0.02777836 1.00000000
vt 0.08333367 1.00000000
vt 0.18914513 1.00000000
vt 0.33245036 1.00000000
vt 0.49596456 1.00000000
vt 0.65996546 1.00000000
vt 0.80467230 1.00000000
vt 0.91263115 1.00000000
vt 0.97082061 1.00000000
vt 0.80555558 0.00000000
vt 0.75000000 0.00000000
vt 0.86111110 0.00000000
vt 0.91666669 0.00000000
vt 0.97222221 0.00000000
vt 0.97082072 0.00000000
vt 0.97082072 0.00000000
vt 0.91263139 0.00000000
vt 0.91263139 0.00000000
vt 0.80467266 0.00000000
vt 0.80467266 0.00000000
vt 0.65996587 0.00000000
vt 0.65996587 0.00000000
vt 0.49596485 0.00000000
vt 0.49596485 0.00000000
vt 0.33245051 0.00000000
vt 0.33245051 0.00000000
vt 0.18914509 0.00000000
vt 0.18914509 0.00000000
vt 0.08333337 0.00000000
vt 0.08333337 0.00000000
vt 0.02777778 0.00000000
vt 0.02777778 0.00000000
vt 0.02917912 0.00000000
vt 0.02917912 0.00000000
vt 0.08736840 0.00000000
vt 0.08736840 0.00000000
vt 0.19532707 0.00000000
vt 0.19532707 0.00000000
vt 0.69444430 0.00000000
vt 1.00000000 0.93823826
vt 1.00000000 0.06176174
vt 0.00000000 0.06176174
vt 0.00000000 0.93823826
vt 0.00000000 0.88979334
vt 1.00000000 0.88979334
vt 1.00000000 0.11020666
vt 0.00000000 0.11020666
vt 0.00000000 0.91000873
vt 1.00000000 0.91000873
vt 1.00000000 0.19281983
vt 0.00000000 0.19281983
vt 0.06176173 1.00000000
vt 0.93823826 1.00000000
vt 1.00000000 0.91000873
vt 1.00000000 0.19281983
vt 0.88979334 0.00000000
vt 0.11020668 0.00000000
vt 0.00000000 0.19281983
vt 0.00000000 0.91000873
vt 0.00000000 0.91000873
vt 1.00000000 0.91000873
vt 1.00000000 0.19281983
vt 0.00000000 0.19281983
vt 0.06176173 1.00000000
vt 0.93823826 1.00000000
vt 1.00000000 0.91000873
vt 1.00000000 0.19281983
vt 0.88979334 0.00000000
vt 0.11020668 0.00000000
vt 0.00000000 0.19281983
vt 0.00000000 0.91000873
vt 0.00000002 0.01292682
vt 1.00000000 0.01292688
vt 0.00000002 0.01292682
vt 1.00000000 0.01292688
vt 1.00000000 1.00425637
vt 0.00000000 1.00425637
vt 1.00000000 1.00425637
vt 0.00000000 1.00425637
vt 0.50000000 0.50000000
vt 0.50000000 0.50000000
vt 0.50000000 0.50000000
vt 0.50000000 0.50000000
vt 0.50000000 0.50000000
vt 0.50000000 0.50000000
vt 0.50000000 0.50000000
vt 0.50000000 0.50000000
vt 0.50000000 0.50000000
vt 0.50000000 0.50000000
vt 0.50000000 0.50000000
vt 0.50000000 0.50000000
vt 0.50000000 0.50000000
vt 0.50000000 0.50000000
vt 0.50000000 0.50000000
vt 0.50000000 0.50000000
vt 0.50000000 0.50000000
vt 0.50000000 0.50000000
vt 0.50000000 0.50000000
vt 0.50000000 0.50000000
vt 0.50000000 0.50000000
vt 0.50000000 0.50000000
vt 0.50000000 0.50000000
vt 0.50000000 0.50000000
vt 0.50000000 0.50000000
vt 0.50000000 0.50000000
vt 0.50000000 0.50000000
vt 0.50000000 0.50000000
vt 0.50000000 0.50000000
vt 0.50000000 0.50000000
vt 0.50000000 0.50000000
vt 0.50000000 0.50000000
vt 0.50000000 0.50000000
vt 0.50000000 0.50000000
vt 0.50000000 0.50000000
vt 0.50000000 0.50000000
vt 0.50000000 0.50000000
vt 0.50000000 0.50000000
vt 0.50000000 0.50000000
vt 0.50000000 0.50000000
vt 0.50000000 0.50000000
vt 0.50000000 0.50000000
vt 0.50000000 0.50000000
vt 0.50000000 0.50000000
vt 0.50000000 0.50000000
vt 0.50000000 0.50000000
vt 0.50000000 0.50000000
vt 0.50000000 0.50000000
vt 0.50000000 0.50000000
vt 0.50000000 0.50000000
vt 0.50000000 0.50000000
vt 0.50000000 0.50000000
vt 0.50000000 0.50000000
vt 0.50000000 0.50000000
vt 0.50000000 0.50000000
vt 0.50000000 0.50000000
vt 0.50000000 0.50000000
vt 0.50000000 0.50000000
vt 0.50000000 0.50000000
vt 0.50000000 0.50000000
vt 0.50000000 0.50000000
vt 0.50000000 0.50000000
vt 0.50000000 0.50000000
vt 0.50000000 0.50000000
vt 0.50000000 0.50000000
vt 0.50000000 0.50000000
vt 0.50000000 0.50000000
vt 0.50000000 0.50000000
vt 0.50000000 0.50000000
vt 0.50000000 0.50000000
vt 0.50000000 0.50000000
vt 0.50000000 0.50000000
vt 0.50000000 0.50000000
vt 0.50000000 0.50000000
vt 0.50000000 0.50000000
vt 0.50000000 0.50000000
vt 0.50000000 0.50000000
vt 0.50000000 0.50000000
vt 0.50000000 0.50000000
vt 0.50000000 0.50000000
vt 0.50000000 0.50000000
vt 0.50000000 0.50000000
vt 0.50000000 0.50000000
vt 0.50000000 0.50000000
vt 0.50000000 0.50000000
vt 0.50000000 0.50000000
vt 0.50000000 0.50000000
vt 0.50000000 0.50000000
vt 0.50000000 0.50000000
vt 0.50000000 0.50000000
vt 0.50000000 0.50000000
vt 0.50000000 0.50000000
vt 0.50000000 0.50000000
vt 0.50000000 0.50000000
vt 0.50000000 0.50000000
vt 0.50000000 0.50000000
vt 0.50000000 0.50000000
vt 0.50000000 0.50000000
vt 0.50000000 0.50000000
vt 0.50000000 0.50000000
vt 0.50000000 0.50000000
vt 0.50000000 0.50000000
vt 0.50000000 0.50000000
vt 0.50000000 0.50000000
vt 0.50000000 0.50000000
vt 0.50000000 0.50000000
vt 0.50000000 0.50000000
vt 0.50000000 0.50000000
vt 0.50000000 0.50000000
vt 0.50000000 0.50000000
vt 0.50000000 0.50000000
vt 0.50000000 0.50000000
vt 0.50000000 0.50000000
vt 0.50000000 0.50000000
vt 0.50000000 0.50000000
vt 0.50000000 0.50000000
vt 0.50000000 0.50000000
vt 0.50000000 0.50000000
vt 0.50000000 0.50000000
vt 0.50000000 0.50000000
vt 0.50000000 0.50000000
vt 0.50000000 0.50000000
vt 0.50000000 0.50000000
vt 0.50000000 0.50000000
vt 0.50000000 0.50000000
vt 0.50000000 0.50000000
vt 0.50000000 0.50000000
vt 0.50000000 0.50000000
vt 0.50000000 0.50000000
vt 0.50000000 0.50000000
vt 0.50000000 0.50000000
vt 0.50000000 0.50000000
vt 0.50000000 0.50000000
vt 0.50000000 0.50000000
vt 0.50000000 0.50000000
vt 0.50000000 0.50000000
vt 0.50000000 0.50000000
vt 0.50000000 0.50000000
vt 0.50000000 0.50000000
vt 0.50000000 0.50000000
vt 0.50000000 0.50000000
vt 0.50000000 0.50000000
vt 0.50000000 0.50000000
vt 0.50000000 0.50000000
vt 0.50000000 0.50000000
vt 0.50000000 0.50000000
vt 0.50000000 0.50000000
vt 0.50000000 0.50000000
vt 0.50000000 0.50000000
vt 0.50000000 0.50000000
vt 0.50000000 0.50000000
vt 0.50000000 0.50000000
vt 0.50000000 0.50000000
vt 0.50000000 0.50000000
vt 0.50000000 0.50000000
vt 0.50000000 0.50000000
vt 0.50000000 0.50000000
vt 0.50000000 0.50000000
vt 0.50000000 0.50000000
vt 0.50000000 0.50000000
vt 0.50000000 0.50000000
vt 0.50000000 0.50000000
vt 0.50000000 0.50000000
vt 0.50000000 0.50000000
vt 0.50000000 0.50000000
vt 0.50000000 0.50000000
vt 0.50000000 0.50000000
vt 0.50000000 0.50000000
vt 0.50000000 0.50000000
vt 0.50000000 0.50000000
vt 0.50000000 0.50000000
vt 0.50000000 0.50000000
vt 0.50000000 0.50000000
vt 0.50000000 0.50000000
vt 0.50000000 0.50000000
vt 0.50000000 0.50000000
vt 0.50000000 0.50000000
vt 0.50000000 0.50000000
vt 0.50000000 0.50000000
vt 0.50000000 0.50000000
vt 0.50000000 0.50000000
vt 0.50000000 0.50000000
vt 0.50000000 0.50000000
vt 0.50000000 0.50000000
vt 0.50000000 0.50000000
vt 0.50000000 0.50000000
vt 0.50000000 0.50000000
vt 0.50000000 0.50000000
vt 0.50000000 0.50000000
vt 0.50000000 0.50000000
vt 0.50000000 0.50000000
vt 0.50000000 0.50000000
vt 0.50000000 0.50000000
vt 0.50000000 0.50000000
vt 0.50000000 0.50000000
vt 0.50000000 0.50000000
vt 0.50000000 0.50000000
vt 0.50000000 0.50000000
vt 0.50000000 0.50000000
vt 0.50000000 0.50000000
vt 0.50000000 0.50000000
vt 0.50000000 0.50000000
vt 0.50000000 0.50000000
vt 0.50000000 0.50000000
vt 0.50000000 0.50000000
vt 0.50000000 0.50000000
vt 0.50000000 0.50000000
vt 0.50000000 0.50000000
vt 0.50000000 0.50000000
vt 0.50000000 0.50000000
vt 0.50000000 0.50000000
vt 0.50000000 0.50000000
vt 0.50000000 0.50000000
vt 0.50000000 0.50000000
vt 0.50000000 0.50000000
vt 0.50000000 0.50000000
vt 0.50000000 0.50000000
vt 0.50000000 0.50000000
vt 0.50000000 0.50000000
vt 0.50000000 0.50000000
vt 0.50000000 0.50000000
vt 0.50000000 0.50000000
vt 0.50000000 0.50000000
vt 0.50000000 0.50000000
vt 0.50000000 0.50000000
vt 0.50000000 0.50000000
vt 0.50000000 0.50000000
vt 0.50000000 0.50000000
vt 0.50000000 0.50000000
vt 0.50000000 0.50000000
vt 0.50000000 0.50000000
vt 0.50000000 0.50000000
vt 0.50000000 0.50000000
vt 0.50000000 0.50000000
vt 0.50000000 0.50000000
vt 0.50000000 0.50000000
vt 0.50000000 0.50000000
vt 0.50000000 0.50000000
vt 0.50000000 0.50000000
vt 0.50000000 0.50000000
vt 0.50000000 0.50000000
vt 0.50000000 0.50000000
vt 0.50000000 0.50000000
vt 0.50000000 0.50000000
vt 0.50000000 0.50000000
vt 0.50000000 0.50000000
vt 0.50000000 0.50000000
vt 0.50000000 0.50000000
vt 0.50000000 0.50000000
vt 0.50000000 0.50000000
vt 0.50000000 0.50000000
vt 0.50000000 0.50000000
vt 0.50000000 0.50000000
vt 0.50000000 0.50000000
vt 0.50000000 0.50000000
vt 0.50000000 0.50000000
vt 0.50000000 0.50000000
vt 0.50000000 0.50000000
vt 0.50000000 0.50000000
vt 0.50000000 0.50000000
vt 0.50000000 0.50000000
vt 0.50000000 0.50000000
vt 0.50000000 0.50000000
vt 0.50000000 0.50000000
vt 0.50000000 0.50000000
vt 0.50000000 0.50000000
vt 0.50000000 0.50000000
vt 0.50000000 0.50000000
vt 0.50000000 0.50000000
vt 0.50000000 0.50000000
vt 0.50000000 0.50000000
vt 0.50000000 0.50000000
vt 0.50000000 0.50000000
vt 0.50000000 0.50000000
vt 0.50000000 0.50000000
vt 0.50000000 0.50000000
vt 0.50000000 0.50000000
vt 0.50000000 0.50000000
vt 0.50000000 0.50000000
vt 0.50000000 0.50000000
vt 0.50000000 0.50000000
vt 0.50000000 0.50000000
vt 0.50000000 0.50000000
vt 0.50000000 0.50000000
vt 0.50000000 0.50000000
vt 0.50000000 0.50000000
vt 0.50000000 0.50000000
vt 0.50000000 0.50000000
vt 0.50000000 0.50000000
vt 0.50000000 0.50000000
vt 0.50000000 0.50000000
vt 0.50000000 0.50000000
vt 0.50000000 0.50000000
vt 0.50000000 0.50000000
vt 0.50000000 0.50000000
vt 0.50000000 0.50000000
vt 0.50000000 0.50000000
vt 0.50000000 0.50000000
vt 0.50000000 0.50000000
vt 0.50000000 0.50000000
vt 0.50000000 0.50000000
vt 0.50000000 0.50000000
vt 0.50000000 0.50000000
vt 0.50000000 0.50000000
vt 0.50000000 0.50000000
vt 0.50000000 0.50000000
vt 0.50000000 0.50000000
vt 0.50000000 0.50000000
vt 0.50000000 0.50000000
vt 0.50000000 0.50000000
vt 0.50000000 0.50000000
vt 0.50000000 0.50000000
vt 0.50000000 0.50000000
vt 0.50000000 0.50000000
vt 0.50000000 0.50000000
vt 0.50000000 0.50000000
vt 0.50000000 0.50000000
vt 0.50000000 0.50000000
vt 0.50000000 0.50000000
vt 0.50000000 0.50000000
vt 0.50000000 0.50000000
vt 0.50000000 0.50000000
vt 0.50000000 0.50000000
vt 0.50000000 0.50000000
vt 0.50000000 0.50000000
vt 0.50000000 0.50000000
vt 0.50000000 0.50000000
vt 0.50000000 0.50000000
vt 0.50000000 0.50000000
vt 0.50000000 0.50000000
vt 0.50000000 0.50000000
vt 0.50000000 0.50000000
vt 0.50000000 0.50000000
vt 0.50000000 0.50000000
vt 0.50000000 0.50000000
vt 0.50000000 0.50000000
vt 0.50000000 0.50000000
vt 0.50000000 0.50000000
vt 0.50000000 0.50000000
vt 0.50000000 0.50000000
vt 0.50000000 0.50000000
vt 0.50000000 0.50000000
vt 0.50000000 0.50000000
vt 0.50000000 0.50000000
vt 0.50000000 0.50000000
vt 0.50000000 0.50000000
vt 0.50000000 0.50000000
vt 0.50000000 0.50000000
vt 0.50000000 0.50000000
vt 0.50000000 0.50000000
vt 0.50000000 0.50000000
vt 0.50000000 0.50000000
vt 0.50000000 0.50000000
vt 0.50000000 0.50000000
vt 0.50000000 0.50000000
vt 0.50000000 0.50000000
vt 0.50000000 0.50000000
vt 0.50000000 0.50000000
vt 0.50000000 0.50000000
vt 0.50000000 0.50000000
vt 0.50000000 0.50000000
vt 0.50000000 0.50000000
vt 0.50000000 0.50000000
vt 0.50000000 0.50000000
vt 0.50000000 0.50000000
vt 0.50000000 0.50000000
vt 0.50000000 0.50000000
vt 0.50000000 0.50000000
vt 0.50000000 0.50000000
vt 0.50000000 0.50000000
vt 0.50000000 0.50000000
vt 0.50000000 0.50000000
vt 0.50000000 0.50000000
vt 0.50000000 0.50000000
vt 0.50000000 0.50000000
vt 0.50000000 0.50000000
vt 0.50000000 0.50000000
vt 0.50000000 0.50000000
vt 0.50000000 0.50000000
vt 0.50000000 0.50000000
vt 0.50000000 0.50000000
vt 0.50000000 0.50000000
vt 0.50000000 0.50000000
vt 0.50000000 0.50000000
vt 0.50000000 0.50000000
vt 0.50000000 0.50000000
vt 0.50000000 0.50000000
vt 0.50000000 0.50000000
vt 0.50000000 0.50000000
vt 0.50000000 0.50000000
vt 0.50000000 0.50000000
vt 0.50000000 0.50000000
vt 0.50000000 0.50000000
vt 0.50000000 0.50000000
vt 0.50000000 0.50000000
vt 0.50000000 0.50000000
vt 0.50000000 0.50000000
vt 0.50000000 0.50000000
vt 0.50000000 0.50000000
vt 0.50000000 0.50000000
vt 0.50000000 0.50000000
vt 0.50000000 0.50000000
vt 0.50000000 0.50000000
vt 0.50000000 0.50000000
vt 0.50000000 0.50000000
vt 0.50000000 0.50000000
vt 0.50000000 0.50000000
vt 0.50000000 0.50000000
vt 0.50000000 0.50000000
vt 0.50000000 0.50000000
vt 0.50000000 0.50000000
vt 0.50000000 0.50000000
vt 0.50000000 0.50000000
vt 0.50000000 0.50000000
vt 0.50000000 0.50000000
vt 0.50000000 0.50000000
vt 0.50000000 0.50000000
vt 0.50000000 0.50000000
vt 0.50000000 0.50000000
vt 0.50000000 0.50000000
vt 0.50000000 0.50000000
vt 0.50000000 0.50000000
vt 0.50000000 0.50000000
vt 0.50000000 0.50000000
vt 0.50000000 0.50000000
vt 0.50000000 0.50000000
vt 0.50000000 0.50000000
vt 0.50000000 0.50000000
vt 0.50000000 0.50000000
vt 0.50000000 0.50000000
vt 0.50000000 0.50000000
vt 0.50000000 0.50000000
vt 0.50000000 0.50000000
vt 0.50000000 0.50000000
vt 0.50000000 0.50000000
vt 0.50000000 0.50000000
vt 0.50000000 0.50000000
vt 0.50000000 0.50000000
vt 0.50000000 0.50000000
vt 0.50000000 0.50000000
vt 0.50000000 0.50000000
vt 0.50000000 0.50000000
vt 0.50000000 0.50000000
vt 0.50000000 0.50000000
vt 0.50000000 0.50000000
vt 0.50000000 0.50000000
vt 0.50000000 0.50000000
vt 0.50000000 0.50000000
vt 0.50000000 0.50000000
vt 0.50000000 0.50000000
vt 0.50000000 0.50000000
vt 0.50000000 0.50000000
vt 0.50000000 0.50000000
vt 0.50000000 0.50000000
vt 0.50000000 0.50000000
vt 0.50000000 0.50000000
vt 0.50000000 0.50000000
vt 0.50000000 0.50000000
vt 0.50000000 0.50000000
vt 0.50000000 0.50000000
vt 0.50000000 0.50000000
vt 0.50000000 0.50000000
vt 0.50000000 0.50000000
vt 0.50000000 0.50000000
vt 0.50000000 0.50000000
vt 0.50000000 0.50000000
vt 0.50000000 0.50000000
vt 0.50000000 0.50000000
vt 0.50000000 0.50000000
vt 0.50000000 0.50000000
vt 0.50000000 0.50000000
vt 0.50000000 0.50000000
vt 0.50000000 0.50000000
vt 0.50000000 0.50000000
vt 0.50000000 0.50000000
vt 0.50000000 0.50000000
vt 0.50000000 0.50000000
vt 0.50000000 0.50000000
vt 0.50000000 0.50000000
vt 0.50000000 0.50000000
vt 0.50000000 0.50000000
vt 0.50000000 0.50000000
vt 0.50000000 0.50000000
vt 0.50000000 0.50000000
vt 0.50000000 0.50000000
vt 0.50000000 0.50000000
vt 0.50000000 0.50000000
vt 0.50000000 0.50000000
vt 0.50000000 0.50000000
vt 0.50000000 0.50000000
vt 0.50000000 0.50000000
vt 0.50000000 0.50000000
vt 0.50000000 0.50000000
vt 0.50000000 0.50000000
vt 0.50000000 0.50000000
vt 0.50000000 0.50000000
vt 0.50000000 0.50000000
vt 0.50000000 0.50000000
vt 0.50000000 0.50000000
vt 0.50000000 0.50000000
vt 0.50000000 0.50000000
vt 0.50000000 0.50000000
vt 0.50000000 0.50000000
vt 0.50000000 0.50000000
vt 0.50000000 0.50000000
vt 0.50000000 0.50000000
vt 0.50000000 0.50000000
vt 0.50000000 0.50000000
vt 0.50000000 0.50000000
vt 0.50000000 0.50000000
vt 0.50000000 0.50000000
vt 0.50000000 0.50000000
vt 0.50000000 0.50000000
vt 0.50000000 0.50000000
vt 0.50000000 0.50000000
vt 0.50000000 0.50000000
vt 0.50000000 0.50000000
vt 0.50000000 0.50000000
vt 0.50000000 0.50000000
vt 0.50000000 0.50000000
vt 0.50000000 0.50000000
vt 0.50000000 0.50000000
vt 0.50000000 0.50000000
vt 0.50000000 0.50000000
vt 0.50000000 0.50000000
vt 0.50000000 0.50000000
vt 0.50000000 0.50000000
vt 0.50000000 0.50000000
vt 0.50000000 0.50000000
vt 0.50000000 0.50000000
vt 0.50000000 0.50000000
vt 0.50000000 0.50000000
vt 0.50000000 0.50000000
vt 0.50000000 0.50000000
vt 0.50000000 0.50000000
vt 0.50000000 0.50000000
vt 0.50000000 0.50000000
vt 0.50000000 0.50000000
vt 0.50000000 0.50000000
vt 0.50000000 0.50000000
vt 0.50000000 0.50000000
vt 0.50000000 0.50000000
vt 0.50000000 0.50000000
vt 0.50000000 0.50000000
vt 0.50000000 0.50000000
vt 0.50000000 0.50000000
vt 0.50000000 0.50000000
vt 0.50000000 0.50000000
vt 0.50000000 0.50000000
vt 0.50000000 0.50000000
vt 0.50000000 0.50000000
vt 0.50000000 0.50000000
vt 0.50000000 0.50000000
vt 0.50000000 0.50000000
vt 0.50000000 0.50000000
vt 0.50000000 0.50000000
vt 0.50000000 0.50000000
vt 0.50000000 0.50000000
vt 0.50000000 0.50000000
vt 0.50000000 0.50000000
vt 0.50000000 0.50000000
vt 0.50000000 0.50000000
vt 0.50000000 0.50000000
vt 0.50000000 0.50000000
vt 0.50000000 0.50000000
vt 0.50000000 0.50000000
vt 0.50000000 0.50000000
vt 0.50000000 0.50000000
vt 0.50000000 0.50000000
vt 0.50000000 0.50000000
vt 0.50000000 0.50000000
vt 0.50000000 0.50000000
vt 0.50000000 0.50000000
vt 0.50000000 0.50000000
vt 0.50000000 0.50000000
vt 0.50000000 0.50000000
vt 0.50000000 0.50000000
vt 0.50000000 0.50000000
vt 0.50000000 0.50000000
vt 0.50000000 0.50000000
vt 0.50000000 0.50000000
vt 0.50000000 0.50000000
vt 0.50000000 0.50000000
vt 0.50000000 0.50000000
vt 0.50000000 0.50000000
vt 0.50000000 0.50000000
vt 0.50000000 0.50000000
vt 0.50000000 0.50000000
vt 0.50000000 0.50000000
vt 0.50000000 0.50000000
vt 0.50000000 0.50000000
vt 0.50000000 0.50000000
vt 0.50000000 0.50000000
vt 0.50000000 0.50000000
vt 0.50000000 0.50000000
vt 0.50000000 0.50000000
vt 0.50000000 0.50000000
vt 0.50000000 0.50000000
vt 0.50000000 0.50000000
vt 0.50000000 0.50000000
vt 0.50000000 0.50000000
vt 0.50000000 0.50000000
vt 0.50000000 0.50000000
vt 0.50000000 0.50000000
vt 0.50000000 0.50000000
vt 0.50000000 0.50000000
vt 0.50000000 0.50000000
vt 0.50000000 0.50000000
vt 0.50000000 0.50000000
vt 0.50000000 0.50000000
vt 0.50000000 0.50000000
vt 0.50000000 0.50000000
vt 0.50000000 0.50000000
vt 0.50000000 0.50000000
vt 0.50000000 0.50000000
vt 0.50000000 0.50000000
vt 0.50000000 0.50000000
vt 0.50000000 0.50000000
vt 0.50000000 0.50000000
vt 0.50000000 0.50000000
vt 0.50000000 0.50000000
vt 0.50000000 0.50000000
vt 0.50000000 0.50000000
vt 0.50000000 0.50000000
vt 0.50000000 0.50000000
vt 0.50000000 0.50000000
vt 0.50000000 0.50000000
vt 0.50000000 0.50000000
vt 0.50000000 0.50000000
vt 0.50000000 0.50000000
vt 0.50000000 0.50000000
vt 0.50000000 0.50000000
vt 0.50000000 0.50000000
vt 0.50000000 0.50000000
vt 0.50000000 0.50000000
vt 0.50000000 0.50000000
vt 0.50000000 0.50000000
vt 0.50000000 0.50000000
vt 0.50000000 0.50000000
vt 0.50000000 0.50000000
vt 0.50000000 0.50000000
vt 0.50000000 0.50000000
vt 0.50000000 0.50000000
vt 0.50000000 0.50000000
vt 0.50000000 0.50000000
vt 0.50000000 0.50000000
vt 0.50000000 0.50000000
vt 0.50000000 0.50000000
vt 0.50000000 0.50000000
vt 0.50000000 0.50000000
vt 0.50000000 0.50000000
vt 0.50000000 0.50000000
vt 0.50000000 0.50000000
vt 0.50000000 0.50000000
vt 0.50000000 0.50000000
vt 0.50000000 0.50000000
vt 0.50000000 0.50000000
vt 0.50000000 0.50000000
vt 0.50000000 0.50000000
vt 0.50000000 0.50000000
vt 0.19532514 1.00000000
vt 0.08736657 1.00000000
vt 0.02917768 1.00000000
vt 0.02777684 1.00000000
vt 0.08333293 1.00000000
vt 0.18914509 1.00000000
vt 0.33245081 1.00000000
vt 0.49596524 1.00000000
vt 0.65996629 1.00000000
vt 0.80467296 1.00000000
vt 0.91263163 1.00000000
vt 0.97082084 1.00000000
vt 0.97222221 1.00000000
vt 0.91666669 1.00000000
vt 0.86111110 1.00000000
vt 0.80555558 1.00000000
vt 0.75000000 1.00000000
vt 0.34003210 1.00000000
vt 0.75000000 1.00000000
vt 0.80555558 1.00000000
vt 0.80555558 0.02400732
vt 0.75000000 0.02400732
vt 0.86111110 1.00000000
vt 0.86111110 0.02400732
vt 0.91666669 1.00000000
vt 0.91666669 0.02400732
vt 0.97222221 1.00000000
vt 0.97222221 0.02400732
vt -0.02777779 1.00000000
vt 0.02777782 1.00000000
vt 0.02777782 0.02400732
vt -0.02777779 0.02400732
vt 0.08333334 1.00000000
vt 0.08333334 0.02400732
vt 0.13888890 1.00000000
vt 0.13888890 0.02400732
vt 0.19444445 1.00000000
vt 0.19444445 0.02400732
vt 0.24999997 1.00000000
vt 0.24999997 0.02400732
vt 0.30555555 1.00000000
vt 0.30555555 0.02400732
vt 0.36111107 1.00000000
vt 0.36111107 0.02400732
vt 0.41666663 1.00000000
vt 0.41666663 0.02400732
vt 0.47222215 1.00000000
vt 0.47222215 0.02400732
vt 0.52777773 1.00000000
vt 0.52777773 0.02400732
vt 0.58333325 1.00000000
vt 0.58333325 0.02400732
vt 0.63888878 1.00000000
vt 0.63888878 0.02400732
vt 0.69444436 1.00000000
vt 0.69444436 0.02400732
vt 0.52264988 0.00000000
vt 0.64830494 0.00000000
vt 0.77638543 0.00000012
vt 0.86820543 0.00000000
vt 0.88472772 0.00000000
vt 0.87473363 0.00000000
vt 0.81554955 0.00000000
vt 0.73160267 0.00000000
vt 0.62160116 0.00000000
vt 0.49693266 0.00000000
vt 0.37263411 0.00000000
vt 0.26369777 0.00000000
vt 0.18326303 0.00000000
vt 0.14103130 0.00000000
vt 0.14397646 0.00000000
vt 0.19297703 0.00000000
vt 0.27857015 0.00000000
vt 0.24888849 0.00000000
vt 0.75000000 1.00000000
vt 0.80555558 1.00000000
vt 0.34003210 1.00000000
vt 0.34003210 1.00000000
vt 0.19532514 1.00000000
vt 0.19532514 1.00000000
vt 0.08736657 1.00000000
vt 0.08736657 1.00000000
vt 0.02917768 1.00000000
vt 0.02917768 1.00000000
vt 0.02777684 1.00000000
vt 0.02777684 1.00000000
vt 0.08333293 1.00000000
vt 0.08333293 1.00000000
vt 0.18914509 1.00000000
vt 0.18914509 1.00000000
vt 0.33245081 1.00000000
vt 0.33245081 1.00000000
vt 0.49596524 1.00000000
vt 0.49596524 1.00000000
vt 0.65996629 1.00000000
vt 0.65996629 1.00000000
vt 0.80467296 1.00000000
vt 0.80467296 1.00000000
vt 0.91263163 1.00000000
vt 0.91263163 1.00000000
vt 0.97082084 1.00000000
vt 0.97082084 1.00000000
vt 0.97222221 1.00000000
vt 0.91666669 1.00000000
vt 0.86111110 1.00000000
vt 0.63632494 0.01200366
vt 0.72693026 0.01200366
vt 0.81874824 0.01200372
vt 0.89243603 0.01200366
vt 0.92847496 0.01200366
vt 0.93024725 -0.05758822
vt 0.97576678 -0.11517656
vt 0.97033197 -0.11530209
vt 0.92253280 -0.05765104
vt 0.92629945 -0.10863483
vt 0.97786522 -0.21726954
vt 0.91340196 -0.21746278
vt 0.86447573 -0.10873139
vt 0.86751527 -0.11378872
vt 0.91948104 -0.22757733
vt 0.80607969 -0.22776580
vt 0.76884115 -0.11388290
vt 0.77224308 -0.12790108
vt 0.81288350 -0.25580215
vt 0.66262043 -0.25599813
vt 0.64211082 -0.12799907
vt 0.64528143 -0.13057399
vt 0.66896164 -0.26114786
vt 0.49967927 -0.26133418
vt 0.49830595 -0.13066709
vt 0.50081509 -0.11778450
vt 0.50469756 -0.23556888
vt 0.33679348 -0.23572373
vt 0.35471380 -0.11786187
vt 0.35627642 -0.09119070
vt 0.33991870 -0.18238139
vt 0.19361627 -0.18248713
vt 0.22865702 -0.09124351
vt 0.22913553 -0.05456877
vt 0.19457330 -0.10913742
vt 0.08745013 -0.10918367
vt 0.13535658 -0.05459189
vt 0.13515107 -0.01890242
vt 0.08703911 -0.03780496
vt 0.03148348 -0.03780496
vt 0.08625738 -0.01890242
vt 0.08361909 0.04441535
vt 0.02620688 0.08883077
vt 0.03071158 0.08893675
vt 0.08734402 0.04446834
vt 0.08421148 0.08879960
vt 0.02444651 0.17759919
vt 0.08750919 0.17776215
vt 0.14024311 0.08888108
vt 0.13676074 0.11701274
vt 0.08054445 0.23402548
vt 0.19417334 0.23421890
vt 0.23637174 0.11710942
vt 0.25882155 -0.44247007
vt 0.23907296 -0.88494015
vt 0.69496524 -0.88569641
vt 0.47192687 -0.44284821
vt 0.47166643 0.01200366
vt 0.52264988 0.00000000
vt 0.64830494 0.00000000
vt 0.77638543 0.00000012
vt 0.86820543 0.00000000
vt 0.88472772 0.00000000
vt 0.87473363 0.00000000
vt 0.81554955 0.00000000
vt 0.73160267 0.00000000
vt 0.62160116 0.00000000
vt 0.49693266 0.00000000
vt 0.37263411 0.00000000
vt 0.26369777 0.00000000
vt 0.18326303 0.00000000
vt 0.14103130 0.00000000
vt 0.14397646 0.00000000
vt 0.19297703 0.00000000
vt 0.27857015 0.00000000
vt 0.24888849 0.00000000
vt 0.64830494 0.00000000
vt 0.52264988 0.00000000
vt 0.77638543 0.00000012
vt 0.86820543 0.00000000
vt 0.88472772 0.00000000
vt 0.87473363 0.00000000
vt 0.81554955 0.00000000
vt 0.73160267 0.00000000
vt 0.62160116 0.00000000
vt 0.49693266 0.00000000
vt 0.37263411 0.00000000
vt 0.26369777 0.00000000
vt 0.18326303 0.00000000
vt 0.14103130 0.00000000
vt 0.14397646 0.00000000
vt 0.19297703 0.00000000
vt 0.27857015 0.00000000
vt 0.24888849 0.00000000
vt 1.00000000 0.79555833
vt 1.00000000 0.20444167
vt 0.00000000 0.20444167
vt 0.00000000 0.79555833
vt 0.09744000 0.38462877
vt 0.09743999 0.61537123
vt 0.21584000 0.61537123
vt 0.21583998 0.38462877
vt 0.00000000 0.78682691
vt 1.00000000 0.78682691
vt 1.00000000 0.21317309
vt 0.00000000 0.21317309
vt 0.23512538 0.92276132
vt 0.76487458 0.92275935
vt 0.92592311 0.75483280
vt 0.92592305 0.24516720
vt 0.76487458 0.07724065
vt 0.38461551 0.07718813
vt 0.23512539 0.07724065
vt 0.07407694 0.24515510
vt 0.61535782 0.07726222
vt 0.07407692 0.75484931
vt 0.00000000 0.78682691
vt 1.00000000 0.78682691
vt 1.00000000 0.21317309
vt 0.00000000 0.21317309
vt 0.20444170 1.00000000
vt 0.79555833 1.00000000
vt 1.00000000 0.78682691
vt 1.00000000 0.21317309
vt 0.79555833 0.00000000
vt 0.38462883 0.00000000
vt 0.20444170 0.00000000
vt 0.00000000 0.21317309
vt 0.61537123 0.00000000
vt 0.00000000 0.78682691
vt 1.00000000 0.86315668
vt 0.00000000 0.86315674
vt 1.00000000 0.86315668
vt 0.00000000 0.86315674
vt -0.00000001 0.13684332
vt 1.00000000 0.13684332
vt -0.00000001 0.13684332
vt 1.00000000 0.13684332
vt 1.00000000 0.20444167
vt 0.00000000 0.20444167
vt 0.00000000 0.38462877
vt 1.00000000 0.38462877
vt 0.00000000 0.79555833
vt 1.00000000 0.79555833
vt 1.00000000 0.61537117
vt 0.00000000 0.61537123
vt 1.00000000 0.61537117
vt 1.00000000 0.38462877
vt 1.00000000 0.38462877
vt 1.00000000 0.61537117
vt 0.00000000 0.38462877
vt 1.00000000 0.38462877
vt 0.00000000 0.61537123
vt 1.00000000 0.61537117
vt 0.00000000 0.38462877
vt 0.00000000 0.61537123
vt 0.09743999 0.61537123
vt 0.09744000 0.38462877
vt 0.00000000 0.61537123
vt 0.00000000 0.38462877
vt 0.09743999 0.61537123
vt 0.09744000 0.38462877
vt 0.20444170 1.00000000
vt 0.79555833 1.00000000
vt 0.79555833 1.00000000
vt 0.20444170 1.00000000
vt 1.00000000 0.78682691
vt 1.00000000 0.78682691
vt 1.00000000 0.21317309
vt 1.00000000 0.21317309
vt 0.79555833 0.00000000
vt 0.79555833 0.00000000
vt 1.00000000 0.21317309
vt 1.00000000 0.21317309
vt 0.61537123 0.00000000
vt 0.61537123 0.00000000
vt 1.00000000 0.38462877
vt 1.00000000 0.38462877
vt 1.00000000 0.61537117
vt 1.00000000 0.61537117
vt 0.20444170 0.00000000
vt 0.20444170 0.00000000
vt 0.38462883 0.00000000
vt 0.38462883 0.00000000
vt 0.00000000 0.21317309
vt 0.00000000 0.21317309
vt 0.00000000 0.21317309
vt 0.00000000 0.78682691
vt 0.00000000 0.78682691
vt 0.00000000 0.21317309
vt 0.20444170 1.00000000
vt 0.79555833 1.00000000
vt 0.79555833 1.00000000
vt 0.20444170 1.00000000
vt 1.00000000 0.78682691
vt 1.00000000 0.78682691
vt 1.00000000 0.21317309
vt 1.00000000 0.21317309
vt 1.00000000 0.21317309
vt 1.00000000 0.21317315
vt 1.00000000 0.21317309
vt 1.00000000 0.78682691
vt 1.00000000 0.78682691
vt 1.00000000 0.21317309
vt 0.79555833 1.00000000
vt 0.79555833 1.00000000
vt 0.20444170 1.00000000
vt 0.20444170 1.00000000
vt 0.00000000 0.78682691
vt 0.00000000 0.78682691
vt 0.00000000 0.21317309
vt 0.00000000 0.21317309
vt 0.00000000 0.21317309
vt 0.00000000 0.21317309
vt 0.00000000 0.21317309
vt 0.00000000 0.21317309
vt 0.00000000 0.78682691
vt 0.00000000 0.78682691
vt 0.79555833 0.00000000
vt 1.00000000 0.38462877
vt 1.00000000 0.38462877
vt 1.00000000 0.61537117
vt 1.00000000 0.61537117
vt 0.20444170 0.00000000
vt 0.79555833 0.00000000
vt 1.00000000 0.21317309
vt 1.00000000 0.21317315
vt 0.79555833 0.00000000
vt 0.61537123 0.00000000
vt 0.61537123 0.00000000
vt 1.00000000 0.38462877
vt 1.00000000 0.38462877
vt 1.00000000 0.61537117
vt 1.00000000 0.61537117
vt 0.20444170 0.00000000
vt 0.38462883 0.00000000
vt 0.38462883 0.00000000
vt 0.20444170 0.00000000
vt 0.00000000 0.21317309
vt 0.00000000 0.21317309
vt 0.79555833 0.00000000
vt 1.00000000 0.21317309
vt 1.00000000 0.21317309
vt 0.79555833 0.00000000
vt 1.00000000 0.21317309
vt 0.61537123 0.00000000
vt 0.61537123 0.00000000
vt 0.61537123 0.00000000
vt 0.61537123 0.00000000
vt 0.20444170 0.00000000
vt 0.38462883 0.00000000
vt 0.38462883 0.00000000
vt 0.20444170 0.00000000
vt 0.38462883 0.00000000
vt 0.38462883 0.00000000
vt 0.38462883 0.00000000
vt 0.38462883 0.00000000
vt 0.00000000 0.21317309
vt 0.00000000 0.21317309
vt 0.61537123 0.00000000
vt 0.79555833 0.00000000
vt 0.20444170 0.00000000
vt 0.38462883 0.00000000
vt 1.00000000 0.61537117
vt 1.00000000 0.38462877
vt 1.00000000 0.38462877
vt 1.00000000 0.38462877
vt 1.00000000 0.61537117
vt 1.00000000 0.61537117
vt 1.00000000 0.38462877
vt 1.00000000 0.61537117
vt 0.79555833 1.00000000
vt 0.20444170 1.00000000
vt 0.00000000 0.78682691
vt 1.00000000 0.78682691
vt 0.79555833 0.00000000
vt 0.79555833 0.00000000
vt 0.79555833 0.00000000
vt 0.61537123 0.00000000
vt 0.61537123 0.00000000
vt 0.79555833 0.00000000
vt 0.61537123 0.00000000
vt 0.61537123 0.00000000
vt 0.20444170 0.00000000
vt 0.38462883 0.00000000
vt 0.20444170 0.00000000
vt 0.20444170 0.00000000
vt 0.38462883 0.00000000
vt 0.20444170 0.00000000
vt 0.00000000 0.21317309
vt 0.38462883 0.00000000
vt 0.61537123 0.00000000
vt 0.20444170 0.00000000
vt 0.00000000 0.78682691
vt 0.20444170 1.00000000
vt 0.79555833 1.00000000
vt 1.00000000 0.78682691
vt 1.00000000 0.21317309
vt 0.79555833 0.00000000
vt 0.38462883 0.00000000
vt 0.61537123 0.00000000
vt 0.20444170 0.00000000
vt 0.00000000 0.21317309
vt 0.00000000 0.78682691
vt 0.20444170 1.00000000
vt 0.79555833 1.00000000
vt 1.00000000 0.78682691
vt 1.00000000 0.21317309
vt 0.79555833 0.00000000
vt 0.79555833 0.00000000
vt 0.61537123 0.00000000
vt 1.00000000 0.38462877
vt 1.00000000 0.61537117
vt 0.38462883 0.00000000
vt 0.20444170 0.00000000
vt 1.00000000 0.61537117
vt 1.00000000 0.38462877
vt 1.00000000 0.38462877
vt 1.00000000 0.61537117
vt 1.00000000 0.38462877
vt 1.00000000 0.61537117
vt 0.61537123 0.00000000
vt 0.79555833 0.00000000
vt 0.79555833 0.00000000
vt 0.61537123 0.00000000
vt 0.79555833 0.00000000
vt 0.61537123 0.00000000
vt 0.38462883 0.00000000
vt 0.20444170 0.00000000
vt 0.20444170 0.00000000
vt 0.38462883 0.00000000
vt 0.38462883 0.00000000
vt 0.20444170 0.00000000
vt 0.79555833 0.00000000
vt 0.61537123 0.00000000
vt 0.61537123 0.00000000
vt 0.79555833 0.00000000
vt 0.38462883 0.00000000
vt 0.20444170 0.00000000
vt 0.20444170 0.00000000
vt 0.38462883 0.00000000
vt 0.20444170 1.00000000
vt 0.79555833 1.00000000
vt 0.79555833 1.00000000
vt 0.20444170 1.00000000
vt 1.00000000 0.78682691
vt 1.00000000 0.78682691
vt 1.00000000 0.21317309
vt 1.00000000 0.21317309
vt 0.79555833 0.00000000
vt 0.79555833 0.00000000
vt 0.61537123 0.00000000
vt 0.61537123 0.00000000
vt 0.38462883 0.00000000
vt 0.38462883 0.00000000
vt 0.20444170 0.00000000
vt 0.20444170 0.00000000
vt 0.00000000 0.21317309
vt 0.00000000 0.21317309
vt 0.00000000 0.78682691
vt 0.00000000 0.78682691
f 1/1 2/2 3/3
f 3/3 4/4 5/5
f 5/5 6/6 7/7
f 3/3 5/5 7/7
f 7/7 8/8 9/9
f 9/9 10/10 11/11
f 7/7 9/9 11/11
f 11/11 12/12 13/13
f 13/13 14/14 15/15
f 11/11 13/13 15/15
f 7/7 11/11 15/15
f 3/3 7/7 15/15
f 15/15 16/16 17/17
f 3/3 15/15 17/17
f 1/1 3/3 17/17
f 18/18 1/1 17/17
f 19/19 20/20 21/21
f 21/21 22/22 19/19
f 20/20 23/23 24/24
f 24/24 21/21 20/20
f 23/23 25/25 26/26
f 26/26 24/24 23/23
f 25/25 27/27 28/28
f 28/28 26/26 25/25
f 29/29 30/30 31/31
f 31/31 32/32 29/29
f 30/30 33/33 34/34
f 34/34 31/31 30/30
f 33/33 35/35 36/36
f 36/36 34/34 33/33
f 35/35 37/37 38/38
f 38/38 36/36 35/35
f 37/37 39/39 40/40
f 40/40 38/38 37/37
f 39/39 41/41 42/42
f 42/42 40/40 39/39
f 41/41 43/43 44/44
f 44/44 42/42 41/41
f 43/43 45/45 46/46
f 46/46 44/44 43/43
f 45/45 47/47 48/48
f 48/48 46/46 45/45
f 47/47 49/49 50/50
f 50/50 48/48 47/47
f 49/49 51/51 52/52
f 52/52 50/50 49/49
f 51/51 53/53 54/54
f 54/54 52/52 51/51
f 53/53 55/55 56/56
f 56/56 54/54 53/53
f 55/55 19/19 22/22
f 22/22 56/56 55/55
f 22/22 21/21 57/57
f 57/57 58/58 22/22
f 21/21 24/24 59/59
f 59/59 57/57 21/21
f 24/24 26/26 60/60
f 60/60 59/59 24/24
f 26/26 28/28 61/61
f 61/61 60/60 26/26
f 32/32 31/31 62/62
f 62/62 63/63 32/32
f 31/31 34/34 64/64
f 64/64 62/62 31/31
f 34/34 36/36 65/65
f 65/65 64/64 34/34
f 36/36 38/38 66/66
f 66/66 65/65 36/36
f 38/38 40/40 67/67
f 67/67 66/66 38/38
f 40/40 42/42 68/68
f 68/68 67/67 40/40
f 42/42 44/44 69/69
f 69/69 68/68 42/42
f 44/44 46/46 70/70
f 70/70 69/69 44/44
f 46/46 48/48 71/71
f 71/71 70/70 46/46
f 48/48 50/50 72/72
f 72/72 71/71 48/48
f 50/50 52/52 73/73
f 73/73 72/72 50/50
f 52/52 54/54 74/74
f 74/74 73/73 52/52
f 54/54 56/56 75/75
f 75/75 74/74 54/54
f 56/56 22/22 58/58
f 58/58 75/75 56/56
f 58/58 57/57 76/76
f 76/76 77/77 58/58
f 57/57 59/59 78/78
f 78/78 76/76 57/57
f 59/59 60/60 79/79
f 79/79 78/78 59/59
f 60/60 61/61 80/80
f 80/80 79/79 60/60
f 63/63 62/62 81/81
f 81/81 82/82 63/63
f 62/62 64/64 83/83
f 83/83 81/81 62/62
f 64/64 65/65 84/84
f 84/84 83/83 64/64
f 65/65 66/66 85/85
f 85/85 84/84 65/65
f 66/66 67/67 86/86
f 86/86 85/85 66/66
f 67/67 68/68 87/87
f 87/87 86/86 67/67
f 68/68 69/69 88/88
f 88/88 87/87 68/68
f 69/69 70/70 89/89
f 89/89 88/88 69/69
f 70/70 71/71 90/90
f 90/90 89/89 70/70
f 71/71 72/72 91/91
f 91/91 90/90 71/71
f 72/72 73/73 92/92
f 92/92 91/91 72/72
f 73/73 74/74 93/93
f 93/93 92/92 73/73
f 74/74 75/75 94/94
f 94/94 93/93 74/74
f 75/75 58/58 77/77
f 77/77 94/94 75/75
f 77/77 76/76 95/95
f 95/95 96/96 77/77
f 76/76 78/78 97/97
f 97/97 95/95 76/76
f 78/78 79/79 98/98
f 98/98 97/97 78/78
f 79/79 80/80 99/99
f 99/99 98/98 79/79
f 82/82 81/81 100/100
f 100/100 101/101 82/82
f 81/81 83/83 102/102
f 102/102 100/100 81/81
f 83/83 84/84 103/103
f 103/103 102/102 83/83
f 84/84 85/85 104/104
f 104/104 103/103 84/84
f 85/85 86/86 105/105
f 105/105 104/104 85/85
f 86/86 87/87 106/106
f 106/106 105/105 86/86
f 87/87 88/88 107/107
f 107/107 106/106 87/87
f 88/88 89/89 108/108
f 108/108 107/107 88/88
f 89/89 90/90 109/109
f 109/109 108/108 89/89
f 90/90 91/91 110/110
f 110/110 109/109 90/90
f 91/91 92/92 111/111
f 111/111 110/110 91/91
f 92/92 93/93 112/112
f 112/112 111/111 92/92
f 93/93 94/94 113/113
f 113/113 112/112 93/93
f 94/94 77/77 96/96
f 96/96 113/113 94/94
f 96/96 95/95 114/114
f 114/114 115/115 96/96
f 95/95 97/97 116/116
f 116/116 114/114 95/95
f 97/97 98/98 117/117
f 117/117 116/116 97/97
f 98/98 99/99 118/118
f 118/118 117/117 98/98
f 101/101 100/100 119/119
f 119/119 120/120 101/101
f 100/100 102/102 121/121
f 121/121 119/119 100/100
f 102/102 103/103 122/122
f 122/122 121/121 102/102
f 103/103 104/104 123/123
f 123/123 122/122 103/103
f 104/104 105/105 124/124
f 124/124 123/123 104/104
f 105/105 106/106 125/125
f 125/125 124/124 105/105
f 106/106 107/107 126/126
f 126/126 125/125 106/106
f 107/107 108/108 127/127
f 127/127 126/126 107/107
f 108/108 109/109 128/128
f 128/128 127/127 108/108
f 109/109 110/110 129/129
f 129/129 128/128 109/109
f 110/110 111/111 130/130
f 130/130 129/129 110/110
f 111/111 112/112 131/131
f 131/131 130/130 111/111
f 112/112 113/113 132/132
f 132/132 131/131 112/112
f 113/113 96/96 115/115
f 115/115 132/132 113/113
f 133/133 134/134 135/135
f 135/135 136/136 137/137
f 137/137 138/138 139/139
f 135/135 137/137 139/139
f 139/139 140/140 141/141
f 141/141 142/142 143/143
f 139/139 141/141 143/143
f 143/143 144/144 145/145
f 145/145 146/146 147/147
f 143/143 145/145 147/147
f 139/139 143/143 147/147
f 135/135 139/139 147/147
f 147/147 148/148 149/149
f 135/135 147/147 149/149
f 133/133 135/135 149/149
f 150/150 133/133 149/149
f 20/20 19/19 17/17
f 17/17 16/16 20/20
f 19/19 151/151 18/18
f 18/18 17/17 19/19
f 151/151 152/152 1/1
f 1/1 18/18 151/151
f 152/152 153/153 2/2
f 2/2 1/1 152/152
f 153/153 154/154 3/3
f 3/3 2/2 153/153
f 154/154 155/155 4/4
f 4/4 3/3 154/154
f 155/155 156/156 5/5
f 5/5 4/4 155/155
f 156/156 157/157 6/6
f 6/6 5/5 156/156
f 157/157 158/158 7/7
f 7/7 6/6 157/157
f 158/158 159/159 8/8
f 8/8 7/7 158/158
f 159/159 160/160 9/9
f 9/9 8/8 159/159
f 160/160 161/161 10/10
f 10/10 9/9 160/160
f 161/161 162/162 11/11
f 11/11 10/10 161/161
f 162/162 163/163 12/12
f 12/12 11/11 162/162
f 163/163 27/27 13/13
f 13/13 12/12 163/163
f 27/27 25/25 14/14
f 14/14 13/13 27/27
f 25/25 23/23 15/15
f 15/15 14/14 25/25
f 23/23 20/20 16/16
f 16/16 15/15 23/23
f 115/115 114/114 164/164
f 164/164 165/165 115/115
f 114/114 116/116 166/166
f 166/166 164/164 114/114
f 116/116 117/117 167/167
f 167/167 166/166 116/116
f 117/117 118/118 168/168
f 168/168 167/167 117/117
f 118/118 169/169 170/170
f 170/170 168/168 118/118
f 169/169 171/171 172/172
f 172/172 170/170 169/169
f 171/171 173/173 174/174
f 174/174 172/172 171/171
f 173/173 175/175 176/176
f 176/176 174/174 173/173
f 175/175 177/177 178/178
f 178/178 176/176 175/175
f 177/177 179/179 180/180
f 180/180 178/178 177/177
f 179/179 181/181 182/182
f 182/182 180/180 179/179
f 181/181 183/183 184/184
f 184/184 182/182 181/181
f 183/183 185/185 186/186
f 186/186 184/184 183/183
f 185/185 187/187 188/188
f 188/188 186/186 185/185
f 187/187 189/189 190/190
f 190/190 188/188 187/187
f 189/189 191/191 192/192
f 192/192 190/190 189/189
f 191/191 132/132 193/193
f 193/193 192/192 191/191
f 132/132 115/115 165/165
f 165/165 193/193 132/132
f 165/165 164/164 134/134
f 134/134 133/133 165/165
f 164/164 166/166 135/135
f 135/135 134/134 164/164
f 166/166 167/167 136/136
f 136/136 135/135 166/166
f 167/167 168/168 137/137
f 137/137 136/136 167/167
f 168/168 170/170 138/138
f 138/138 137/137 168/168
f 170/170 172/172 139/139
f 139/139 138/138 170/170
f 172/172 174/174 140/140
f 140/140 139/139 172/172
f 174/174 176/176 141/141
f 141/141 140/140 174/174
f 176/176 178/178 142/142
f 142/142 141/141 176/176
f 178/178 180/180 143/143
f 143/143 142/142 178/178
f 180/180 182/182 144/144
f 144/144 143/143 180/180
f 182/182 184/184 145/145
f 145/145 144/144 182/182
f 184/184 186/186 146/146
f 146/146 145/145 184/184
f 186/186 188/188 147/147
f 147/147 146/146 186/186
f 188/188 190/190 148/148
f 148/148 147/147 188/188
f 190/190 192/192 149/149
f 149/149 148/148 190/190
f 192/192 193/193 150/150
f 150/150 149/149 192/192
f 193/193 165/165 133/133
f 133/133 150/150 193/193
f 194/194 195/195 196/196
f 196/196 197/197 194/194
f 198/198 199/199 200/200
f 200/200 201/201 198/198
f 202/202 203/203 204/204
f 204/204 205/205 202/202
f 206/206 207/207 208/208
f 208/208 209/209 210/210
f 206/206 208/208 210/210
f 210/210 211/211 212/212
f 206/206 210/210 212/212
f 213/213 206/206 212/212
f 214/214 215/215 216/216
f 216/216 217/217 214/214
f 218/218 219/219 220/220
f 220/220 221/221 222/222
f 218/218 220/220 222/222
f 222/222 223/223 224/224
f 218/218 222/222 224/224
f 225/225 218/218 224/224
f 226/226 205/205 204/204
f 204/204 227/227 226/226
f 228/228 217/217 216/216
f 216/216 229/229 228/228
f 230/230 215/215 214/214
f 214/214 231/231 230/230
f 232/232 203/203 202/202
f 202/202 233/233 232/232
f 236/236 235/235 234/234
f 239/239 238/238 237/237
f 237/237 240/240 239/239
f 242/242 241/241 238/238
f 238/238 239/239 242/242
f 244/244 243/243 241/241
f 241/241 242/242 244/244
f 246/246 245/245 243/243
f 243/243 244/244 246/246
f 235/235 247/247 245/245
f 245/245 246/246 235/235
f 250/250 249/249 248/248
f 251/251 250/250 248/248
f 252/252 251/251 248/248
f 253/253 252/252 248/248
f 253/253 248/248 247/247
f 235/235 253/253 247/247
f 255/255 254/254 248/248
f 248/248 249/249 255/255
f 257/257 256/256 254/254
f 254/254 255/255 257/257
f 259/259 258/258 256/256
f 256/256 257/257 259/259
f 261/261 260/260 258/258
f 258/258 259/259 261/261
f 263/263 262/262 260/260
f 260/260 261/261 263/263
f 265/265 264/264 262/262
f 262/262 263/263 265/265
f 267/267 266/266 264/264
f 264/264 265/265 267/267
f 269/269 268/268 266/266
f 266/266 267/267 269/269
f 271/271 270/270 268/268
f 268/268 269/269 271/271
f 273/273 272/272 270/270
f 270/270 271/271 273/273
f 275/275 274/274 272/272
f 272/272 273/273 275/275
f 277/277 276/276 274/274
f 274/274 275/275 277/277
f 279/279 278/278 276/276
f 276/276 277/277 279/279
f 281/281 280/280 278/278
f 278/278 279/279 281/281
f 283/283 282/282 280/280
f 280/280 281/281 283/283
f 286/286 285/285 284/284
f 284/284 287/287 286/286
f 290/290 289/289 288/288
f 288/288 291/291 290/290
f 293/293 292/292 289/289
f 289/289 290/290 293/293
f 295/295 294/294 292/292
f 292/292 293/293 295/295
f 297/297 296/296 294/294
f 294/294 295/295 297/297
f 299/299 298/298 296/296
f 296/296 297/297 299/299
f 301/301 300/300 298/298
f 298/298 299/299 301/301
f 303/303 302/302 300/300
f 300/300 301/301 303/303
f 305/305 304/304 302/302
f 302/302 303/303 305/305
f 307/307 306/306 304/304
f 309/309 308/308 307/307
f 310/310 309/309 307/307
f 311/311 310/310 307/307
f 305/305 311/311 307/307
f 305/305 307/307 304/304
f 313/313 312/312 306/306
f 306/306 307/307 313/313
f 315/315 314/314 312/312
f 312/312 313/313 315/315
f 240/240 237/237 314/314
f 314/314 315/315 240/240
f 318/318 317/317 316/316
f 316/316 234/234 318/318
f 320/320 319/319 317/317
f 317/317 318/318 320/320
f 322/322 321/321 319/319
f 319/319 320/320 322/322
f 324/324 323/323 321/321
f 321/321 322/322 324/324
f 326/326 325/325 323/323
f 323/323 324/324 326/326
f 329/329 328/328 327/327
f 327/327 330/330 329/329
f 333/333 332/332 331/331
f 331/331 334/334 333/333
f 336/336 335/335 332/332
f 332/332 333/333 336/336
f 338/338 337/337 335/335
f 335/335 336/336 338/338
f 340/340 339/339 337/337
f 337/337 338/338 340/340
f 342/342 341/341 339/339
f 339/339 340/340 342/342
f 344/344 343/343 341/341
f 341/341 342/342 344/344
f 346/346 345/345 343/343
f 343/343 344/344 346/346
f 348/348 347/347 345/345
f 345/345 346/346 348/348
f 350/350 349/349 347/347
f 347/347 348/348 350/350
f 352/352 351/351 349/349
f 349/349 350/350 352/352
f 354/354 353/353 351/351
f 351/351 352/352 354/354
f 356/356 355/355 353/353
f 353/353 354/354 356/356
f 358/358 357/357 355/355
f 355/355 356/356 358/358
f 360/360 359/359 357/357
f 357/357 358/358 360/360
f 362/362 361/361 359/359
f 359/359 360/360 362/362
f 364/364 363/363 361/361
f 361/361 362/362 364/364
f 366/366 365/365 363/363
f 363/363 364/364 366/366
f 368/368 367/367 365/365
f 365/365 366/366 368/368
f 370/370 369/369 367/367
f 367/367 368/368 370/370
f 372/372 371/371 369/369
f 369/369 370/370 372/372
f 374/374 373/373 371/371
f 371/371 372/372 374/374
f 376/376 375/375 373/373
f 373/373 374/374 376/376
f 378/378 377/377 375/375
f 375/375 376/376 378/378
f 380/380 379/379 377/377
f 377/377 378/378 380/380
f 382/382 381/381 379/379
f 379/379 380/380 382/382
f 384/384 383/383 381/381
f 381/381 382/382 384/384
f 386/386 385/385 383/383
f 383/383 384/384 386/386
f 236/236 387/387 385/385
f 385/385 386/386 236/236
f 234/234 316/316 387/387
f 387/387 236/236 234/234
f 390/390 389/389 388/388
f 391/391 390/390 388/388
f 391/391 388/388 392/392
f 395/395 394/394 393/393
f 396/396 395/395 393/393
f 396/396 393/393 397/397
f 396/396 397/397 390/390
f 390/390 391/391 396/396
f 284/284 392/392 395/395
f 398/398 287/287 284/284
f 398/398 284/284 395/395
f 285/285 391/391 392/392
f 392/392 284/284 285/285
f 399/399 396/396 391/391
f 286/286 399/399 391/391
f 285/285 286/286 391/391
f 399/399 398/398 395/395
f 395/395 396/396 399/399
f 402/402 401/401 400/400
f 400/400 403/403 402/402
f 400/400 286/286 287/287
f 404/404 399/399 286/286
f 286/286 405/405 404/404
f 404/404 402/402 403/403
f 403/403 399/399 404/404
f 400/400 287/287 398/398
f 398/398 403/403 400/400
f 401/401 402/402 406/406
f 406/406 407/407 401/401
f 407/407 406/406 408/408
f 408/408 409/409 407/407
f 409/409 408/408 404/404
f 404/404 405/405 409/409
f 388/388 389/389 410/410
f 410/410 411/411 388/388
f 411/411 410/410 412/412
f 412/412 413/413 411/411
f 413/413 412/412 291/291
f 291/291 288/288 413/413
f 282/282 283/283 414/414
f 414/414 415/415 282/282
f 415/415 414/414 416/416
f 416/416 417/417 415/415
f 417/417 416/416 418/418
f 418/418 419/419 417/417
f 419/419 418/418 393/393
f 393/393 394/394 419/419
f 253/253 421/421 420/420
f 420/420 252/252 253/253
f 421/421 423/423 422/422
f 422/422 420/420 421/421
f 423/423 425/425 424/424
f 424/424 422/422 423/423
f 425/425 427/427 426/426
f 426/426 424/424 425/425
f 427/427 429/429 428/428
f 428/428 426/426 427/427
f 429/429 431/431 430/430
f 430/430 428/428 429/429
f 431/431 433/433 432/432
f 432/432 430/430 431/431
f 433/433 435/435 434/434
f 434/434 432/432 433/433
f 435/435 437/437 436/436
f 436/436 434/434 435/435
f 437/437 439/439 438/438
f 438/438 436/436 437/437
f 439/439 441/441 440/440
f 440/440 438/438 439/439
f 441/441 443/443 442/442
f 442/442 440/440 441/441
f 443/443 445/445 444/444
f 444/444 442/442 443/443
f 445/445 447/447 446/446
f 446/446 444/444 445/445
f 447/447 449/449 448/448
f 448/448 446/446 447/447
f 452/452 451/451 450/450
f 450/450 453/453 452/452
f 456/456 455/455 454/454
f 454/454 457/457 456/456
f 455/455 459/459 458/458
f 458/458 454/454 455/455
f 459/459 461/461 460/460
f 460/460 458/458 459/459
f 461/461 463/463 462/462
f 462/462 460/460 461/461
f 463/463 465/465 464/464
f 464/464 462/462 463/463
f 465/465 467/467 466/466
f 466/466 464/464 465/465
f 467/467 469/469 468/468
f 468/468 466/466 467/467
f 469/469 308/308 309/309
f 309/309 468/468 469/469
f 451/451 471/471 470/470
f 470/470 450/450 451/451
f 471/471 473/473 472/472
f 472/472 470/470 471/471
f 291/291 412/412 474/474
f 474/474 475/475 291/291
f 410/410 389/389 476/476
f 476/476 477/477 410/410
f 412/412 410/410 477/477
f 477/477 474/474 412/412
f 393/393 418/418 478/478
f 478/478 479/479 393/393
f 414/414 283/283 480/480
f 480/480 481/481 414/414
f 416/416 414/414 481/481
f 481/481 482/482 416/416
f 418/418 416/416 482/482
f 482/482 478/478 418/418
f 252/252 420/420 483/483
f 483/483 251/251 252/252
f 251/251 483/483 484/484
f 484/484 250/250 251/251
f 250/250 484/484 255/255
f 255/255 249/249 250/250
f 420/420 422/422 485/485
f 485/485 483/483 420/420
f 483/483 485/485 486/486
f 486/486 484/484 483/483
f 484/484 486/486 257/257
f 257/257 255/255 484/484
f 422/422 424/424 487/487
f 487/487 485/485 422/422
f 485/485 487/487 488/488
f 488/488 486/486 485/485
f 486/486 488/488 259/259
f 259/259 257/257 486/486
f 424/424 426/426 489/489
f 489/489 487/487 424/424
f 487/487 489/489 490/490
f 490/490 488/488 487/487
f 488/488 490/490 261/261
f 261/261 259/259 488/488
f 426/426 428/428 491/491
f 491/491 489/489 426/426
f 489/489 491/491 492/492
f 492/492 490/490 489/489
f 490/490 492/492 263/263
f 263/263 261/261 490/490
f 428/428 430/430 493/493
f 493/493 491/491 428/428
f 491/491 493/493 494/494
f 494/494 492/492 491/491
f 492/492 494/494 265/265
f 265/265 263/263 492/492
f 430/430 432/432 495/495
f 495/495 493/493 430/430
f 493/493 495/495 496/496
f 496/496 494/494 493/493
f 494/494 496/496 267/267
f 267/267 265/265 494/494
f 432/432 434/434 497/497
f 497/497 495/495 432/432
f 495/495 497/497 498/498
f 498/498 496/496 495/495
f 496/496 498/498 269/269
f 269/269 267/267 496/496
f 434/434 436/436 499/499
f 499/499 497/497 434/434
f 497/497 499/499 500/500
f 500/500 498/498 497/497
f 498/498 500/500 271/271
f 271/271 269/269 498/498
f 436/436 438/438 501/501
f 501/501 499/499 436/436
f 499/499 501/501 502/502
f 502/502 500/500 499/499
f 500/500 502/502 273/273
f 273/273 271/271 500/500
f 438/438 440/440 503/503
f 503/503 501/501 438/438
f 501/501 503/503 504/504
f 504/504 502/502 501/501
f 502/502 504/504 275/275
f 275/275 273/273 502/502
f 440/440 442/442 505/505
f 505/505 503/503 440/440
f 503/503 505/505 506/506
f 506/506 504/504 503/503
f 504/504 506/506 277/277
f 277/277 275/275 504/504
f 442/442 444/444 507/507
f 507/507 505/505 442/442
f 505/505 507/507 508/508
f 508/508 506/506 505/505
f 506/506 508/508 279/279
f 279/279 277/277 506/506
f 444/444 446/446 509/509
f 509/509 507/507 444/444
f 507/507 509/509 510/510
f 510/510 508/508 507/507
f 508/508 510/510 281/281
f 281/281 279/279 508/508
f 446/446 448/448 511/511
f 511/511 509/509 446/446
f 509/509 511/511 480/480
f 480/480 510/510 509/509
f 510/510 480/480 283/283
f 283/283 281/281 510/510
f 453/453 450/450 512/512
f 512/512 513/513 453/453
f 513/513 512/512 514/514
f 514/514 479/479 513/513
f 479/479 514/514 397/397
f 397/397 393/393 479/479
f 457/457 454/454 515/515
f 515/515 516/516 457/457
f 516/516 515/515 517/517
f 517/517 475/475 516/516
f 475/475 517/517 290/290
f 290/290 291/291 475/475
f 454/454 458/458 518/518
f 518/518 515/515 454/454
f 515/515 518/518 519/519
f 519/519 517/517 515/515
f 517/517 519/519 293/293
f 293/293 290/290 517/517
f 458/458 460/460 520/520
f 520/520 518/518 458/458
f 518/518 520/520 521/521
f 521/521 519/519 518/518
f 519/519 521/521 295/295
f 295/295 293/293 519/519
f 460/460 462/462 522/522
f 522/522 520/520 460/460
f 520/520 522/522 523/523
f 523/523 521/521 520/520
f 521/521 523/523 297/297
f 297/297 295/295 521/521
f 462/462 464/464 524/524
f 524/524 522/522 462/462
f 522/522 524/524 525/525
f 525/525 523/523 522/522
f 523/523 525/525 299/299
f 299/299 297/297 523/523
f 464/464 466/466 526/526
f 526/526 524/524 464/464
f 524/524 526/526 527/527
f 527/527 525/525 524/524
f 525/525 527/527 301/301
f 301/301 299/299 525/525
f 466/466 468/468 528/528
f 528/528 526/526 466/466
f 526/526 528/528 529/529
f 529/529 527/527 526/526
f 527/527 529/529 303/303
f 303/303 301/301 527/527
f 468/468 309/309 310/310
f 310/310 528/528 468/468
f 528/528 310/310 311/311
f 311/311 529/529 528/528
f 529/529 311/311 305/305
f 305/305 303/303 529/529
f 450/450 470/470 530/530
f 530/530 512/512 450/450
f 512/512 530/530 531/531
f 531/531 514/514 512/512
f 514/514 531/531 390/390
f 390/390 397/397 514/514
f 470/470 472/472 532/532
f 532/532 530/530 470/470
f 530/530 532/532 476/476
f 476/476 531/531 530/530
f 531/531 476/476 389/389
f 389/389 390/390 531/531
f 475/475 474/474 533/533
f 533/533 516/516 475/475
f 516/516 533/533 534/534
f 534/534 457/457 516/516
f 457/457 534/534 535/535
f 535/535 456/456 457/457
f 477/477 476/476 532/532
f 532/532 536/536 477/477
f 536/536 532/532 472/472
f 472/472 537/537 536/536
f 537/537 472/472 473/473
f 473/473 538/538 537/537
f 474/474 477/477 536/536
f 536/536 533/533 474/474
f 533/533 536/536 537/537
f 537/537 534/534 533/533
f 534/534 537/537 538/538
f 538/538 535/535 534/534
f 479/479 478/478 539/539
f 539/539 513/513 479/479
f 513/513 539/539 540/540
f 540/540 453/453 513/513
f 453/453 540/540 541/541
f 541/541 452/452 453/453
f 481/481 480/480 511/511
f 511/511 542/542 481/481
f 542/542 511/511 448/448
f 448/448 543/543 542/542
f 543/543 448/448 449/449
f 449/449 544/544 543/543
f 482/482 481/481 542/542
f 542/542 545/545 482/482
f 545/545 542/542 543/543
f 543/543 546/546 545/545
f 546/546 543/543 544/544
f 544/544 547/547 546/546
f 478/478 482/482 545/545
f 545/545 539/539 478/478
f 539/539 545/545 546/546
f 546/546 540/540 539/539
f 540/540 546/546 547/547
f 547/547 541/541 540/540
f 541/541 547/547 544/544
f 452/452 541/541 544/544
f 544/544 449/449 452/452
f 452/452 449/449 447/447
f 447/447 451/451 452/452
f 535/535 473/473 471/471
f 471/471 456/456 535/535
f 535/535 538/538 473/473
f 459/459 455/455 445/445
f 550/550 549/549 548/548
f 548/548 551/551 550/550
f 456/456 471/471 451/451
f 451/451 447/447 456/456
f 461/461 459/459 445/445
f 463/463 461/461 445/445
f 465/465 463/463 445/445
f 467/467 465/465 445/445
f 307/307 308/308 469/469
f 307/307 469/469 467/467
f 350/350 445/445 443/443
f 352/352 350/350 443/443
f 352/352 443/443 441/441
f 441/441 354/354 352/352
f 356/356 354/354 441/441
f 356/356 441/441 439/439
f 439/439 358/358 356/356
f 358/358 439/439 437/437
f 360/360 358/358 437/437
f 360/360 437/437 435/435
f 362/362 360/360 435/435
f 362/362 435/435 433/433
f 364/364 362/362 433/433
f 364/364 433/433 431/431
f 366/366 364/364 431/431
f 368/368 366/366 431/431
f 368/368 431/431 429/429
f 370/370 368/368 429/429
f 429/429 427/427 370/370
f 372/372 370/370 427/427
f 374/374 372/372 427/427
f 374/374 427/427 425/425
f 376/376 374/374 425/425
f 425/425 423/423 376/376
f 378/378 376/376 423/423
f 423/423 421/421 378/378
f 421/421 382/382 380/380
f 380/380 378/378 421/421
f 384/384 382/382 421/421
f 421/421 253/253 384/384
f 386/386 384/384 253/253
f 386/386 253/253 235/235
f 235/235 236/236 386/386
f 235/235 318/318 234/234
f 235/235 240/240 315/315
f 315/315 313/313 235/235
f 244/244 242/242 239/239
f 246/246 244/244 239/239
f 235/235 246/246 239/239
f 235/235 239/239 240/240
f 235/235 320/320 318/318
f 235/235 322/322 320/320
f 235/235 324/324 322/322
f 235/235 326/326 324/324
f 326/326 235/235 313/313
f 313/313 307/307 326/326
f 334/334 326/326 307/307
f 333/333 334/334 307/307
f 336/336 333/333 307/307
f 336/336 307/307 467/467
f 467/467 338/338 336/336
f 340/340 338/338 467/467
f 342/342 340/340 467/467
f 342/342 467/467 445/445
f 445/445 344/344 342/342
f 346/346 344/344 445/445
f 348/348 346/346 445/445
f 350/350 348/348 445/445
f 403/403 398/398 399/399
f 404/404 408/408 406/406
f 406/406 402/402 404/404
f 401/401 407/407 409/409
f 409/409 405/405 401/401
f 400/400 401/401 405/405
f 405/405 286/286 400/400
f 548/548 447/447 445/445
f 445/445 551/551 548/548
f 549/549 456/456 447/447
f 447/447 548/548 549/549
f 550/550 455/455 456/456
f 456/456 549/549 550/550
f 551/551 445/445 455/455
f 455/455 550/550 551/551
f 552/552 331/331 325/325
f 325/325 553/553 552/552
f 554/554 334/334 331/331
f 331/331 552/552 554/554
f 555/555 326/326 334/334
f 334/334 554/554 555/555
f 553/553 325/325 326/326
f 326/326 555/555 553/553
f 556/556 327/327 328/328
f 556/556 328/328 552/552
f 557/557 556/556 552/552
f 558/558 557/557 552/552
f 559/559 558/558 552/552
f 559/559 552/552 553/553
f 329/329 554/554 552/552
f 552/552 328/328 329/329
f 560/560 555/555 554/554
f 561/561 560/560 554/554
f 562/562 561/561 554/554
f 329/329 330/330 563/563
f 329/329 563/563 562/562
f 329/329 562/562 554/554
f 561/561 562/562 557/557
f 557/557 558/558 561/561
f 563/563 330/330 327/327
f 327/327 556/556 563/563
f 562/562 563/563 556/556
f 556/556 557/557 562/562
f 559/559 553/553 555/555
f 555/555 560/560 559/559
f 558/558 559/559 560/560
f 560/560 561/561 558/558
f 564/564 565/565 566/566
f 567/567 568/568 569/569
f 569/569 570/570 567/567
f 568/568 571/571 572/572
f 572/572 569/569 568/568
f 571/571 573/573 574/574
f 574/574 572/572 571/571
f 573/573 575/575 576/576
f 576/576 574/574 573/573
f 575/575 577/577 565/565
f 565/565 576/576 575/575
f 578/578 579/579 580/580
f 578/578 580/580 581/581
f 578/578 581/581 582/582
f 578/578 582/582 583/583
f 577/577 578/578 583/583
f 577/577 583/583 565/565
f 578/578 584/584 585/585
f 585/585 579/579 578/578
f 584/584 586/586 587/587
f 587/587 585/585 584/584
f 586/586 588/588 589/589
f 589/589 587/587 586/586
f 588/588 590/590 591/591
f 591/591 589/589 588/588
f 590/590 592/592 593/593
f 593/593 591/591 590/590
f 592/592 594/594 595/595
f 595/595 593/593 592/592
f 594/594 596/596 597/597
f 597/597 595/595 594/594
f 596/596 598/598 599/599
f 599/599 597/597 596/596
f 598/598 600/600 601/601
f 601/601 599/599 598/598
f 600/600 602/602 603/603
f 603/603 601/601 600/600
f 602/602 604/604 605/605
f 605/605 603/603 602/602
f 604/604 606/606 607/607
f 607/607 605/605 604/604
f 606/606 608/608 609/609
f 609/609 607/607 606/606
f 608/608 610/610 611/611
f 611/611 609/609 608/608
f 610/610 612/612 613/613
f 613/613 611/611 610/610
f 614/614 615/615 616/616
f 616/616 617/617 614/614
f 618/618 619/619 620/620
f 620/620 621/621 618/618
f 619/619 622/622 623/623
f 623/623 620/620 619/619
f 622/622 624/624 625/625
f 625/625 623/623 622/622
f 624/624 626/626 627/627
f 627/627 625/625 624/624
f 626/626 628/628 629/629
f 629/629 627/627 626/626
f 628/628 630/630 631/631
f 631/631 629/629 628/628
f 630/630 632/632 633/633
f 633/633 631/631 630/630
f 632/632 634/634 635/635
f 635/635 633/633 632/632
f 634/634 636/636 637/637
f 637/637 638/638 639/639
f 637/637 639/639 640/640
f 637/637 640/640 641/641
f 637/637 641/641 635/635
f 634/634 637/637 635/635
f 636/636 642/642 643/643
f 643/643 637/637 636/636
f 642/642 644/644 645/645
f 645/645 643/643 642/642
f 644/644 567/567 570/570
f 570/570 645/645 644/644
f 646/646 647/647 648/648
f 648/648 564/564 646/646
f 647/647 649/649 650/650
f 650/650 648/648 647/647
f 649/649 651/651 652/652
f 652/652 650/650 649/649
f 651/651 653/653 654/654
f 654/654 652/652 651/651
f 653/653 655/655 656/656
f 656/656 654/654 653/653
f 657/657 658/658 659/659
f 659/659 660/660 657/657
f 661/661 662/662 663/663
f 663/663 664/664 661/661
f 662/662 665/665 666/666
f 666/666 663/663 662/662
f 665/665 667/667 668/668
f 668/668 666/666 665/665
f 667/667 669/669 670/670
f 670/670 668/668 667/667
f 669/669 671/671 672/672
f 672/672 670/670 669/669
f 671/671 673/673 674/674
f 674/674 672/672 671/671
f 673/673 675/675 676/676
f 676/676 674/674 673/673
f 675/675 677/677 678/678
f 678/678 676/676 675/675
f 677/677 679/679 680/680
f 680/680 678/678 677/677
f 679/679 681/681 682/682
f 682/682 680/680 679/679
f 681/681 683/683 684/684
f 684/684 682/682 681/681
f 683/683 685/685 686/686
f 686/686 684/684 683/683
f 685/685 687/687 688/688
f 688/688 686/686 685/685
f 687/687 689/689 690/690
f 690/690 688/688 687/687
f 689/689 691/691 692/692
f 692/692 690/690 689/689
f 691/691 693/693 694/694
f 694/694 692/692 691/691
f 693/693 695/695 696/696
f 696/696 694/694 693/693
f 695/695 697/697 698/698
f 698/698 696/696 695/695
f 697/697 699/699 700/700
f 700/700 698/698 697/697
f 699/699 701/701 702/702
f 702/702 700/700 699/699
f 701/701 703/703 704/704
f 704/704 702/702 701/701
f 703/703 705/705 706/706
f 706/706 704/704 703/703
f 705/705 707/707 708/708
f 708/708 706/706 705/705
f 707/707 709/709 710/710
f 710/710 708/708 707/707
f 709/709 711/711 712/712
f 712/712 710/710 709/709
f 711/711 713/713 714/714
f 714/714 712/712 711/711
f 713/713 715/715 716/716
f 716/716 714/714 713/713
f 715/715 717/717 566/566
f 566/566 716/716 715/715
f 717/717 646/646 564/564
f 564/564 566/566 717/717
f 718/718 719/719 720/720
f 718/718 720/720 721/721
f 722/722 718/718 721/721
f 723/723 724/724 725/725
f 723/723 725/725 726/726
f 727/727 723/723 726/726
f 720/720 727/727 726/726
f 726/726 721/721 720/720
f 725/725 722/722 614/614
f 614/614 617/617 728/728
f 725/725 614/614 728/728
f 722/722 721/721 615/615
f 615/615 614/614 722/722
f 721/721 726/726 729/729
f 721/721 729/729 616/616
f 721/721 616/616 615/615
f 725/725 728/728 729/729
f 729/729 726/726 725/725
f 730/730 731/731 732/732
f 732/732 733/733 730/730
f 617/617 616/616 730/730
f 616/616 729/729 734/734
f 734/734 735/735 616/616
f 733/733 732/732 734/734
f 734/734 729/729 733/733
f 728/728 617/617 730/730
f 730/730 733/733 728/728
f 736/736 732/732 731/731
f 731/731 737/737 736/736
f 738/738 736/736 737/737
f 737/737 739/739 738/738
f 734/734 738/738 739/739
f 739/739 735/735 734/734
f 740/740 719/719 718/718
f 718/718 741/741 740/740
f 742/742 740/740 741/741
f 741/741 743/743 742/742
f 621/621 742/742 743/743
f 743/743 618/618 621/621
f 744/744 613/613 612/612
f 612/612 745/745 744/744
f 746/746 744/744 745/745
f 745/745 747/747 746/746
f 748/748 746/746 747/747
f 747/747 749/749 748/748
f 723/723 748/748 749/749
f 749/749 724/724 723/723
f 750/750 751/751 583/583
f 583/583 582/582 750/750
f 752/752 753/753 751/751
f 751/751 750/750 752/752
f 754/754 755/755 753/753
f 753/753 752/752 754/754
f 756/756 757/757 755/755
f 755/755 754/754 756/756
f 758/758 759/759 757/757
f 757/757 756/756 758/758
f 760/760 761/761 759/759
f 759/759 758/758 760/760
f 762/762 763/763 761/761
f 761/761 760/760 762/762
f 764/764 765/765 763/763
f 763/763 762/762 764/764
f 766/766 767/767 765/765
f 765/765 764/764 766/766
f 768/768 769/769 767/767
f 767/767 766/766 768/768
f 770/770 771/771 769/769
f 769/769 768/768 770/770
f 772/772 773/773 771/771
f 771/771 770/770 772/772
f 774/774 775/775 773/773
f 773/773 772/772 774/774
f 776/776 777/777 775/775
f 775/775 774/774 776/776
f 778/778 779/779 777/777
f 777/777 776/776 778/778
f 780/780 781/781 782/782
f 782/782 783/783 780/780
f 784/784 785/785 786/786
f 786/786 787/787 784/784
f 788/788 789/789 785/785
f 785/785 784/784 788/788
f 790/790 791/791 789/789
f 789/789 788/788 790/790
f 792/792 793/793 791/791
f 791/791 790/790 792/792
f 794/794 795/795 793/793
f 793/793 792/792 794/794
f 796/796 797/797 795/795
f 795/795 794/794 796/796
f 798/798 799/799 797/797
f 797/797 796/796 798/798
f 639/639 638/638 799/799
f 799/799 798/798 639/639
f 800/800 801/801 781/781
f 781/781 780/780 800/800
f 802/802 803/803 801/801
f 801/801 800/800 802/802
f 804/804 742/742 621/621
f 621/621 805/805 804/804
f 806/806 719/719 740/740
f 740/740 807/807 806/806
f 807/807 740/740 742/742
f 742/742 804/804 807/807
f 808/808 748/748 723/723
f 723/723 809/809 808/808
f 810/810 613/613 744/744
f 744/744 811/811 810/810
f 811/811 744/744 746/746
f 746/746 812/812 811/811
f 812/812 746/746 748/748
f 748/748 808/808 812/812
f 813/813 750/750 582/582
f 582/582 581/581 813/813
f 814/814 813/813 581/581
f 581/581 580/580 814/814
f 585/585 814/814 580/580
f 580/580 579/579 585/585
f 815/815 752/752 750/750
f 750/750 813/813 815/815
f 816/816 815/815 813/813
f 813/813 814/814 816/816
f 587/587 816/816 814/814
f 814/814 585/585 587/587
f 817/817 754/754 752/752
f 752/752 815/815 817/817
f 818/818 817/817 815/815
f 815/815 816/816 818/818
f 589/589 818/818 816/816
f 816/816 587/587 589/589
f 819/819 756/756 754/754
f 754/754 817/817 819/819
f 820/820 819/819 817/817
f 817/817 818/818 820/820
f 591/591 820/820 818/818
f 818/818 589/589 591/591
f 821/821 758/758 756/756
f 756/756 819/819 821/821
f 822/822 821/821 819/819
f 819/819 820/820 822/822
f 593/593 822/822 820/820
f 820/820 591/591 593/593
f 823/823 760/760 758/758
f 758/758 821/821 823/823
f 824/824 823/823 821/821
f 821/821 822/822 824/824
f 595/595 824/824 822/822
f 822/822 593/593 595/595
f 825/825 762/762 760/760
f 760/760 823/823 825/825
f 826/826 825/825 823/823
f 823/823 824/824 826/826
f 597/597 826/826 824/824
f 824/824 595/595 597/597
f 827/827 764/764 762/762
f 762/762 825/825 827/827
f 828/828 827/827 825/825
f 825/825 826/826 828/828
f 599/599 828/828 826/826
f 826/826 597/597 599/599
f 829/829 766/766 764/764
f 764/764 827/827 829/829
f 830/830 829/829 827/827
f 827/827 828/828 830/830
f 601/601 830/830 828/828
f 828/828 599/599 601/601
f 831/831 768/768 766/766
f 766/766 829/829 831/831
f 832/832 831/831 829/829
f 829/829 830/830 832/832
f 603/603 832/832 830/830
f 830/830 601/601 603/603
f 833/833 770/770 768/768
f 768/768 831/831 833/833
f 834/834 833/833 831/831
f 831/831 832/832 834/834
f 605/605 834/834 832/832
f 832/832 603/603 605/605
f 835/835 772/772 770/770
f 770/770 833/833 835/835
f 836/836 835/835 833/833
f 833/833 834/834 836/836
f 607/607 836/836 834/834
f 834/834 605/605 607/607
f 837/837 774/774 772/772
f 772/772 835/835 837/837
f 838/838 837/837 835/835
f 835/835 836/836 838/838
f 609/609 838/838 836/836
f 836/836 607/607 609/609
f 839/839 776/776 774/774
f 774/774 837/837 839/839
f 840/840 839/839 837/837
f 837/837 838/838 840/840
f 611/611 840/840 838/838
f 838/838 609/609 611/611
f 841/841 778/778 776/776
f 776/776 839/839 841/841
f 810/810 841/841 839/839
f 839/839 840/840 810/810
f 613/613 810/810 840/840
f 840/840 611/611 613/613
f 842/842 780/780 783/783
f 783/783 843/843 842/842
f 844/844 842/842 843/843
f 843/843 809/809 844/844
f 727/727 844/844 809/809
f 809/809 723/723 727/727
f 845/845 784/784 787/787
f 787/787 846/846 845/845
f 847/847 845/845 846/846
f 846/846 805/805 847/847
f 620/620 847/847 805/805
f 805/805 621/621 620/620
f 848/848 788/788 784/784
f 784/784 845/845 848/848
f 849/849 848/848 845/845
f 845/845 847/847 849/849
f 623/623 849/849 847/847
f 847/847 620/620 623/623
f 850/850 790/790 788/788
f 788/788 848/848 850/850
f 851/851 850/850 848/848
f 848/848 849/849 851/851
f 625/625 851/851 849/849
f 849/849 623/623 625/625
f 852/852 792/792 790/790
f 790/790 850/850 852/852
f 853/853 852/852 850/850
f 850/850 851/851 853/853
f 627/627 853/853 851/851
f 851/851 625/625 627/627
f 854/854 794/794 792/792
f 792/792 852/852 854/854
f 855/855 854/854 852/852
f 852/852 853/853 855/855
f 629/629 855/855 853/853
f 853/853 627/627 629/629
f 856/856 796/796 794/794
f 794/794 854/854 856/856
f 857/857 856/856 854/854
f 854/854 855/855 857/857
f 631/631 857/857 855/855
f 855/855 629/629 631/631
f 858/858 798/798 796/796
f 796/796 856/856 858/858
f 859/859 858/858 856/856
f 856/856 857/857 859/859
f 633/633 859/859 857/857
f 857/857 631/631 633/633
f 640/640 639/639 798/798
f 798/798 858/858 640/640
f 641/641 640/640 858/858
f 858/858 859/859 641/641
f 635/635 641/641 859/859
f 859/859 633/633 635/635
f 860/860 800/800 780/780
f 780/780 842/842 860/860
f 861/861 860/860 842/842
f 842/842 844/844 861/861
f 720/720 861/861 844/844
f 844/844 727/727 720/720
f 862/862 802/802 800/800
f 800/800 860/860 862/862
f 806/806 862/862 860/860
f 860/860 861/861 806/806
f 719/719 806/806 861/861
f 861/861 720/720 719/719
f 863/863 804/804 805/805
f 805/805 846/846 863/863
f 864/864 863/863 846/846
f 846/846 787/787 864/864
f 865/865 864/864 787/787
f 787/787 786/786 865/865
f 862/862 806/806 807/807
f 807/807 866/866 862/862
f 802/802 862/862 866/866
f 866/866 867/867 802/802
f 803/803 802/802 867/867
f 867/867 868/868 803/803
f 866/866 807/807 804/804
f 804/804 863/863 866/866
f 867/867 866/866 863/863
f 863/863 864/864 867/867
f 868/868 867/867 864/864
f 864/864 865/865 868/868
f 869/869 808/808 809/809
f 809/809 843/843 869/869
f 870/870 869/869 843/843
f 843/843 783/783 870/870
f 871/871 870/870 783/783
f 783/783 782/782 871/871
f 841/841 810/810 811/811
f 811/811 872/872 841/841
f 778/778 841/841 872/872
f 872/872 873/873 778/778
f 779/779 778/778 873/873
f 873/873 874/874 779/779
f 872/872 811/811 812/812
f 812/812 875/875 872/872
f 873/873 872/872 875/875
f 875/875 876/876 873/873
f 874/874 873/873 876/876
f 876/876 877/877 874/874
f 875/875 812/812 808/808
f 808/808 869/869 875/875
f 876/876 875/875 869/869
f 869/869 870/870 876/876
f 877/877 876/876 870/870
f 870/870 871/871 877/877
f 874/874 877/877 871/871
f 874/874 871/871 782/782
f 782/782 779/779 874/874
f 777/777 779/779 782/782
f 782/782 781/781 777/777
f 801/801 803/803 865/865
f 865/865 786/786 801/801
f 803/803 868/868 865/865
f 775/775 785/785 789/789
f 878/878 879/879 880/880
f 880/880 881/881 878/878
f 781/781 801/801 786/786
f 786/786 777/777 781/781
f 775/775 789/789 791/791
f 775/775 791/791 793/793
f 775/775 793/793 795/795
f 775/775 795/795 797/797
f 799/799 638/638 637/637
f 797/797 799/799 637/637
f 773/773 775/775 680/680
f 773/773 680/680 682/682
f 771/771 773/773 682/682
f 682/682 684/684 771/771
f 771/771 684/684 686/686
f 769/769 771/771 686/686
f 686/686 688/688 769/769
f 767/767 769/769 688/688
f 767/767 688/688 690/690
f 765/765 767/767 690/690
f 765/765 690/690 692/692
f 763/763 765/765 692/692
f 763/763 692/692 694/694
f 761/761 763/763 694/694
f 761/761 694/694 696/696
f 761/761 696/696 698/698
f 759/759 761/761 698/698
f 759/759 698/698 700/700
f 700/700 757/757 759/759
f 757/757 700/700 702/702
f 757/757 702/702 704/704
f 755/755 757/757 704/704
f 755/755 704/704 706/706
f 706/706 753/753 755/755
f 753/753 706/706 708/708
f 708/708 751/751 753/753
f 710/710 712/712 751/751
f 751/751 708/708 710/710
f 751/751 712/712 714/714
f 714/714 583/583 751/751
f 583/583 714/714 716/716
f 565/565 583/583 716/716
f 716/716 566/566 565/565
f 564/564 648/648 565/565
f 645/645 570/570 565/565
f 565/565 643/643 645/645
f 569/569 572/572 574/574
f 569/569 574/574 576/576
f 569/569 576/576 565/565
f 570/570 569/569 565/565
f 648/648 650/650 565/565
f 650/650 652/652 565/565
f 652/652 654/654 565/565
f 654/654 656/656 565/565
f 643/643 565/565 656/656
f 656/656 637/637 643/643
f 637/637 656/656 664/664
f 637/637 664/664 663/663
f 637/637 663/663 666/666
f 797/797 637/637 666/666
f 666/666 668/668 797/797
f 797/797 668/668 670/670
f 797/797 670/670 672/672
f 775/775 797/797 672/672
f 672/672 674/674 775/775
f 775/775 674/674 676/676
f 775/775 676/676 678/678
f 775/775 678/678 680/680
f 729/729 728/728 733/733
f 736/736 738/738 734/734
f 734/734 732/732 736/736
f 739/739 737/737 731/731
f 731/731 735/735 739/739
f 735/735 731/731 730/730
f 730/730 616/616 735/735
f 775/775 777/777 878/878
f 878/878 881/881 775/775
f 777/777 786/786 879/879
f 879/879 878/878 777/777
f 786/786 785/785 880/880
f 880/880 879/879 786/786
f 785/785 775/775 881/881
f 881/881 880/880 785/785
f 655/655 661/661 882/882
f 882/882 883/883 655/655
f 661/661 664/664 884/884
f 884/884 882/882 661/661
f 664/664 656/656 885/885
f 885/885 884/884 664/664
f 656/656 655/655 883/883
f 883/883 885/885 656/656
f 658/658 657/657 886/886
f 882/882 658/658 886/886
f 882/882 886/886 887/887
f 882/882 887/887 888/888
f 882/882 888/888 889/889
f 883/883 882/882 889/889
f 882/882 884/884 659/659
f 659/659 658/658 882/882
f 884/884 885/885 890/890
f 884/884 890/890 891/891
f 884/884 891/891 892/892
f 893/893 660/660 659/659
f 892/892 893/893 659/659
f 884/884 892/892 659/659
f 887/887 892/892 891/891
f 891/891 888/888 887/887
f 657/657 660/660 893/893
f 893/893 886/886 657/657
f 886/886 893/893 892/892
f 892/892 887/887 886/886
f 885/885 883/883 889/889
f 889/889 890/890 885/885
f 890/890 889/889 888/888
f 888/888 891/891 890/890
f 894/894 895/895 896/896
f 896/896 897/897 898/898
f 898/898 899/899 900/900
f 896/896 898/898 900/900
f 900/900 901/901 902/902
f 902/902 903/903 904/904
f 900/900 902/902 904/904
f 904/904 905/905 906/906
f 906/906 907/907 908/908
f 904/904 906/906 908/908
f 900/900 904/904 908/908
f 896/896 900/900 908/908
f 908/908 909/909 910/910
f 896/896 908/908 910/910
f 894/894 896/896 910/910
f 911/911 894/894 910/910
f 912/912 913/913 914/914
f 914/914 915/915 912/912
f 913/913 916/916 917/917
f 917/917 914/914 913/913
f 916/916 918/918 919/919
f 919/919 917/917 916/916
f 918/918 920/920 921/921
f 921/921 919/919 918/918
f 922/922 923/923 924/924
f 924/924 925/925 922/922
f 923/923 926/926 927/927
f 927/927 924/924 923/923
f 926/926 928/928 929/929
f 929/929 927/927 926/926
f 928/928 930/930 931/931
f 931/931 929/929 928/928
f 930/930 932/932 933/933
f 933/933 931/931 930/930
f 932/932 934/934 935/935
f 935/935 933/933 932/932
f 934/934 936/936 937/937
f 937/937 935/935 934/934
f 936/936 938/938 939/939
f 939/939 937/937 936/936
f 938/938 940/940 941/941
f 941/941 939/939 938/938
f 940/940 942/942 943/943
f 943/943 941/941 940/940
f 942/942 944/944 945/945
f 945/945 943/943 942/942
f 944/944 946/946 947/947
f 947/947 945/945 944/944
f 946/946 948/948 949/949
f 949/949 947/947 946/946
f 948/948 912/912 915/915
f 915/915 949/949 948/948
f 950/950 951/951 952/952
f 952/952 953/953 954/954
f 954/954 955/955 956/956
f 952/952 954/954 956/956
f 956/956 957/957 958/958
f 958/958 959/959 960/960
f 956/956 958/958 960/960
f 960/960 961/961 962/962
f 962/962 963/963 964/964
f 960/960 962/962 964/964
f 956/956 960/960 964/964
f 952/952 956/956 964/964
f 964/964 965/965 966/966
f 952/952 964/964 966/966
f 950/950 952/952 966/966
f 967/967 950/950 966/966
f 913/913 912/912 968/968
f 968/968 969/969 913/913
f 912/912 970/970 971/971
f 971/971 968/968 912/912
f 970/970 972/972 973/973
f 973/973 971/971 970/970
f 972/972 974/974 975/975
f 975/975 973/973 972/972
f 974/974 976/976 977/977
f 977/977 975/975 974/974
f 976/976 978/978 979/979
f 979/979 977/977 976/976
f 978/978 980/980 981/981
f 981/981 979/979 978/978
f 980/980 982/982 983/983
f 983/983 981/981 980/980
f 982/982 984/984 985/985
f 985/985 983/983 982/982
f 984/984 986/986 987/987
f 987/987 985/985 984/984
f 986/986 988/988 989/989
f 989/989 987/987 986/986
f 988/988 990/990 991/991
f 991/991 989/989 988/988
f 990/990 992/992 993/993
f 993/993 991/991 990/990
f 992/992 994/994 995/995
f 995/995 993/993 992/992
f 994/994 920/920 996/996
f 996/996 995/995 994/994
f 920/920 918/918 997/997
f 997/997 996/996 920/920
f 918/918 916/916 998/998
f 998/998 997/997 918/918
f 916/916 913/913 969/969
f 969/969 998/998 916/916
f 969/969 968/968 910/910
f 910/910 909/909 969/969
f 968/968 971/971 911/911
f 911/911 910/910 968/968
f 971/971 973/973 894/894
f 894/894 911/911 971/971
f 973/973 975/975 895/895
f 895/895 894/894 973/973
f 975/975 977/977 896/896
f 896/896 895/895 975/975
f 977/977 979/979 897/897
f 897/897 896/896 977/977
f 979/979 981/981 898/898
f 898/898 897/897 979/979
f 981/981 983/983 899/899
f 899/899 898/898 981/981
f 983/983 985/985 900/900
f 900/900 899/899 983/983
f 985/985 987/987 901/901
f 901/901 900/900 985/985
f 987/987 989/989 902/902
f 902/902 901/901 987/987
f 989/989 991/991 903/903
f 903/903 902/902 989/989
f 991/991 993/993 904/904
f 904/904 903/903 991/991
f 993/993 995/995 905/905
f 905/905 904/904 993/993
f 995/995 996/996 906/906
f 906/906 905/905 995/995
f 996/996 997/997 907/907
f 907/907 906/906 996/996
f 997/997 998/998 908/908
f 908/908 907/907 997/997
f 998/998 969/969 909/909
f 909/909 908/908 998/998
f 999/999 915/915 914/914
f 914/914 1000/1000 999/999
f 1000/1000 914/914 917/917
f 917/917 1001/1001 1000/1000
f 1001/1001 917/917 919/919
f 919/919 1002/1002 1001/1001
f 1002/1002 919/919 921/921
f 921/921 1003/1003 1002/1002
f 1004/1004 1005/1005 1006/1006
f 1006/1006 1007/1007 1004/1004
f 1008/1008 1009/1009 1010/1010
f 1010/1010 1011/1011 1008/1008
f 1012/1012 1013/1013 1014/1014
f 1014/1014 1015/1015 1012/1012
f 1016/1016 1017/1017 1018/1018
f 1018/1018 1019/1019 1016/1016
f 1020/1020 1021/1021 1022/1022
f 1022/1022 1023/1023 1020/1020
f 1024/1024 1025/1025 1026/1026
f 1026/1026 1027/1027 1024/1024
f 1028/1028 1029/1029 1030/1030
f 1030/1030 1031/1031 1028/1028
f 1032/1032 1033/1033 1034/1034
f 1034/1034 1035/1035 1032/1032
f 1036/1036 1037/1037 1038/1038
f 1038/1038 1039/1039 1036/1036
f 1040/1040 1041/1041 1042/1042
f 1042/1042 1043/1043 1040/1040
f 1044/1044 1045/1045 1046/1046
f 1046/1046 1047/1047 1044/1044
f 1048/1048 1049/1049 1050/1050
f 1050/1050 1051/1051 1048/1048
f 1052/1052 1053/1053 1054/1054
f 1054/1054 1055/1055 1052/1052
f 1056/1056 949/949 915/915
f 915/915 999/999 1056/1056
f 1057/1057 999/999 1000/1000
f 1000/1000 1058/1058 1057/1057
f 1058/1058 1000/1000 1001/1001
f 1001/1001 1059/1059 1058/1058
f 1059/1059 1001/1001 1002/1002
f 1002/1002 1060/1060 1059/1059
f 1060/1060 1002/1002 1003/1003
f 1003/1003 1061/1061 1060/1060
f 1061/1061 1004/1004 1007/1007
f 1007/1007 1062/1062 1061/1061
f 1062/1062 1008/1008 1011/1011
f 1011/1011 1063/1063 1062/1062
f 1063/1063 1012/1012 1015/1015
f 1015/1015 1064/1064 1063/1063
f 1064/1064 1016/1016 1019/1019
f 1019/1019 1065/1065 1064/1064
f 1065/1065 1020/1020 1023/1023
f 1023/1023 1066/1066 1065/1065
f 1066/1066 1024/1024 1027/1027
f 1027/1027 1067/1067 1066/1066
f 1067/1067 1028/1028 1031/1031
f 1031/1031 1068/1068 1067/1067
f 1068/1068 1032/1032 1035/1035
f 1035/1035 1069/1069 1068/1068
f 1069/1069 1036/1036 1039/1039
f 1039/1039 1070/1070 1069/1069
f 1070/1070 1040/1040 1043/1043
f 1043/1043 1071/1071 1070/1070
f 1071/1071 1044/1044 1047/1047
f 1047/1047 1072/1072 1071/1071
f 1072/1072 1048/1048 1051/1051
f 1051/1051 1073/1073 1072/1072
f 1073/1073 1052/1052 1055/1055
f 1055/1055 1074/1074 1073/1073
f 1074/1074 1056/1056 999/999
f 999/999 1057/1057 1074/1074
f 1057/1057 1058/1058 1075/1075
f 1075/1075 1076/1076 1057/1057
f 1058/1058 1059/1059 1077/1077
f 1077/1077 1075/1075 1058/1058
f 1059/1059 1060/1060 1078/1078
f 1078/1078 1077/1077 1059/1059
f 1060/1060 1061/1061 1079/1079
f 1079/1079 1078/1078 1060/1060
f 1061/1061 1062/1062 1080/1080
f 1080/1080 1079/1079 1061/1061
f 1062/1062 1063/1063 1081/1081
f 1081/1081 1080/1080 1062/1062
f 1063/1063 1064/1064 1082/1082
f 1082/1082 1081/1081 1063/1063
f 1064/1064 1065/1065 1083/1083
f 1083/1083 1082/1082 1064/1064
f 1065/1065 1066/1066 1084/1084
f 1084/1084 1083/1083 1065/1065
f 1066/1066 1067/1067 1085/1085
f 1085/1085 1084/1084 1066/1066
f 1067/1067 1068/1068 1086/1086
f 1086/1086 1085/1085 1067/1067
f 1068/1068 1069/1069 1087/1087
f 1087/1087 1086/1086 1068/1068
f 1069/1069 1070/1070 1088/1088
f 1088/1088 1087/1087 1069/1069
f 1070/1070 1071/1071 1089/1089
f 1089/1089 1088/1088 1070/1070
f 1071/1071 1072/1072 1090/1090
f 1090/1090 1089/1089 1071/1071
f 1072/1072 1073/1073 1091/1091
f 1091/1091 1090/1090 1072/1072
f 1073/1073 1074/1074 1092/1092
f 1092/1092 1091/1091 1073/1073
f 1074/1074 1057/1057 1076/1076
f 1076/1076 1092/1092 1074/1074
f 1076/1076 1075/1075 951/951
f 951/951 950/950 1076/1076
f 1075/1075 1077/1077 952/952
f 952/952 951/951 1075/1075
f 1077/1077 1078/1078 953/953
f 953/953 952/952 1077/1077
f 1078/1078 1079/1079 954/954
f 954/954 953/953 1078/1078
f 1079/1079 1080/1080 955/955
f 955/955 954/954 1079/1079
f 1080/1080 1081/1081 956/956
f 956/956 955/955 1080/1080
f 1081/1081 1082/1082 957/957
f 957/957 956/956 1081/1081
f 1082/1082 1083/1083 958/958
f 958/958 957/957 1082/1082
f 1083/1083 1084/1084 959/959
f 959/959 958/958 1083/1083
f 1084/1084 1085/1085 960/960
f 960/960 959/959 1084/1084
f 1085/1085 1086/1086 961/961
f 961/961 960/960 1085/1085
f 1086/1086 1087/1087 962/962
f 962/962 961/961 1086/1086
f 1087/1087 1088/1088 963/963
f 963/963 962/962 1087/1087
f 1088/1088 1089/1089 964/964
f 964/964 963/963 1088/1088
f 1089/1089 1090/1090 965/965
f 965/965 964/964 1089/1089
f 1090/1090 1091/1091 966/966
f 966/966 965/965 1090/1090
f 1091/1091 1092/1092 967/967
f 967/967 966/966 1091/1091
f 1092/1092 1076/1076 950/950
f 950/950 967/967 1092/1092
f 1093/1093 1094/1094 1095/1095
f 1095/1095 1096/1096 1093/1093
f 1097/1097 1098/1098 1099/1099
f 1099/1099 1100/1100 1097/1097
f 1101/1101 1102/1102 1103/1103
f 1103/1103 1104/1104 1101/1101
f 1105/1105 1106/1106 1107/1107
f 1107/1107 1108/1108 1109/1109
f 1105/1105 1107/1107 1109/1109
f 1110/1110 1111/1111 1112/1112
f 1113/1113 1110/1110 1112/1112
f 1109/1109 1113/1113 1112/1112
f 1105/1105 1109/1109 1112/1112
f 1114/1114 1105/1105 1112/1112
f 1115/1115 1116/1116 1117/1117
f 1117/1117 1118/1118 1115/1115
f 1119/1119 1120/1120 1121/1121
f 1121/1121 1122/1122 1123/1123
f 1119/1119 1121/1121 1123/1123
f 1124/1124 1125/1125 1126/1126
f 1127/1127 1124/1124 1126/1126
f 1123/1123 1127/1127 1126/1126
f 1119/1119 1123/1123 1126/1126
f 1128/1128 1119/1119 1126/1126
f 1129/1129 1116/1116 1115/1115
f 1115/1115 1130/1130 1129/1129
f 1131/1131 1102/1102 1101/1101
f 1101/1101 1132/1132 1131/1131
f 1133/1133 1104/1104 1103/1103
f 1103/1103 1134/1134 1133/1133
f 1135/1135 1118/1118 1117/1117
f 1117/1117 1136/1136 1135/1135
f 1137/1137 1138/1138 1139/1139
f 1139/1139 1140/1140 1137/1137
f 1141/1141 1142/1142 1143/1143
f 1143/1143 1144/1144 1141/1141
f 1145/1145 1146/1146 1147/1147
f 1147/1147 1148/1148 1145/1145
f 1139/1139 1149/1149 1097/1097
f 1139/1139 1097/1097 1100/1100
f 1140/1140 1139/1139 1100/1100
f 1140/1140 1100/1100 1150/1150
f 1139/1139 1144/1144 1151/1151
f 1151/1151 1149/1149 1139/1139
f 1144/1144 1143/1143 1152/1152
f 1144/1144 1152/1152 1099/1099
f 1144/1144 1099/1099 1098/1098
f 1144/1144 1098/1098 1151/1151
f 1153/1153 1154/1154 1155/1155
f 1155/1155 1156/1156 1153/1153
f 1152/1152 1150/1150 1100/1100
f 1100/1100 1099/1099 1152/1152
f 1149/1149 1151/1151 1157/1157
f 1157/1157 1158/1158 1149/1149
f 1151/1151 1098/1098 1159/1159
f 1159/1159 1157/1157 1151/1151
f 1098/1098 1097/1097 1160/1160
f 1160/1160 1159/1159 1098/1098
f 1097/1097 1149/1149 1158/1158
f 1158/1158 1160/1160 1097/1097
f 1158/1158 1157/1157 1154/1154
f 1154/1154 1153/1153 1158/1158
f 1157/1157 1159/1159 1155/1155
f 1155/1155 1154/1154 1157/1157
f 1159/1159 1160/1160 1156/1156
f 1156/1156 1155/1155 1159/1159
f 1160/1160 1158/1158 1153/1153
f 1153/1153 1156/1156 1160/1160
f 1161/1161 1162/1162 1163/1163
f 1163/1163 1164/1164 1161/1161
f 1162/1162 1165/1165 1166/1166
f 1166/1166 1163/1163 1162/1162
f 1165/1165 1167/1167 1168/1168
f 1168/1168 1166/1166 1165/1165
f 1169/1169 1170/1170 1171/1171
f 1171/1171 1172/1172 1169/1169
f 1173/1173 1174/1174 1170/1170
f 1170/1170 1169/1169 1173/1173
f 1150/1150 1175/1175 1176/1176
f 1176/1176 1140/1140 1150/1150
f 1152/1152 1177/1177 1175/1175
f 1175/1175 1150/1150 1152/1152
f 1143/1143 1178/1178 1177/1177
f 1177/1177 1152/1152 1143/1143
f 1179/1179 1180/1180 1181/1181
f 1181/1181 1182/1182 1179/1179
f 1183/1183 1184/1184 1180/1180
f 1180/1180 1179/1179 1183/1183
f 1185/1185 1186/1186 1187/1187
f 1187/1187 1188/1188 1185/1185
f 1186/1186 1161/1161 1164/1164
f 1164/1164 1187/1187 1186/1186
f 1189/1189 1190/1190 1191/1191
f 1191/1191 1192/1192 1189/1189
f 1190/1190 1193/1193 1194/1194
f 1194/1194 1191/1191 1190/1190
f 1193/1193 1172/1172 1195/1195
f 1195/1195 1194/1194 1193/1193
f 1196/1196 1197/1197 1168/1168
f 1198/1198 1196/1196 1168/1168
f 1171/1171 1198/1198 1168/1168
f 1172/1172 1171/1171 1168/1168
f 1168/1168 1167/1167 1195/1195
f 1172/1172 1168/1168 1195/1195
f 1199/1199 1200/1200 1201/1201
f 1201/1201 1202/1202 1199/1199
f 1200/1200 1203/1203 1204/1204
f 1204/1204 1201/1201 1200/1200
f 1203/1203 1205/1205 1206/1206
f 1206/1206 1204/1204 1203/1203
f 1205/1205 1207/1207 1208/1208
f 1208/1208 1206/1206 1205/1205
f 1207/1207 1209/1209 1210/1210
f 1210/1210 1208/1208 1207/1207
f 1183/1183 1211/1211 1185/1185
f 1184/1184 1183/1183 1185/1185
f 1212/1212 1184/1184 1185/1185
f 1213/1213 1212/1212 1185/1185
f 1214/1214 1213/1213 1185/1185
f 1214/1214 1185/1185 1188/1188
f 1183/1183 1215/1215 1216/1216
f 1216/1216 1211/1211 1183/1183
f 1215/1215 1189/1189 1192/1192
f 1192/1192 1216/1216 1215/1215
f 1161/1161 1192/1192 1191/1191
f 1191/1191 1162/1162 1161/1161
f 1162/1162 1191/1191 1194/1194
f 1194/1194 1165/1165 1162/1162
f 1165/1165 1194/1194 1195/1195
f 1195/1195 1167/1167 1165/1165
f 1185/1185 1211/1211 1216/1216
f 1216/1216 1186/1186 1185/1185
f 1186/1186 1216/1216 1192/1192
f 1192/1192 1161/1161 1186/1186
f 1217/1217 1198/1198 1171/1171
f 1171/1171 1170/1170 1217/1217
f 1218/1218 1219/1219 1176/1176
f 1176/1176 1175/1175 1218/1218
f 1220/1220 1218/1218 1175/1175
f 1175/1175 1177/1177 1220/1220
f 1221/1221 1220/1220 1177/1177
f 1177/1177 1178/1178 1221/1221
f 1212/1212 1222/1222 1180/1180
f 1180/1180 1184/1184 1212/1212
f 1223/1223 1224/1224 1225/1225
f 1225/1225 1226/1226 1223/1223
f 1227/1227 1223/1223 1226/1226
f 1226/1226 1228/1228 1227/1227
f 1229/1229 1230/1230 1219/1219
f 1219/1219 1218/1218 1229/1229
f 1231/1231 1229/1229 1218/1218
f 1218/1218 1220/1220 1231/1231
f 1232/1232 1231/1231 1220/1220
f 1220/1220 1221/1221 1232/1232
f 1233/1233 1234/1234 1235/1235
f 1235/1235 1236/1236 1233/1233
f 1237/1237 1233/1233 1236/1236
f 1236/1236 1238/1238 1237/1237
f 1239/1239 1240/1240 1241/1241
f 1241/1241 1242/1242 1239/1239
f 1197/1197 1196/1196 1224/1224
f 1224/1224 1243/1243 1197/1197
f 1198/1198 1217/1217 1226/1226
f 1226/1226 1225/1225 1198/1198
f 1217/1217 1244/1244 1228/1228
f 1228/1228 1226/1226 1217/1217
f 1245/1245 1227/1227 1228/1228
f 1228/1228 1244/1244 1245/1245
f 1246/1246 1239/1239 1242/1242
f 1242/1242 1247/1247 1246/1246
f 1248/1248 1249/1249 1250/1250
f 1250/1250 1251/1251 1248/1248
f 1252/1252 1253/1253 1234/1234
f 1234/1234 1254/1254 1252/1252
f 1255/1255 1222/1222 1236/1236
f 1236/1236 1235/1235 1255/1255
f 1222/1222 1212/1212 1238/1238
f 1238/1238 1236/1236 1222/1222
f 1213/1213 1237/1237 1238/1238
f 1238/1238 1212/1212 1213/1213
f 1256/1256 1248/1248 1251/1251
f 1251/1251 1257/1257 1256/1256
f 1174/1174 1244/1244 1258/1258
f 1244/1244 1217/1217 1259/1259
f 1259/1259 1258/1258 1244/1244
f 1217/1217 1170/1170 1259/1259
f 1180/1180 1222/1222 1260/1260
f 1222/1222 1255/1255 1261/1261
f 1261/1261 1260/1260 1222/1222
f 1255/1255 1181/1181 1261/1261
f 1259/1259 1170/1170 1174/1174
f 1174/1174 1258/1258 1259/1259
f 1261/1261 1181/1181 1180/1180
f 1180/1180 1260/1260 1261/1261
f 1262/1262 1263/1263 1146/1146
f 1146/1146 1145/1145 1262/1262
f 1263/1263 1264/1264 1147/1147
f 1147/1147 1146/1146 1263/1263
f 1265/1265 1266/1266 1267/1267
f 1267/1267 1268/1268 1265/1265
f 1269/1269 1262/1262 1145/1145
f 1145/1145 1148/1148 1269/1269
f 1270/1270 1271/1271 1205/1205
f 1205/1205 1203/1203 1270/1270
f 1271/1271 1272/1272 1207/1207
f 1207/1207 1205/1205 1271/1271
f 1272/1272 1214/1214 1209/1209
f 1209/1209 1207/1207 1272/1272
f 1214/1214 1188/1188 1210/1210
f 1210/1210 1209/1209 1214/1214
f 1188/1188 1187/1187 1208/1208
f 1208/1208 1210/1210 1188/1188
f 1187/1187 1164/1164 1206/1206
f 1206/1206 1208/1208 1187/1187
f 1164/1164 1163/1163 1204/1204
f 1204/1204 1206/1206 1164/1164
f 1163/1163 1166/1166 1201/1201
f 1201/1201 1204/1204 1163/1163
f 1166/1166 1168/1168 1202/1202
f 1202/1202 1201/1201 1166/1166
f 1168/1168 1197/1197 1199/1199
f 1199/1199 1202/1202 1168/1168
f 1197/1197 1273/1273 1200/1200
f 1200/1200 1199/1199 1197/1197
f 1273/1273 1270/1270 1203/1203
f 1203/1203 1200/1200 1273/1273
f 1274/1274 1197/1197 1240/1240
f 1240/1240 1239/1239 1274/1274
f 1197/1197 1243/1243 1241/1241
f 1241/1241 1240/1240 1197/1197
f 1243/1243 1275/1275 1242/1242
f 1242/1242 1241/1241 1243/1243
f 1276/1276 1277/1277 1278/1278
f 1278/1278 1279/1279 1276/1276
f 1280/1280 1281/1281 1246/1246
f 1246/1246 1247/1247 1280/1280
f 1281/1281 1274/1274 1239/1239
f 1239/1239 1246/1246 1281/1281
f 1282/1282 1252/1252 1249/1249
f 1249/1249 1248/1248 1282/1282
f 1252/1252 1254/1254 1250/1250
f 1250/1250 1249/1249 1252/1252
f 1283/1283 1284/1284 1285/1285
f 1285/1285 1286/1286 1283/1283
f 1287/1287 1288/1288 1257/1257
f 1257/1257 1251/1251 1287/1287
f 1288/1288 1214/1214 1256/1256
f 1256/1256 1257/1257 1288/1288
f 1214/1214 1282/1282 1248/1248
f 1248/1248 1256/1256 1214/1214
f 1281/1281 1252/1252 1289/1289
f 1289/1289 1290/1290 1281/1281
f 1252/1252 1282/1282 1291/1291
f 1291/1291 1289/1289 1252/1252
f 1282/1282 1214/1214 1209/1209
f 1209/1209 1291/1291 1282/1282
f 1214/1214 1272/1272 1292/1292
f 1292/1292 1209/1209 1214/1214
f 1272/1272 1271/1271 1293/1293
f 1293/1293 1292/1292 1272/1272
f 1271/1271 1270/1270 1294/1294
f 1294/1294 1293/1293 1271/1271
f 1270/1270 1273/1273 1295/1295
f 1295/1295 1294/1294 1270/1270
f 1273/1273 1197/1197 1296/1296
f 1296/1296 1295/1295 1273/1273
f 1197/1197 1274/1274 1297/1297
f 1297/1297 1296/1296 1197/1197
f 1274/1274 1281/1281 1290/1290
f 1290/1290 1297/1297 1274/1274
f 1290/1290 1289/1289 1298/1298
f 1298/1298 1299/1299 1290/1290
f 1289/1289 1291/1291 1300/1300
f 1300/1300 1298/1298 1289/1289
f 1291/1291 1209/1209 1301/1301
f 1301/1301 1300/1300 1291/1291
f 1209/1209 1292/1292 1302/1302
f 1302/1302 1301/1301 1209/1209
f 1292/1292 1293/1293 1303/1303
f 1303/1303 1302/1302 1292/1292
f 1293/1293 1294/1294 1304/1304
f 1304/1304 1303/1303 1293/1293
f 1294/1294 1295/1295 1305/1305
f 1305/1305 1304/1304 1294/1294
f 1295/1295 1296/1296 1306/1306
f 1306/1306 1305/1305 1295/1295
f 1296/1296 1297/1297 1307/1307
f 1307/1307 1306/1306 1296/1296
f 1297/1297 1290/1290 1299/1299
f 1299/1299 1307/1307 1297/1297
f 1113/1113 1299/1299 1298/1298
f 1298/1298 1110/1110 1113/1113
f 1110/1110 1298/1298 1300/1300
f 1300/1300 1111/1111 1110/1110
f 1111/1111 1300/1300 1301/1301
f 1301/1301 1112/1112 1111/1111
f 1112/1112 1301/1301 1302/1302
f 1302/1302 1114/1114 1112/1112
f 1114/1114 1302/1302 1303/1303
f 1303/1303 1105/1105 1114/1114
f 1105/1105 1303/1303 1304/1304
f 1304/1304 1106/1106 1105/1105
f 1106/1106 1304/1304 1305/1305
f 1305/1305 1107/1107 1106/1106
f 1107/1107 1305/1305 1306/1306
f 1306/1306 1108/1108 1107/1107
f 1108/1108 1306/1306 1307/1307
f 1307/1307 1109/1109 1108/1108
f 1109/1109 1307/1307 1299/1299
f 1299/1299 1113/1113 1109/1109
f 1275/1275 1243/1243 1224/1224
f 1224/1224 1223/1223 1275/1275
f 1277/1277 1276/1276 1308/1308
f 1308/1308 1309/1309 1277/1277
f 1229/1229 1264/1264 1263/1263
f 1263/1263 1230/1230 1229/1229
f 1266/1266 1265/1265 1310/1310
f 1310/1310 1311/1311 1266/1266
f 1262/1262 1269/1269 1231/1231
f 1231/1231 1232/1232 1262/1262
f 1284/1284 1283/1283 1312/1312
f 1312/1312 1313/1313 1284/1284
f 1288/1288 1287/1287 1233/1233
f 1233/1233 1237/1237 1288/1288
f 1198/1198 1225/1225 1224/1224
f 1224/1224 1196/1196 1198/1198
f 1281/1281 1280/1280 1227/1227
f 1227/1227 1245/1245 1281/1281
f 1255/1255 1235/1235 1234/1234
f 1234/1234 1253/1253 1255/1255
f 1214/1214 1288/1288 1237/1237
f 1237/1237 1213/1213 1214/1214
f 1314/1314 1315/1315 1316/1316
f 1316/1316 1317/1317 1314/1314
f 1147/1147 1264/1264 1265/1265
f 1265/1265 1268/1268 1147/1147
f 1229/1229 1318/1318 1310/1310
f 1264/1264 1229/1229 1310/1310
f 1264/1264 1310/1310 1265/1265
f 1229/1229 1231/1231 1319/1319
f 1319/1319 1318/1318 1229/1229
f 1231/1231 1269/1269 1266/1266
f 1266/1266 1311/1311 1319/1319
f 1231/1231 1266/1266 1319/1319
f 1269/1269 1148/1148 1267/1267
f 1267/1267 1266/1266 1269/1269
f 1320/1320 1321/1321 1322/1322
f 1322/1322 1323/1323 1320/1320
f 1242/1242 1275/1275 1276/1276
f 1276/1276 1279/1279 1242/1242
f 1223/1223 1324/1324 1308/1308
f 1275/1275 1223/1223 1308/1308
f 1275/1275 1308/1308 1276/1276
f 1223/1223 1227/1227 1325/1325
f 1325/1325 1324/1324 1223/1223
f 1227/1227 1280/1280 1277/1277
f 1277/1277 1309/1309 1325/1325
f 1227/1227 1277/1277 1325/1325
f 1280/1280 1247/1247 1278/1278
f 1278/1278 1277/1277 1280/1280
f 1234/1234 1326/1326 1312/1312
f 1254/1254 1234/1234 1312/1312
f 1254/1254 1312/1312 1283/1283
f 1234/1234 1233/1233 1327/1327
f 1327/1327 1326/1326 1234/1234
f 1233/1233 1287/1287 1284/1284
f 1284/1284 1313/1313 1327/1327
f 1233/1233 1284/1284 1327/1327
f 1287/1287 1251/1251 1285/1285
f 1285/1285 1284/1284 1287/1287
f 1328/1328 1329/1329 1330/1330
f 1330/1330 1331/1331 1328/1328
f 1250/1250 1254/1254 1283/1283
f 1283/1283 1286/1286 1250/1250
f 1310/1310 1318/1318 1319/1319
f 1319/1319 1311/1311 1310/1310
f 1308/1308 1324/1324 1325/1325
f 1325/1325 1309/1309 1308/1308
f 1312/1312 1326/1326 1327/1327
f 1327/1327 1313/1313 1312/1312
f 1148/1148 1147/1147 1315/1315
f 1315/1315 1314/1314 1148/1148
f 1147/1147 1268/1268 1316/1316
f 1316/1316 1315/1315 1147/1147
f 1268/1268 1267/1267 1317/1317
f 1317/1317 1316/1316 1268/1268
f 1267/1267 1148/1148 1314/1314
f 1314/1314 1317/1317 1267/1267
f 1247/1247 1242/1242 1321/1321
f 1321/1321 1320/1320 1247/1247
f 1242/1242 1279/1279 1322/1322
f 1322/1322 1321/1321 1242/1242
f 1332/1332 1333/1333 1334/1334
f 1334/1334 1335/1335 1332/1332
f 1278/1278 1247/1247 1320/1320
f 1320/1320 1323/1323 1278/1278
f 1251/1251 1250/1250 1329/1329
f 1329/1329 1328/1328 1251/1251
f 1250/1250 1286/1286 1330/1330
f 1330/1330 1329/1329 1250/1250
f 1336/1336 1337/1337 1338/1338
f 1338/1338 1339/1339 1336/1336
f 1285/1285 1251/1251 1328/1328
f 1328/1328 1331/1331 1285/1285
f 1279/1279 1278/1278 1333/1333
f 1333/1333 1332/1332 1279/1279
f 1278/1278 1323/1323 1334/1334
f 1334/1334 1333/1333 1278/1278
f 1323/1323 1322/1322 1335/1335
f 1335/1335 1334/1334 1323/1323
f 1322/1322 1279/1279 1332/1332
f 1332/1332 1335/1335 1322/1322
f 1286/1286 1285/1285 1337/1337
f 1337/1337 1336/1336 1286/1286
f 1285/1285 1331/1331 1338/1338
f 1338/1338 1337/1337 1285/1285
f 1331/1331 1330/1330 1339/1339
f 1339/1339 1338/1338 1331/1331
f 1330/1330 1286/1286 1336/1336
f 1336/1336 1339/1339 1330/1330
f 1340/1340 1341/1341 1342/1342
f 1342/1342 1343/1343 1340/1340
f 1341/1341 1344/1344 1345/1345
f 1345/1345 1342/1342 1341/1341
f 1344/1344 1346/1346 1347/1347
f 1347/1347 1345/1345 1344/1344
f 1346/1346 1348/1348 1349/1349
f 1349/1349 1347/1347 1346/1346
f 1348/1348 1350/1350 1351/1351
f 1351/1351 1349/1349 1348/1348
f 1350/1350 1352/1352 1353/1353
f 1353/1353 1351/1351 1350/1350
f 1352/1352 1354/1354 1355/1355
f 1355/1355 1353/1353 1352/1352
f 1354/1354 1356/1356 1357/1357
f 1357/1357 1355/1355 1354/1354
f 1356/1356 1358/1358 1359/1359
f 1359/1359 1357/1357 1356/1356
f 1358/1358 1340/1340 1343/1343
f 1343/1343 1359/1359 1358/1358
f 1343/1343 1342/1342 1120/1120
f 1120/1120 1119/1119 1343/1343
f 1342/1342 1345/1345 1121/1121
f 1121/1121 1120/1120 1342/1342
f 1345/1345 1347/1347 1122/1122
f 1122/1122 1121/1121 1345/1345
f 1347/1347 1349/1349 1123/1123
f 1123/1123 1122/1122 1347/1347
f 1349/1349 1351/1351 1127/1127
f 1127/1127 1123/1123 1349/1349
f 1351/1351 1353/1353 1124/1124
f 1124/1124 1127/1127 1351/1351
f 1353/1353 1355/1355 1125/1125
f 1125/1125 1124/1124 1353/1353
f 1355/1355 1357/1357 1126/1126
f 1126/1126 1125/1125 1355/1355
f 1357/1357 1359/1359 1128/1128
f 1128/1128 1126/1126 1357/1357
f 1359/1359 1343/1343 1119/1119
f 1119/1119 1128/1128 1359/1359

