# https://github.com/mikedh/trimesh
v -0.28885180 0.31455877 -0.02024199
v -0.08699562 0.33190018 -0.40408629
v -0.07954180 0.54472166 0.20745565
v -0.23232503 0.37157249 -0.16844413
v -0.14321263 0.86418670 -0.14323656
v -0.18345110 0.72409767 -0.12092587
v -0.26596853 0.33493739 0.21875112
v 0.25295535 -0.79865694 0.30639029
v -0.03274177 -0.82999051 -0.40606624
v 0.22165391 -0.85992116 0.20854060
v 0.24983889 0.33664405 0.28474057
v -0.03141293 0.83525449 -0.21523568
v -0.26572838 0.32766199 -0.23507275
v 0.05824611 0.40114772 0.23377199
v 0.20325047 0.82910353 -0.07738047
v 0.18610315 -0.81074381 0.36290741
v -0.14975932 0.40472835 0.18357514
v -0.25134209 -0.34254780 0.31655687
v 0.08618088 0.43037283 0.20555766
v 0.20575535 0.38610476 0.17322788
v 0.14536163 0.33966884 0.38036501
v 0.08492814 0.86167938 0.18763360
v 0.03907764 0.86311728 -0.20079222
v 0.20847149 0.80122852 0.06393538
v -0.20612456 -0.86010122 -0.28343403
v 0.24020340 -0.06026344 0.33085904
v -0.23556504 -0.83982766 -0.26972482
v -0.07476789 0.86675078 0.18393116
v 0.12254757 0.41783884 0.18888171
v -0.16541061 0.25551790 0.38592672
v -0.23471455 -0.85388416 0.13681006
v -0.16716856 0.41786075 -0.15741086
v -0.01545754 0.87206012 0.18996535
v -0.12920801 0.40494120 -0.19818529
v -0.10975529 0.86837620 0.16103014
v 0.18458620 0.85894603 -0.09667306
v -0.12580338 0.84666699 -0.17452480
v 0.21435650 -0.86787784 0.15857665
v 0.20391734 0.30816162 -0.35721421
v 0.21773781 0.72655839 -0.01834689
v 0.01998463 0.31569371 -0.42195746
v 0.07032537 0.43468347 -0.21153839
v -0.07556155 0.56861311 -0.20855783
v -0.24823420 0.34904060 0.24510638
v -0.03439501 0.42216030 0.21973063
v -0.17096257 0.84536034 -0.13155054
v 0.10590365 -0.61767197 -0.42287564
v 0.10137849 0.87414843 0.15361322
v 0.25776267 -0.25471455 0.29483932
v -0.04572993 0.86135197 0.20138629
v 0.02310782 0.46270868 0.21932963
v -0.10583989 -0.27344254 -0.42265517
v -0.15842712 0.85826534 -0.13932559
v -0.20645648 -0.87028408 0.18223658
v 0.21912104 0.34458932 0.30624378
v -0.00685538 0.40965050 -0.22833909
v 0.28323331 0.30199909 -0.09781195
v -0.16644576 0.39314139 0.19813414
v 0.17012683 0.85983396 -0.12046289
v -0.25263140 -0.39672849 0.31431314
v -0.16276412 0.87454218 0.08910830
v 0.12038901 0.85498101 -0.17512955
v -0.20001049 0.29901642 0.36034575
v 0.15106563 0.41334072 0.17427975
v -0.11908634 -0.32272297 -0.41698954
v 0.13841438 0.84604388 0.16359848
v 0.18431664 0.31893131 0.37020099
v 0.21126008 0.85645849 -0.01358677
v -0.10674654 -0.78867340 0.42145610
v -0.15206544 0.41671878 -0.16953455
v -0.14484328 0.40711129 -0.18513256
v 0.05464613 0.87537241 0.15914784
v 0.23934077 0.38164073 -0.03819724
v -0.14402914 0.85071033 -0.15841320
v 0.02308758 -0.83051783 0.40567076
v 0.25088382 0.33911762 0.26698396
v 0.13472226 -0.84558260 -0.36324635
v -0.12340685 0.87218028 -0.14609827
v 0.04132635 0.32802498 0.40865529
v 0.25626224 -0.43684494 0.30329984
v 0.22979662 0.20107377 0.33969867
v -0.12812485 0.31819826 0.40523854
v -0.28003946 0.31460661 0.13081157
v -0.25150698 -0.69181025 -0.31614760
v -0.20128031 -0.86645061 0.26170412
v 0.16502367 0.34196764 0.36075154
v -0.19203652 0.41505107 -0.11728175
v -0.16364309 0.39861730 -0.18441105
v 0.09702791 0.35324427 -0.36335486
v -0.20318745 -0.86858606 0.23607996
v -0.12191983 0.39662838 -0.21954954
v 0.05585014 0.41207808 -0.22183503
v -0.16804783 0.32963133 0.37925193
v 0.23365748 0.37678641 0.12674685
v 0.25367254 -0.13332810 -0.31161040
v -0.25122398 0.04273077 0.31568101
v -0.04798279 0.40825084 -0.22616148
v 0.25711322 -0.03119631 -0.30381131
v 0.23578176 0.34757814 0.27927673
v -0.12260129 0.41882047 -0.18829904
v -0.09448068 -0.18769969 0.42291194
v -0.11463309 0.00348308 0.41747937
v 0.25788105 0.31735823 0.27994379
v -0.23951870 -0.61620975 0.32972434
v 0.22742966 -0.79665661 -0.33638924
v -0.02387645 0.49459714 0.21934173
v 0.01310627 0.85688704 0.21095563
v 0.16506378 0.33585799 -0.37399104
v 0.23662461 -0.75411004 0.32986492
v 0.03903310 0.86355442 0.20034976
v 0.20531273 -0.81162393 0.34897244
v 0.24006166 -0.70074648 0.32809415
v 0.10173340 0.85886991 0.18117772
v -0.18002152 0.87519920 0.02773275
v -0.21271016 -0.84381866 0.30487400
v -0.05386837 0.32974294 0.40646356
v 0.08743336 0.33853769 0.39430100
v -0.21979862 -0.78650397 0.34474683
v 0.09139869 0.85102171 -0.19295800
v -0.24384665 0.33950529 -0.29327476
v 0.25650659 -0.56790257 0.30342877
v -0.26539403 0.02185247 0.28125411
v -0.24034260 -0.45861000 -0.32890385
v -0.26835194 0.33251503 -0.19223022
v 0.13466533 0.16001426 0.40862140
v 0.08391857 0.31831667 -0.42021939
v -0.09114999 0.34220877 0.38819331
v -0.13326514 0.44370863 0.17953247
v 0.23356949 0.10419859 0.33649439
v -0.13754259 0.87366533 0.12856746
v -0.08024038 0.42599720 0.20818719
v 0.17661902 0.33940592 -0.35727677
v -0.19918671 0.86420572 0.04016016
v 0.26999095 -0.70256895 0.23416853
v -0.27639845 0.34166703 0.03499470
v 0.18282901 0.87387377 -0.04380998
v -0.10216037 -0.50825030 -0.42279494
v -0.25212100 -0.48513898 -0.31544980
v -0.15562610 -0.83778179 0.35764045
v -0.18535322 0.40565956 0.14309588
v -0.04336455 -0.78210413 -0.42289552
v -0.23441468 -0.85852754 -0.09213580
v -0.10048649 0.39794290 -0.22753324
v 0.25050873 -0.78617823 -0.31634802
v 0.12937966 0.40487400 0.19778652
v -0.23904355 0.16527307 0.33017921
v 0.18600070 -0.82962990 -0.34452587
v 0.25612915 -0.70198560 0.30462402
v -0.19965965 -0.81129378 -0.35321259
v 0.25174913 0.14530151 0.31082419
v -0.18796510 0.87405497 0.00631058
v -0.00876195 -0.86748964 0.35756570
v 0.03268120 0.42049929 -0.22041841
v 0.16377312 0.72485501 0.14744209
v 0.21629287 0.47512174 0.03232189
v -0.20643982 0.33198616 0.34752354
v -0.04530266 0.39079130 -0.26191363
v -0.13476554 0.20663589 -0.40869761
v 0.25754625 -0.34634390 -0.30376044
v 0.25502557 -0.18796186 0.30386883
v 0.26391751 -0.54380095 -0.29152974
v -0.04996669 -0.84957385 0.38780352
v -0.13086632 -0.51209080 0.40825635
v 0.10793384 -0.18940833 0.42237368
v 0.19842201 0.86368328 -0.04860406
v -0.13103896 -0.34774965 -0.40879694
v 0.16122565 0.39873940 0.18592596
v 0.24294369 0.08052142 0.32807130
v 0.24167103 0.33393446 0.31291726
v 0.24229021 -0.55913925 0.32670167
v -0.17422558 0.33061424 -0.37473845
v -0.16634004 0.54113334 0.14984280
v 0.12026177 0.32224455 -0.40730000
v -0.17803338 0.86578834 0.09012108
v 0.15470262 0.69235367 0.15825245
v 0.19683555 0.86691439 -0.02549136
v -0.22400394 -0.85257119 0.24846490
v 0.22285569 0.30746636 -0.34237939
v 0.27917370 0.33867854 0.03514714
v -0.06872132 0.39280742 -0.25318983
v -0.26007468 0.31511289 -0.28713086
v 0.13575904 0.33141702 0.39792755
v -0.23914503 -0.16067727 0.33006394
v -0.25226527 -0.79751587 0.30747747
v 0.25551668 -0.35519809 0.30474761
v 0.09166079 0.26040211 0.42267469
v -0.18021256 0.44359842 0.13180217
v -0.23536812 0.22280693 0.33302671
v -0.17823964 0.85947478 -0.10815578
v 0.18684989 0.33338976 0.36041394
v 0.23539348 -0.86088741 -0.03891088
v 0.11026397 0.40817589 0.20561297
v 0.24074514 -0.45145848 -0.32877925
v -0.20168866 0.41274521 -0.09959868
v -0.10374779 0.87437612 -0.15385506
v -0.09635305 -0.60198736 0.42320755
v -0.21566059 0.84351975 -0.00910095
v -0.12375092 0.33748409 0.39328051
v -0.25764537 -0.58601981 -0.30094138
v -0.22529836 -0.85808843 0.19372584
v 0.05603486 -0.85409087 -0.38300085
v -0.07649188 -0.83458108 0.40199202
v 0.25260320 0.06413940 -0.31277299
v 0.09283113 -0.85710412 0.37362549
v 0.06550542 0.34319520 -0.38681898
v 0.16419871 -0.03968437 -0.38681841
v -0.21872979 0.61049032 -0.00965302
v 0.05693915 0.85615849 -0.20268644
v 0.26475966 -0.66983974 -0.28541756
v 0.15526052 0.83001626 0.15356185
v 0.25066134 -0.09101253 -0.31688818
v 0.12581085 -0.47806823 0.41168165
v -0.26642373 0.34109661 -0.15144855
v -0.10408308 0.01452158 -0.42266187
v 0.28065395 -0.78685093 -0.12338266
v 0.02426744 0.82586974 -0.21703894
v 0.12137916 0.39973623 -0.21072902
v 0.03186543 -0.81241751 -0.41614145
v -0.13102904 -0.79363143 -0.40620837
v -0.19367191 0.40651634 0.12608351
v -0.24712773 -0.22505268 0.32238808
v 0.18749958 0.86217791 0.08408926
v -0.28400674 -0.77703172 -0.09065101
v -0.11715551 -0.61748290 0.41715589
v 0.21693262 0.71971399 0.02483680
v -0.21280727 0.84582394 -0.03649020
v -0.25965923 0.31681287 0.29176337
v -0.18288824 0.84388632 -0.11406803
v 0.23500904 -0.50189525 0.33255705
v -0.07740667 0.32959133 0.40685651
v 0.03230732 0.84818715 0.21291605
v 0.16163827 -0.80237556 0.38396338
v -0.13420750 0.16745453 -0.40891460
v 0.24607393 0.02265557 -0.32312989
v -0.18922435 0.85783285 -0.09199545
v 0.00212139 0.40166503 0.23779207
v 0.10049935 0.84080875 0.19055833
v -0.00886261 0.85865903 0.21003892
v -0.06423865 0.40289253 -0.22834629
v -0.02184076 0.32692444 -0.41002592
v -0.03931241 0.32693237 -0.41002589
v -0.13811310 0.42711750 -0.17690592
v -0.24029300 0.35724977 -0.21833341
v 0.16750143 0.87455642 -0.07215668
v -0.04824149 0.39239216 0.25738627
v -0.26424953 -0.81053567 -0.21827470
v -0.18423295 0.32886690 0.36779338
v 0.24225466 -0.58537060 0.32659277
v -0.25617230 0.14463936 0.30446348
v -0.02779600 0.40269840 0.23595528
v 0.05697308 0.86244261 0.19745101
v -0.16361405 -0.81581104 -0.37693185
v -0.17345890 0.54590786 -0.14074272
v -0.20262039 0.39557466 0.13996145
v -0.01884924 -0.86273807 -0.36832389
v 0.24074677 -0.17036153 0.33004078
v 0.17224640 0.45332503 0.14441605
v 0.24009496 0.32005614 0.32530209
v -0.25054538 0.10856969 -0.31595260
v -0.06233266 0.41876876 0.21696277
v -0.03097020 0.42328799 -0.21966307
v 0.25034389 0.16927415 -0.31640065
v 0.14114949 0.79360080 0.16645332
v -0.12319291 -0.18782032 -0.41512284
v -0.09189337 -0.83515269 -0.40031344
v -0.10161291 -0.86305827 0.35903072
v 0.21185794 0.51921612 0.05486941
v -0.02061516 0.50808758 -0.21946521
v 0.28109047 0.33673030 -0.02631604
v -0.14629939 0.70255423 -0.16495410
v -0.21870704 -0.86868274 0.09553431
v 0.14804259 -0.83553249 0.36708415
v -0.18095195 0.39985284 0.16268995
v -0.20724282 0.86074185 0.00423137
v -0.25420246 -0.48346719 0.31157184
v 0.23448507 -0.27061310 0.33415449
v -0.26509061 0.24436356 -0.27558258
v -0.17867756 0.40813485 -0.15164071
v 0.07867425 0.86586738 -0.18377617
v 0.25487033 0.07258151 0.30015182
v -0.16821650 0.34172735 0.35788259
v 0.23385507 -0.86343348 0.01222997
v -0.13659754 0.40111786 0.19890875
v -0.26954603 -0.59359455 -0.23932441
v 0.18775776 0.40643084 0.13836253
v -0.10938861 -0.87540084 -0.30256969
v -0.15795502 0.41474691 0.16718230
v -0.25716388 0.28906691 0.30101424
v 0.13469128 0.19789414 0.40869513
v 0.25266764 0.34010065 0.25002298
v -0.21839796 0.80381197 -0.01114760
v 0.23382883 0.37157041 0.16118561
v -0.16720527 0.78213465 0.14150076
v 0.17984080 0.34390572 0.34472510
v 0.21629587 0.83083940 -0.02636603
v -0.18862380 0.33046666 -0.36250710
v -0.28213578 0.31830373 0.10541313
v 0.21636915 -0.87372178 0.04394775
v 0.19779189 0.33732498 0.34682581
v 0.25307924 -0.09333555 0.30933726
v 0.05956135 0.31604460 -0.42158583
v -0.20277727 0.40590701 0.10645565
v 0.16208263 0.33294690 0.38197339
v 0.15936720 -0.82454658 -0.37045461
v -0.21219715 0.84945565 0.03609594
v -0.24497524 -0.57384557 -0.32454580
v 0.15486626 0.86533719 -0.12877037
v 0.07151864 -0.83144110 0.40511480
v 0.14637034 0.55091268 0.16852333
v -0.05691870 0.86980528 0.18649866
v -0.21872798 0.32792702 -0.34164047
v -0.28130949 -0.81118160 -0.05956054
v -0.04509635 0.40886727 0.22652246
v -0.16745970 0.40031114 0.17587842
v -0.28954163 -0.67571390 -0.02647782
v -0.26467177 0.34025234 -0.17249753
v -0.19389360 0.39945185 -0.14230157
v -0.16762149 0.40634915 -0.16739658
v 0.11648653 -0.00831920 0.41847724
v 0.21844032 0.82743543 -0.00201266
v 0.15764171 0.87277114 -0.10725491
v -0.27653402 -0.78055763 0.16791260
v -0.28839374 0.28840846 -0.04729825
v 0.22888844 0.25034201 0.34058082
v -0.04678359 0.85635054 -0.20646310
v 0.25106376 -0.61299068 -0.31715798
v 0.19590147 0.85380501 -0.08311949
v 0.18543524 0.81497896 -0.11522277
v 0.26844856 0.33957776 -0.14880921
v 0.12009919 -0.68763512 0.41460639
v 0.26662338 0.33341613 0.19952989
v -0.22773004 0.34847182 -0.28566673
v 0.15126590 -0.86049187 0.33310702
v 0.24211255 -0.34963146 0.32784304
v 0.06963100 0.32691288 -0.40980998
v 0.00877635 -0.85896981 -0.37572777
v -0.06997392 0.76197463 0.20759530
v -0.24545932 0.34629893 0.27092102
v 0.26651645 -0.34913018 -0.27122077
v -0.25280777 -0.37137324 -0.31352255
v -0.29032856 0.04577711 -0.02291829
v 0.21256971 0.43281895 -0.05028839
v -0.19492117 0.85645568 0.08231129
v -0.25971296 0.32728952 -0.27360442
v 0.25340936 0.02306781 0.30661756
v 0.21367665 0.39565611 0.10836785
v -0.23433164 -0.70842534 -0.33223781
v 0.24164344 -0.65678459 0.32671651
v -0.08337768 0.40960547 0.21683338
v 0.02321172 -0.84509456 -0.39226091
v 0.13404307 0.07042417 0.40869781
v -0.02523517 0.33080357 0.40548849
v -0.03762918 0.32076040 0.41781908
v 0.19203354 0.87074131 0.01770436
v 0.23721890 -0.85381728 -0.11133963
v -0.27322495 -0.81910026 0.07086266
v 0.15313889 0.75563240 0.15777446
v -0.24687944 -0.27959192 -0.32372853
v 0.26046789 -0.30989709 -0.29847437
v -0.21864477 0.40321183 0.06094729
v 0.15092072 0.42947975 -0.16560119
v -0.20132263 0.32034469 0.35709000
v 0.24862739 -0.77181089 0.31970122
v -0.25369686 -0.45283768 0.31242374
v 0.19751985 0.40505221 -0.11933591
v -0.09781589 0.24184081 -0.42261970
v 0.13369398 0.87482184 0.11957107
v 0.00225589 0.87520093 -0.17992532
v 0.12998438 0.40959281 -0.19151124
v -0.02001469 0.82842898 0.21740125
v 0.24447036 -0.61084718 0.32470211
v -0.20920363 -0.81213194 0.34360915
v -0.20317334 0.86283422 0.02283052
v -0.23691392 0.32191303 0.32481220
v -0.25645709 -0.54611313 -0.30587912
v -0.26556289 0.17570022 0.27975848
v -0.08404700 0.28777415 0.42261222
v -0.24314234 -0.73512709 -0.32518950
v -0.26472321 0.33392137 0.24563016
v -0.25809866 -0.53230864 0.30339417
v -0.11856519 -0.76291496 -0.41539243
v 0.10242087 0.78674424 -0.19231422
v 0.24363345 -0.22294417 -0.32626510
v -0.24032240 0.29635555 0.32879853
v 0.11012071 0.27044463 -0.41996223
v -0.25376326 0.17905416 0.30944464
v 0.13932593 0.33053625 -0.39514911
v -0.25247106 0.34058040 -0.25667188
v 0.21035342 0.41241503 0.07051149
v 0.15137194 -0.80263853 -0.39046744
v -0.19663513 0.86336702 0.05635976
v 0.23833586 0.38365933 0.02001619
v -0.10952525 0.40774256 -0.20644012
v -0.22697312 0.38054597 -0.14042693
v 0.25138363 0.10937724 0.31257206
v -0.20692725 0.44748485 -0.07018382
v -0.11206543 0.82978815 -0.18585794
v 0.22434372 0.40200475 0.00900506
v 0.20688394 0.39082429 0.14846118
v 0.25511569 -0.05884541 0.30166295
v -0.06963950 0.87412423 -0.17167547
v -0.20999834 0.83605480 -0.05808415
v 0.22139321 0.40421125 -0.03551537
v -0.22289059 0.32057157 0.33896214
v -0.14390530 0.85230601 0.15687498
v -0.26763397 0.34347406 -0.12058596
v 0.15930825 0.63583660 -0.15532717
v 0.14359818 0.40629563 0.18654618
v 0.23844318 -0.65718746 -0.33043757
v 0.27379000 0.31109917 -0.19538675
v 0.24084432 -0.19218852 0.32981977
v -0.21582237 -0.87267709 -0.07764693
v -0.25856394 0.34149364 -0.21103521
v 0.05596605 0.34999976 0.37155747
v -0.18517113 0.41329190 -0.13505171
v -0.26144981 -0.28456095 0.29830211
v -0.25326574 0.32813689 -0.29391313
v -0.14029139 0.42383489 0.17699362
v -0.23998459 -0.07499537 -0.33102423
v -0.24341753 -0.85344923 0.04883625
v 0.24328800 -0.73955244 -0.32610950
v 0.14700428 0.33918211 -0.38005060
v 0.19256571 0.84942192 0.09341533
v -0.17666347 -0.87356043 -0.26848981
v 0.24344613 -0.53302544 -0.32659453
v 0.18058255 0.42655545 0.13257881
v 0.19889781 0.86095572 0.05612939
v 0.13452813 0.30698717 -0.40401423
v 0.25079682 0.32118589 0.30451724
v 0.18688278 0.40593430 -0.14037794
v -0.19570795 0.37052441 0.24732745
v 0.10775846 -0.87489426 0.32620385
v 0.18492371 0.39740816 0.16390276
v 0.27326998 0.32557887 0.16983819
v 0.10891668 -0.78812850 -0.42078507
v 0.28198245 0.32396102 0.10444389
v 0.09874730 0.40090981 -0.22127834
v -0.25564873 -0.15306793 -0.30613112
v -0.25261912 0.30559745 -0.30937615
v -0.05401750 0.47236198 -0.21529898
v 0.09616547 0.40564051 0.21509829
v 0.24183461 0.17524482 0.32915026
v 0.11429743 0.33569801 0.39845070
v -0.03940089 0.87163144 -0.18869577
v -0.19811606 0.42612126 0.09477814
v 0.18906398 -0.85178083 -0.31441942
v -0.11762270 -0.13471414 0.41579801
v 0.27212474 -0.79863602 -0.17774525
v 0.06585757 0.41118509 0.22006814
v 0.25257233 -0.12435843 0.31150368
v 0.25412452 0.22138914 0.30063742
v 0.24645534 -0.55903119 -0.32357779
v -0.09832995 0.87538868 -0.13490528
v 0.16181245 0.87394142 0.09384612
v 0.04833975 0.87375116 0.18210551
v -0.26858142 0.34036529 0.14022359
v -0.24275610 -0.13053103 -0.32866275
v -0.14123824 0.29719993 0.40060946
v 0.16452944 0.43565804 0.15306644
v 0.16502491 0.85133737 0.13610324
v -0.24866553 0.27075046 0.31874430
v -0.01295507 0.85680401 -0.21100764
v -0.24491736 -0.64938670 0.32481775
v 0.12018991 -0.24464148 0.41689816
v -0.16304690 0.34268382 -0.36059135
v 0.15926167 0.40604359 -0.17307277
v -0.09495956 -0.73378104 0.42326003
v 0.25330150 -0.40128854 -0.31335425
v 0.10536617 0.87290180 -0.15858908
v -0.17926933 0.84348339 0.12100042
v -0.02541966 0.34580836 -0.38215053
v 0.13296826 0.42928383 -0.17990837
v 0.26669392 0.20029908 -0.26966059
v 0.22980294 -0.84033883 -0.27611017
v 0.20993988 0.84525782 0.05244195
v 0.28492865 -0.78900242 0.07800602
v -0.16601965 0.44434148 0.15117201
v -0.10787392 -0.81521237 -0.41158336
v -0.12028663 0.45038390 -0.18816413
v 0.24805552 0.36155134 -0.15058422
v 0.18571134 0.69758052 0.11818474
v 0.24161251 0.19614470 -0.32736486
v 0.21534410 0.33791760 0.32838723
v 0.09510147 0.17568813 -0.42264608
v -0.11617570 -0.58009517 0.41792035
v -0.26488546 0.34114569 0.17936617
v -0.00039106 0.32549942 -0.41144684
v 0.17177837 0.87214863 0.08263146
v -0.21604103 -0.87445605 -0.02595684
v 0.26844850 -0.78698200 -0.24406828
v -0.11726338 -0.54471099 0.41696188
v -0.03349651 0.85142177 0.21168607
v 0.26594442 -0.07652196 -0.27664638
v 0.03845745 0.40231758 0.23466843
v -0.19678256 0.31219745 -0.36254001
v 0.06870385 0.41708639 -0.21731265
v -0.15827693 0.78376096 -0.15198937
v 0.08226795 -0.87267298 -0.34249833
v 0.03931931 0.31636024 -0.42155141
v 0.19473061 -0.87533343 -0.06212334
v -0.25515333 -0.33620492 -0.30935246
v -0.24746417 -0.62871337 -0.32163316
v 0.10700805 0.43506786 -0.19547363
v 0.24152352 0.33218005 -0.31086111
v 0.19809067 -0.87320447 -0.21099533
v -0.25412726 -0.14297971 0.31053826
v 0.26554364 -0.82112312 0.15661317
v -0.20899004 0.34587905 0.31424198
v -0.25819278 -0.30087557 -0.30081910
v 0.24061467 -0.03494477 -0.32885537
v -0.20634469 0.41309077 -0.08140954
v 0.26502568 0.11439990 -0.28377989
v 0.03991506 0.87538165 -0.16558403
v 0.23496771 -0.30123666 -0.33344048
v -0.12893264 -0.77301747 0.40962136
v 0.20099430 0.32946980 -0.35463315
v 0.23929794 0.13071418 0.33166906
v -0.27741075 0.31439599 0.15754634
v 0.20968315 0.85747969 0.03072277
v -0.26319149 -0.81811380 0.17448740
v -0.21444018 0.35620350 0.27835733
v -0.27983806 0.33254302 -0.10718238
v -0.17866898 -0.83271778 -0.34840831
v -0.21881320 0.46705258 0.00657734
v 0.19055469 0.41502798 0.11964336
v -0.15211655 -0.80239004 -0.39064112
v -0.12412293 0.32774064 -0.40473133
v -0.25428972 -0.56225091 0.31153461
v 0.08885992 -0.09760146 0.42283136
v 0.21433969 -0.87457985 -0.00973512
v 0.25376371 0.17689872 0.30278379
v 0.07302880 0.32615831 0.41074207
v 0.21453717 -0.87219006 -0.08191752
v 0.13398430 0.86301506 0.15288593
v -0.00134675 0.30825329 -0.42270496
v 0.18165898 0.87489003 -0.01437986
v -0.26197863 -0.11887799 0.29620096
v -0.08177060 0.39746934 -0.23657428
v 0.22067554 0.40110782 0.05599858
v 0.20439765 0.86222935 0.01377492
v -0.18024831 0.87432557 0.04983341
v 0.06722558 0.48964655 0.21233818
v -0.09917176 0.41463906 0.20497598
v -0.21127306 0.40355045 0.08781185
v 0.12812276 -0.79852867 -0.40716186
v 0.19223645 0.83772260 -0.10054478
v -0.20942432 0.39954084 -0.10664436
v -0.10384154 0.83900970 0.18934241
v -0.06758650 0.85474855 -0.20049633
v -0.14614068 -0.83082664 -0.37437749
v 0.26398665 -0.82689947 -0.11243279
v -0.25127408 -0.69631839 0.31680223
v -0.19120149 0.84229100 0.10036958
v 0.26362363 -0.45696315 -0.29138005
v -0.09732556 0.87486404 0.14749183
v 0.17916289 0.84929627 0.11799058
v 0.27522460 0.34031299 -0.07679527
v -0.25257024 0.01808268 0.31322867
v 0.23820862 -0.11681813 -0.33080453
v -0.17900935 -0.78788733 0.37565181
v -0.10291382 -0.57241470 -0.42279336
v 0.20311016 -0.56742018 0.35605341
v 0.23062608 0.36125037 -0.23714694
v 0.27101630 0.30262011 0.22107129
v 0.03293531 0.31539395 0.42200372
v 0.17569083 0.87486607 0.05077770
v 0.10953565 0.42920876 0.19447023
v 0.08128926 -0.83802336 -0.39856324
v -0.09160618 0.29325995 -0.42261899
v -0.21385501 -0.81673026 -0.33924770
v -0.15893695 -0.86556661 0.31593227
v 0.09535442 0.32582116 0.41094849
v -0.26809973 -0.25311700 -0.25378853
v 0.22029828 -0.86944705 -0.06031840
v -0.24042712 -0.19737993 -0.33013237
v -0.09223431 0.41432160 -0.20779103
v -0.11012668 -0.75549406 0.42129925
v -0.18650785 0.63263810 0.11827589
v -0.16366363 0.30863738 0.38629669
v -0.01205213 0.34574217 0.38219649
v 0.10590417 0.83497769 -0.18910381
v 0.07121428 0.82973367 -0.20579815
v -0.20731655 0.42395067 0.06929686
v -0.26540694 0.32129729 -0.25499949
v -0.15246977 0.86726540 0.12707648
v -0.13127711 0.41294450 0.18759286
v 0.19992968 -0.87485147 -0.15400566
v -0.18964157 0.33703119 0.35307443
v 0.12394227 0.34518641 0.37901494
v 0.27945265 0.33629134 0.07876081
v 0.27831998 0.30806676 0.14986643
v -0.25137046 -0.77829552 -0.31627688
v 0.24918863 0.24969423 0.31750846
v -0.24953277 -0.18510066 0.31874043
v 0.12173493 -0.41599903 0.41485775
v 0.16927014 0.87036490 -0.09479535
v 0.20956945 -0.87390983 0.10516242
v 0.10348546 -0.55439633 0.42276233
v 0.23549841 0.11799037 -0.33295345
v -0.11575262 -0.68193275 0.41837531
v -0.07511542 0.86662525 -0.18453042
v 0.21055265 0.84191257 -0.05307917
v 0.04403894 -0.78380638 -0.42301309
v 0.25585976 -0.64214325 -0.30832657
v 0.21331094 0.30099136 0.35195890
v 0.23383516 0.34479004 -0.29442081
v 0.14729011 0.59827107 -0.16672680
v 0.20963909 -0.84112364 0.31489334
v -0.14767219 0.39642337 -0.20316763
v 0.09411765 -0.81074047 0.41646135
v 0.02674514 0.87477082 0.18217587
v -0.18529776 0.87055802 -0.05757926
v 0.20107585 -0.87347603 0.19254051
v 0.23202057 0.15796849 -0.33577567
v 0.11773872 -0.59554386 -0.41674691
v 0.24175100 -0.42803022 0.32776418
v -0.12360285 -0.06995846 -0.41505554
v 0.16722012 0.44931719 -0.15013947
v 0.23578703 -0.79288024 0.32990700
v 0.26517776 0.34283379 0.14879639
v 0.05622078 0.40154904 -0.23418990
v -0.09627857 -0.42724943 0.42311478
v -0.25827438 -0.46231583 -0.29965374
v 0.11106113 0.29633632 -0.41925302
v -0.15915331 0.57699573 -0.15657943
v 0.21244682 0.33261743 0.34515855
v -0.18855351 0.87336314 -0.01326925
v -0.04445964 0.79040283 0.21412657
v -0.11743122 -0.65087128 0.41683501
v -0.07450548 0.40120116 0.22901551
v 0.18187268 0.85105097 -0.11233508
v 0.23663102 -0.37875193 -0.33209193
v -0.15289320 0.51209241 0.16387568
v -0.25204492 -0.31288537 0.31542364
v 0.24956922 -0.27086368 0.31860983
v 0.14557518 -0.81953192 0.38763279
v -0.19895767 -0.78859824 0.36092699
v -0.24667455 -0.81955397 -0.29578850
v -0.10641907 -0.51121563 0.42277294
v 0.22950372 0.33496788 0.32380748
v -0.22956003 0.39378190 -0.01693285
v 0.15255353 -0.87167585 0.30665916
v -0.12804568 0.86178440 -0.16124068
v 0.16679740 0.78401083 0.14207532
v -0.01259653 0.86771727 -0.19689526
v 0.26299015 0.31796592 0.25480649
v -0.25244924 -0.43522224 -0.31438497
v 0.15103051 0.85812265 0.14607897
v -0.15706304 0.33440140 -0.38475412
v 0.25986484 -0.82757723 -0.14331399
v -0.27094570 -0.81270468 -0.14843893
v -0.25066170 0.31604922 0.31219572
v -0.28756768 -0.78782970 -0.04307646
v 0.10826422 -0.66311765 0.42222711
v 0.10578761 0.31168151 0.42113373
v -0.09050481 0.79010749 -0.19822961
v -0.22851862 0.38848740 0.08163483
v 0.02318700 0.60457456 -0.21890499
v 0.05678144 0.32071257 0.41809025
v -0.23606311 0.32268146 -0.32848531
v -0.17993876 -0.81227213 -0.36728436
v -0.09990744 -0.36703905 -0.42278880
v 0.27013344 -0.46633196 0.23321055
v 0.29068297 0.21954729 0.01722369
v 0.25444457 -0.79875076 -0.29649821
v -0.16329893 -0.34482482 0.38742054
v -0.27548262 -0.79084605 -0.17281829
v -0.23460175 0.10488649 -0.33562723
v -0.10901361 0.85604811 -0.18112843
v 0.24898887 -0.51276749 0.31958771
v 0.22072618 -0.85833204 0.23561554
v 0.16488792 0.10056214 -0.38632911
v -0.08200790 0.39187583 0.25286347
v 0.25430822 0.34615028 -0.22856067
v -0.10860984 -0.24249823 -0.42245087
v 0.26409745 -0.82748467 0.10721054
v 0.18706100 0.47040483 -0.11938456
v 0.12172762 -0.32918778 0.41536132
v -0.27951333 0.33739805 0.06188704
v 0.25914645 -0.75889087 -0.30128473
v -0.25351781 -0.76079452 0.31317559
v 0.18302028 0.87011272 0.06503283
v -0.24706559 0.33054182 -0.31135526
v 0.27838066 0.32911766 -0.11879657
v -0.09733240 -0.74737066 -0.42288440
v -0.10836481 0.25948110 0.42067128
v -0.23240010 0.34457165 0.29597750
v -0.26750588 -0.82390660 -0.10586745
v -0.08901053 0.85913795 -0.18901117
v -0.24462818 -0.60338980 -0.32470572
v 0.28944671 0.31222075 0.00491412
v 0.11601914 -0.19567230 -0.41724423
v -0.11900039 -0.69372404 -0.41535863
v -0.02573056 -0.80792111 0.41866019
v -0.07806412 0.31799120 -0.42072979
v -0.11693915 -0.36640596 0.41711363
v -0.02127805 -0.80742711 -0.41871706
v -0.21511525 0.44365388 -0.03686428
v 0.17896177 0.86223733 0.10038518
v 0.19215429 0.82703096 0.10311254
v -0.22447810 0.36828643 0.21970426
v 0.25627428 -0.46308014 0.30341166
v 0.28032991 -0.80748755 -0.06926312
v 0.11658175 -0.32690385 -0.41704658
v 0.10002339 -0.40193975 0.42278323
v -0.23320746 -0.20027575 0.33487949
v 0.26507315 -0.49755448 -0.28434634
v -0.10745679 0.13222490 0.42193061
v 0.10449341 0.41173255 -0.20492317
v 0.21081102 -0.85583776 -0.28567034
v 0.04288986 0.84589648 -0.21148789
v 0.18909454 0.46372759 0.11628325
v 0.03422881 -0.86172593 -0.37058419
v 0.24649999 -0.85246557 0.03337663
v 0.15192977 -0.87398136 -0.30027401
v -0.27256113 -0.82506216 -0.03368232
v -0.23605010 0.20667803 -0.33466607
v 0.12624674 -0.87471598 -0.31513321
v 0.26276594 0.27906483 0.26509279
v -0.26045072 0.16736481 -0.29030946
v -0.23901659 -0.03056218 0.33023527
v 0.11430161 0.87503654 0.13498159
v 0.11570878 0.33707267 -0.39530563
v -0.22048000 -0.87012297 0.03931516
v 0.25534850 -0.43177629 -0.30899048
v -0.22052865 0.30823252 -0.34582362
v -0.20347019 0.82878047 0.07689208
v 0.23921904 -0.81147212 -0.31722969
v -0.15946876 0.30616194 -0.39064336
v -0.13998704 -0.87315196 -0.31518590
v -0.02611801 -0.85622513 0.38034624
v 0.04444145 0.80552644 0.21387586
v -0.10725889 -0.01750221 -0.42254111
v -0.08758177 -0.87145948 -0.34491834
v 0.09719479 0.04250593 -0.42273152
v 0.16848791 0.40362594 0.16945003
v 0.25586671 -0.37567633 -0.30844408
v -0.16604416 0.86234540 -0.12025097
v 0.01165022 0.82947308 0.21803977
v 0.25726074 0.00236435 -0.30322146
v 0.18228331 0.86597604 -0.08167189
v 0.27167574 -0.82605350 0.00259718
v -0.11634035 0.42475650 0.19080721
v -0.25382277 -0.08600707 0.31112921
v 0.10560264 -0.05504575 0.42246440
v 0.09901181 -0.35826215 0.42278183
v 0.25807860 -0.32569823 0.29503360
v 0.21997300 0.39537477 -0.09114327
v 0.07855887 0.39849925 0.23460735
v -0.24975631 -0.65410388 -0.31923997
v 0.05777038 0.33846122 0.39437020
v -0.14224526 0.87502801 0.10354983
v 0.24793416 0.04877552 0.32076105
v -0.05606427 -0.80657738 0.41921023
v -0.23797312 0.19219637 0.33096352
v -0.27280790 -0.82178092 0.04194002
v 0.07576359 0.69857717 -0.20647141
v 0.12139466 -0.64205700 0.41393465
v -0.16542493 0.87496769 -0.07131875
v -0.12702075 -0.82428902 -0.39651108
v 0.15107712 0.86852676 0.12612329
v -0.25043175 -0.72967774 0.31821916
v 0.11738182 -0.02243656 -0.41564661
v -0.22329214 0.33516619 -0.32787675
v 0.15001182 0.32118559 0.39467713
v -0.23590498 -0.80484211 0.32534590
v 0.27525210 -0.81707627 0.08616515
v -0.27372310 -0.80405450 0.15050723
v 0.25508621 -0.01539795 0.30076629
v 0.22268800 -0.81407517 0.33391878
v 0.20280254 0.32205448 0.35640243
v 0.21085826 0.63107860 0.05871093
v 0.28542569 -0.59599143 -0.07402374
v -0.18802433 0.86483216 -0.07477029
v -0.15092123 0.34233096 0.36882713
v -0.25393328 -0.40137622 -0.31169626
v -0.11031999 -0.34743434 -0.42142284
v -0.19545165 0.38860223 0.18296739
v 0.18481438 0.65499222 0.12100002
v 0.28110909 -0.80947548 -0.01644018
v 0.27889875 0.33863577 -0.05151302
v -0.28576243 0.30065981 0.07068337
v -0.10832265 -0.05308965 0.42184153
v -0.14427914 0.44702262 -0.17174609
v 0.02425115 0.87225479 -0.18939917
v 0.07375570 0.85413736 -0.19860157
v 0.21866396 -0.86241937 -0.20049807
v -0.00330001 0.68719649 0.21967681
v 0.23885722 -0.08669455 0.33178982
v 0.14797530 0.86095768 -0.14520007
v 0.19867021 0.86670214 -0.00338312
v 0.25328556 0.34687898 0.21125050
v 0.17446615 0.82222515 0.13121672
v -0.11731536 -0.47599608 0.41676185
v 0.00425328 -0.82558155 -0.40855068
v 0.11786942 -0.56247360 -0.41664192
v 0.23783471 0.28508312 -0.33074078
v 0.02186366 0.40241411 0.23510610
v -0.13592423 -0.85575700 -0.35085851
v -0.12491006 -0.22155823 -0.41374853
v 0.08310099 0.40991759 -0.21664092
v 0.20845963 0.74439007 -0.06506209
v -0.27247575 0.31311604 0.20822001
v -0.03669992 0.87494648 0.18043779
v -0.20624197 0.79247117 -0.07084583
v -0.25931498 -0.78307974 -0.29046884
v -0.12291710 0.23902638 -0.41481355
v 0.21843758 0.42358294 -0.01381486
v -0.14807351 0.39158425 0.21727945
v -0.12416801 0.87305176 0.14339316
v 0.26518902 -0.83168185 -0.04415279
v -0.25463948 -0.05688663 -0.30766845
v -0.08257641 0.85024059 0.19712822
v 0.29111058 0.13906434 -0.00085523
v -0.24400403 0.16343425 -0.32661515
v 0.24395297 -0.37483910 0.32591796
v -0.27009991 0.29352838 -0.23628755
v -0.10783650 0.74980581 0.19010291
v -0.26672909 0.30590516 0.26742539
v 0.11228149 0.17572083 0.42068854
v 0.25952962 -0.82545125 0.18096411
v 0.16943513 0.77804881 -0.13907009
v -0.26230139 -0.12150896 -0.28895324
v 0.15869825 0.67702955 -0.15472789
v -0.00658276 -0.83849543 0.39909732
v 0.13706936 0.87475097 -0.12148064
v -0.16146137 0.86918175 0.11031851
v 0.01747228 0.32829234 0.40835130
v 0.21359923 0.85091925 0.00823679
v 0.17390895 -0.87524086 -0.23393898
v 0.26648679 -0.80858296 0.20479362
v 0.09808545 -0.53408062 -0.42316836
v 0.26573220 0.07223684 -0.27878359
v -0.12056115 -0.72512507 0.41475138
v -0.02296676 0.87499869 -0.18139011
v 0.26237231 0.23781799 -0.29023090
v 0.17497322 -0.83017546 0.35402188
v -0.23883797 -0.10269923 0.33038491
v 0.17504385 0.56283653 0.13797976
v 0.20642409 0.37586769 -0.21890026
v 0.25038344 -0.67624891 -0.31836000
v 0.26289386 0.03410590 -0.29154027
v -0.24216247 0.13909246 0.32688507
v 0.16977406 0.48496267 0.14717029
v 0.26469111 -0.22651614 -0.28686577
v -0.09447782 0.06808627 0.42272601
v -0.20445186 0.73515046 -0.07590387
v 0.08181667 0.41205353 0.21494536
v 0.25701687 -0.66532165 0.30143815
v -0.21207149 0.33650458 0.33455059
v -0.02958864 0.73410529 0.21722518
v 0.12206995 0.36955523 -0.30518499
v -0.20001988 -0.87501454 -0.16599594
v 0.24236666 -0.00000820 0.32890338
v -0.26479062 0.25985718 0.28274542
v 0.24160579 0.27193820 0.32963625
v -0.24963574 -0.82842332 -0.24067023
v 0.27949330 -0.79160333 0.13692938
v 0.23634885 0.04688364 -0.33237275
v 0.09865288 -0.35053340 -0.42304608
v 0.17186771 -0.87441844 0.26021987
v 0.25128201 -0.63772625 0.31634927
v 0.00616283 0.41685811 0.22247380
v -0.01310570 -0.87519884 0.33210859
v -0.00436862 0.32694814 0.40998000
v 0.22044614 0.32506594 -0.33918369
v 0.01763312 0.40651634 -0.23240437
v -0.10651910 0.33036375 0.40543291
v 0.24356097 0.29560694 0.32699987
v -0.14381161 0.87315053 -0.12335218
v -0.22989938 -0.81995440 -0.32129675
v -0.22246473 0.39501229 -0.07335830
v -0.08765838 0.49680176 -0.20441732
v -0.25246739 -0.71640033 -0.31436732
v 0.14849819 0.50681579 -0.16753575
v -0.26836839 -0.78119373 0.24936105
v 0.11888777 -0.40703622 -0.41561010
v -0.18605353 0.59183818 -0.12014659
v -0.12821864 0.86224014 0.15807600
v 0.28108543 -0.80182129 0.10828435
v -0.25833806 -0.62735873 -0.29740196
v 0.19133292 0.55900586 -0.11009915
v -0.10279959 0.32189712 -0.41527039
v -0.15660210 0.61028808 0.15879217
v 0.20920342 0.69479924 -0.06379915
v 0.16544665 -0.86347729 -0.31453276
v -0.08560526 0.45500404 -0.20590985
v 0.28558627 0.30482003 0.07459795
v 0.09539431 0.86846334 0.16987427
v 0.23535733 0.25024408 -0.33300176
v -0.11669518 0.63616800 0.18735483
v 0.12364344 -0.46949115 -0.41276887
v -0.20061301 0.39160210 0.16211058
v 0.05086742 -0.87024820 -0.35026994
v -0.19306006 -0.86213273 0.28973216
v 0.06218819 -0.86861330 0.35494161
v -0.24178365 -0.82165128 0.29529092
v -0.23779966 -0.00533875 -0.33287951
v -0.27814320 0.33664760 0.08778518
v -0.21555500 0.80572397 0.03340355
v 0.27053520 0.33244681 -0.17555529
v 0.25304320 0.29323515 0.30444157
v -0.10353360 -0.78494030 -0.42250866
v 0.19379313 -0.87525481 0.16283366
v 0.07831027 0.87498552 0.16075596
v -0.15182526 0.52757585 -0.16442694
v 0.02956717 -0.85445291 0.38272288
v -0.12036044 -0.59731358 -0.41485190
v -0.16303506 0.73221356 0.14805283
v -0.23914218 -0.03930255 -0.33175328
v 0.27915111 -0.81626320 0.03232214
v 0.19552587 0.85894543 0.07295173
v 0.18458052 -0.81312960 -0.36156666
v -0.20997718 0.38526508 -0.16811696
v 0.28824511 0.30309212 -0.03069731
v -0.28648561 0.32075870 0.03801770
v -0.06801879 0.87540746 0.14506625
v -0.07692311 0.81749988 0.20382223
v -0.23817889 -0.36693463 -0.33089301
v 0.17729563 -0.87421477 -0.26198488
v 0.25422427 -0.81553519 0.26816717
v 0.21541014 -0.87049258 -0.10431972
v 0.14761297 0.84267223 -0.15791182
v -0.19401741 0.53140366 0.10455977
v 0.21795781 0.78130931 -0.01562368
v 0.09276000 -0.86985070 0.34692678
v -0.23993407 -0.13019730 0.32940125
v 0.19910654 0.86433202 0.04071286
v -0.24587667 -0.52062422 -0.32374114
v -0.09802925 -0.67711860 -0.42284796
v -0.26363629 -0.82828015 0.10275338
v -0.10849435 0.10423134 0.42162043
v 0.26539323 0.33374369 -0.23894867
v 0.21902344 0.66953021 0.00064509
v -0.26448652 -0.70116842 0.28671122
v -0.12361555 0.87458074 -0.13381995
v 0.27862990 0.32535109 0.13034813
v 0.19617952 0.43380034 0.09881300
v 0.10922258 -0.49523926 -0.42220005
v -0.11702060 -0.40626362 0.41693920
v 0.13823445 -0.00267356 0.40542799
v -0.27438086 0.33059591 -0.14131261
v -0.26758865 0.33926174 0.16169284
v -0.13798746 -0.87537640 0.27890545
v -0.10447779 0.35120776 0.36810786
v 0.18388583 0.34498507 -0.33669436
v -0.18588705 0.34279943 -0.34311092
v -0.21622945 0.83955967 0.01668030
v 0.04369531 0.32969013 -0.40676561
v -0.17810349 0.80650818 -0.12649146
v -0.15543965 0.68860763 0.15758373
v 0.21219552 0.59559858 -0.05376791
v -0.25343272 0.33541515 0.28830445
v 0.11392639 -0.75664830 -0.41948158
v -0.26266688 -0.80518991 0.23031522
v 0.25255650 -0.81836176 -0.23862424
v 0.25764352 0.34896621 -0.17544790
v 0.20839471 0.33790258 -0.33417448
v -0.18397392 -0.81652260 0.36012247
v 0.24316719 -0.82837039 0.28556767
v 0.21090186 -0.81864238 -0.33608019
v 0.21407144 0.42723706 0.04361141
v 0.02525268 0.52736199 0.21901159
v -0.06227654 0.45025074 0.21409166
v -0.24941824 -0.80258632 -0.31356749
v -0.12722360 0.54713595 0.18196644
v -0.05647689 0.87022406 -0.18568267
v 0.10241420 0.31852159 -0.41948235
v -0.07849542 0.31621501 0.42158881
v 0.11786867 -0.23381759 -0.41596544
v 0.14781371 0.40102255 -0.19067587
v -0.27701345 0.31337219 -0.16251053
v 0.26448610 0.33200747 -0.26257971
v -0.25686359 -0.74820203 -0.30243176
v 0.07580311 0.29515183 -0.42267460
v 0.00292769 -0.81032866 0.41732386
v -0.07491770 -0.85785317 0.37693524
v -0.19883101 0.68092263 -0.09124296
v 0.11843345 -0.29034892 -0.41583404
v 0.09718154 -0.46321619 -0.42313814
v -0.24658734 -0.82235527 0.26021698
v 0.25617003 -0.48910603 0.30390352
v -0.20240730 -0.86806226 -0.25369319
v -0.28030649 0.31423643 -0.12903671
v -0.17560720 0.45756909 -0.13966331
v 0.23820329 -0.41651651 -0.33076942
v 0.28565940 -0.75292063 -0.06937249
v 0.18817082 0.65072137 -0.11477754
v -0.02604636 0.30986810 -0.42272764
v 0.09469715 -0.73297286 0.42289591
v -0.24960606 0.19068848 -0.31771821
v 0.27110317 0.34161782 0.10478193
v 0.18237531 0.29951653 -0.37342799
v -0.08990861 0.34891728 -0.37492990
v 0.28058842 0.33671409 0.05696087
v 0.21604019 -0.85805434 0.26550499
v -0.28948462 0.30096018 0.00962042
v -0.16202895 -0.85993189 -0.32580322
v -0.26126650 -0.82777786 -0.13374643
v -0.23724753 -0.85443860 0.10462645
v 0.06183763 -0.81024879 -0.41727835
v 0.13141845 -0.87354958 0.31981501
v -0.25866783 -0.20564626 0.30143014
v -0.11082730 0.33773246 -0.39539644
v 0.26861688 0.30779633 -0.24854346
v -0.26585385 -0.39012057 0.27733311
v 0.15667790 0.71202987 -0.15569466
v -0.23816000 -0.39314511 -0.33083969
v -0.19310024 0.53736150 -0.10672518
v -0.04983817 0.78933287 -0.21291544
v -0.26214370 0.09168163 0.29253930
v 0.08811825 0.42388618 -0.20504820
v 0.13083568 -0.09605375 0.41016969
v 0.24037275 -0.34778193 -0.32902575
v -0.24122497 -0.83745080 0.21848814
v 0.05638352 0.67067987 0.21319966
v 0.18494068 0.86893827 -0.06513498
v 0.25801814 -0.76582879 0.29719767
v -0.13919882 -0.82322705 0.38667476
v -0.11761214 -0.17008677 0.41594684
v -0.23655285 -0.85983509 -0.05513696
v -0.09297971 0.22138005 0.42261398
v -0.26912412 -0.82919717 0.00506710
v 0.25120077 0.34546471 -0.25251102
v 0.21885212 0.52050543 0.00579585
v 0.24212505 0.31451866 -0.32419804
v -0.10912314 -0.07863074 0.42215338
v 0.12492067 -0.82111621 0.40106422
v -0.11674500 0.40896398 0.20126928
v 0.23794688 -0.15151115 -0.33105564
v 0.13500427 0.23029187 0.40858883
v 0.11398403 -0.07793200 0.41998172
v -0.28054705 -0.80272037 0.09391877
v -0.18404350 0.64014941 -0.12221792
v 0.01149268 -0.87116921 -0.34744570
v -0.16086623 0.45167398 -0.15758373
v -0.23766170 0.05220009 -0.33302993
v -0.16046563 0.87060207 -0.10806548
v -0.23893736 -0.67635524 -0.32868910
v -0.25300753 0.01125236 -0.31116268
v -0.22270730 -0.82522082 0.31990892
v 0.02635420 0.42457971 0.21981224
v 0.07874115 0.30980945 0.42277914
v -0.26077840 -0.37177819 -0.28955936
v 0.20578334 0.41702780 -0.07668904
v -0.22730225 0.37936553 0.14958295
v 0.18083277 0.39085159 0.19014601
v 0.11882060 0.05182920 -0.41452011
v 0.09718821 -0.26656160 0.42279211
v -0.23532398 0.00819814 0.33311978
v 0.24091910 -0.72409838 0.32699606
v 0.26134539 -0.82126355 -0.17169394
v 0.00457995 0.86875367 0.19581477
v 0.25155517 0.26610485 -0.31365988
v 0.20218129 0.40998933 -0.10142970
v 0.06404186 -0.85401022 0.38328803
v -0.12458368 0.76840806 -0.17969501
v -0.20568469 0.86033505 -0.03054691
v 0.24292314 -0.40234679 0.32684743
v -0.12997457 0.06123151 -0.41145834
v 0.15398869 0.42653364 0.16429752
v 0.16454947 0.23099434 -0.38654834
v 0.15798429 0.81019598 -0.15146551
v 0.12512968 0.45812958 0.18482167
v 0.14991271 0.87458688 0.10647900
v 0.10541729 -0.85468209 -0.37147221
v -0.15667184 0.65039092 0.15757102
v -0.05353291 0.31546518 -0.42189276
v 0.14517982 -0.79296315 0.39628661
v -0.08249873 0.37442937 -0.30535474
v -0.10870999 0.46637166 0.19489656
v 0.05566776 0.87080836 -0.18569827
v 0.26655647 -0.79996055 -0.22112863
v 0.16093583 -0.84497225 -0.34444404
v 0.20281948 0.83904135 0.07583591
v 0.24068555 -0.14851917 0.33019319
v 0.12347141 -0.86220306 0.34848577
v 0.24230480 -0.29704303 0.32788622
v 0.06952155 0.74325550 -0.20814048
v -0.16594224 0.87539577 -0.03830585
v 0.11144663 0.62238884 -0.19063428
v 0.25362185 -0.25060803 -0.31243932
v -0.01914931 -0.87443197 -0.33717912
v -0.25374678 -0.01154084 0.31095457
v -0.22222717 0.40318519 0.03463874
v 0.23083791 0.36288208 0.22368403
v -0.24432573 0.35793006 -0.19073559
v -0.24924605 0.35816088 -0.15082583
v 0.26520282 -0.61569512 -0.28300270
v -0.17332673 0.42875934 -0.14300224
v -0.18040943 0.34695235 0.33356857
v -0.24263752 -0.10536050 -0.32886350
v 0.24380928 -0.83409071 0.24859166
v 0.11233208 -0.11184128 0.42064950
v -0.25976130 -0.16620003 0.29838929
v -0.11617297 -0.87168413 -0.33412898
v 0.22308971 -0.84564692 0.29022661
v -0.27790555 -0.80664569 -0.12065522
v 0.20224875 0.39861605 0.12754399
v 0.12855451 0.04144602 0.41204402
v -0.27174369 -0.79355973 0.19633779
v -0.25535074 -0.02174393 -0.30601582
v -0.14558379 0.32287580 0.39510772
v 0.22955361 -0.32312378 0.33762130
v 0.25225356 0.09991170 -0.31327277
v 0.26569760 -0.16137105 -0.27914062
v -0.05633923 0.83958560 0.20994212
v 0.25625944 -0.41068694 0.30316806
v 0.20354594 0.39438438 -0.14254881
v 0.25746542 -0.62268752 0.29937568
v -0.26689669 -0.81091654 -0.19315618
v -0.25972936 -0.42132536 -0.29341084
v -0.06598020 0.85683393 0.19949983
v 0.15625097 0.65994382 0.15755469
v -0.15952948 0.85393775 0.14196143
v -0.10522722 0.17349812 -0.42261177
v 0.11549827 0.76380634 0.18559745
v 0.17337143 0.41355783 0.15094510
v 0.25858206 -0.72865909 0.29380131
v 0.20950057 0.85703504 -0.03405013
v -0.23344372 0.35600001 -0.24863656
v 0.28359804 -0.80260694 -0.04311991
v -0.11921997 -0.66037440 -0.41536397
v -0.20179884 -0.87063199 0.20977867
v -0.27204165 -0.76993525 -0.21700229
v 0.04825811 -0.83526373 -0.40138832
v 0.11958034 0.64723223 0.18539524
v 0.19130637 0.78405815 0.10566056
v 0.18234088 0.87436372 0.03623111
v -0.08343523 -0.80655944 -0.41925567
v 0.11787623 0.60091966 0.18741958
v 0.12488005 -0.13622984 0.41410214
v -0.10848512 0.67950577 -0.19135116
v -0.26255602 -0.80504912 -0.24407409
v -0.11566285 0.16021299 0.41617367
v -0.15874605 0.82988578 -0.14998230
v 0.25628558 -0.54186487 0.30394065
v 0.11683654 -0.71639293 0.41685608
v -0.22710562 -0.85901839 -0.16205481
v 0.27781990 -0.81715328 0.06107371
v 0.21592553 0.82660550 0.03068526
v 0.12057614 -0.38383228 0.41582361
v 0.25577003 -0.29392523 0.30304652
v -0.12030869 -0.41122591 -0.41587713
v -0.15394001 0.48345035 -0.16361463
v 0.25806287 -0.51539570 0.29648829
v -0.25124022 0.14297418 -0.31413731
v 0.16909176 0.41700566 -0.15236665
v 0.25701579 -0.06312337 -0.30405483
v -0.25109276 0.11267947 0.31548348
v 0.25334468 0.32647341 -0.29955232
v -0.21082872 0.72185403 0.05746177
v -0.14580746 0.87530327 -0.09397601
v 0.18043245 -0.86907524 -0.28775916
v -0.21095321 0.58904177 0.05893137
v 0.06207172 0.39092517 0.26055673
v -0.08063870 -0.87291515 0.34263077
v -0.11349876 0.72826773 -0.18752046
v 0.12352963 0.66379142 -0.18241952
v -0.23298517 -0.25610626 0.33501512
v -0.26293638 0.28612673 -0.28108770
v -0.12431371 0.85135061 0.17136729
v 0.21784920 0.47737753 -0.01803286
v 0.02302642 0.86018336 -0.20790944
v 0.13585119 0.78228980 -0.17100525
v -0.23669480 -0.84875858 0.17207238
v -0.19003713 0.87122011 -0.03519008
v 0.11514293 0.01389802 -0.41716549
v 0.02092691 0.33070254 -0.40569672
v 0.22964445 -0.85740072 -0.15304834
v -0.21931945 0.41009304 -0.03546736
v -0.20009218 0.85500598 0.06768906
v -0.17430562 -0.86698318 -0.29943919
v -0.25717744 -0.08932519 -0.30202588
v -0.12225187 -0.43720970 -0.41438603
v -0.15262507 0.43544358 0.16390169
v 0.25601283 -0.38447231 0.30348757
v 0.19364023 -0.86279470 0.28935736
v 0.24361290 -0.45401213 0.32595170
v -0.12466984 0.03236625 -0.41449073
v 0.07406421 0.85721034 0.19738249
v -0.20133395 0.85894519 -0.05256921
v 0.19800347 -0.87041003 0.24784988
v 0.11689642 -0.49908787 0.41770750
v -0.26456228 -0.24229343 0.28782085
v 0.04630468 0.41377077 0.22154883
v 0.22256953 -0.85378647 -0.25235161
v -0.05789334 0.58797628 0.21401666
v -0.11164772 0.30678847 -0.41917470
v -0.14332990 0.86352015 0.14363861
v -0.26773900 0.34433359 0.11503214
v -0.25383496 0.34269369 -0.23611882
v -0.11082964 -0.84239292 0.38405675
v -0.26647350 0.20074230 -0.26969790
v -0.21880352 0.42374673 -0.00977763
v 0.15697192 0.62465167 0.15770301
v 0.22961575 0.39401397 -0.01315715
v 0.24738325 -0.03258659 0.32197186
v -0.07973711 0.42834523 -0.20847555
v -0.14187306 0.26154414 -0.40403232
v -0.17787987 0.50136423 0.13461438
v -0.13678101 0.33484840 -0.39340961
v 0.26031658 0.33298966 -0.28268018
v -0.26402533 0.33221504 0.27026752
v -0.26504910 -0.78183287 -0.26066387
v 0.13062482 0.86133349 -0.15993817
v 0.27385011 -0.81045312 -0.12289348
v -0.11962852 -0.29708374 -0.41698337
v -0.05758653 -0.81135029 -0.41654199
v -0.18525280 0.76747888 -0.11698931
v 0.16197337 0.32260436 -0.38576102
v -0.12302816 0.50060964 -0.18568359
v -0.20257394 0.39836979 -0.12725300
v 0.17017910 -0.80115962 -0.37836167
v -0.24160132 0.29227573 -0.32959753
v 0.09482313 -0.42055979 -0.42311776
v 0.20623016 -0.79988438 -0.35349226
v -0.20521370 0.32910156 -0.35246536
v 0.28864366 -0.77939111 0.00163203
v -0.15559514 0.57279909 0.16044107
v 0.12074130 -0.36568075 -0.41438764
v 0.16657658 0.86453211 0.11488806
v 0.00435090 0.86532825 -0.20050637
v -0.14687598 0.38884491 -0.22694620
v -0.25970247 -0.71244109 -0.28975251
v 0.16813198 0.52430290 0.14802942
v 0.26168501 -0.80883527 0.23993024
v -0.12279768 -0.38034734 -0.41423476
v 0.11264175 0.28443265 0.41990882
v -0.09974615 -0.08743725 -0.42277408
v 0.21784739 0.38053596 -0.17581414
v -0.28613317 0.08649113 0.06616206
v 0.20697445 -0.78960162 0.35220987
v 0.14296599 -0.86644059 -0.32613432
v -0.23006366 0.37115079 0.18824591
v -0.06680758 0.70827210 -0.20975415
v 0.08799460 -0.80804068 -0.41797692
v 0.14663830 0.87539816 0.08052342
v 0.16937187 0.87538964 0.01481401
v -0.10979793 -0.87507182 0.32636935
v -0.25537845 -0.18271999 -0.30741191
v -0.20708808 0.66926861 0.06983270
v 0.06806489 0.58200061 0.21102755
v 0.26653507 -0.01658007 -0.27099010
v 0.24685907 0.20091377 0.32205799
v 0.12467429 0.37567717 0.28485128
v 0.25111151 0.13634361 -0.31531933
v -0.26555339 -0.45955813 0.27994743
v -0.18384595 0.30973798 0.37180045
v -0.19493265 0.82682508 -0.09739395
v 0.27715418 0.31318209 -0.16021341
v 0.12458798 0.39700699 0.21661198
v -0.27008405 0.32042772 -0.21544787
v -0.23043235 -0.85893732 -0.12759101
v -0.01700814 0.31249192 0.42260328
v 0.11742475 0.18177649 -0.41494602
v 0.15845919 -0.87486601 -0.27647433
v -0.06306996 0.87463289 0.16999482
v 0.11982907 -0.29615906 0.41695553
v -0.18685098 -0.84070271 0.33077469
v 0.18509030 0.39748245 -0.16444016
v 0.19983649 -0.86813378 -0.26212317
v 0.12651537 0.35787416 0.33996525
v -0.28968015 -0.58940691 -0.02648702
v 0.12260367 0.83773839 0.17883712
v -0.27425188 0.30469999 -0.19193190
v 0.00132925 -0.85614753 0.38045248
v -0.14509088 0.32083547 -0.39800176
v 0.03048459 -0.86703038 0.35875064
v 0.23913328 -0.00574475 -0.33020374
v 0.23556009 0.08300095 -0.33290559
v -0.25833154 -0.36578038 0.30247685
v 0.12304281 -0.21858975 0.41490600
v -0.24325849 -0.85638976 -0.02132811
v -0.24114442 -0.22715183 -0.32943463
v 0.24112351 -0.53383940 0.32765523
v -0.23202720 0.25830346 0.33568227
v 0.05962853 0.71736878 0.21165040
v -0.19682933 0.43448502 -0.09664554
v 0.23605272 0.02461875 0.33427009
v 0.11959982 -0.03377801 0.41705412
v 0.09879023 -0.51749891 0.42282385
v -0.02187630 0.75297302 -0.21799351
v 0.13506684 -0.82339597 -0.38917887
v 0.10911699 0.52472413 -0.19366997
v -0.05986773 -0.83896804 -0.39921337
v 0.27023420 0.32238838 -0.21891262
v -0.06752671 0.52883607 -0.21178924
v -0.11369454 0.36206147 0.33373332
v 0.25023335 0.34715757 0.23250981
v 0.00145894 0.34284502 -0.38790855
v 0.11877576 0.85904175 0.16931377
v 0.20548446 0.34847051 -0.30956396
v -0.20570090 0.33831051 -0.33691117
v 0.16837169 -0.68466395 -0.38383588
v -0.17798257 0.30767137 -0.37695453
v -0.06103086 0.32927454 -0.40712589
v -0.26593453 0.12565674 0.27675560
v -0.23917231 -0.57824659 0.32991496
v -0.09940092 -0.64255953 -0.42283848
v -0.26497549 0.07618262 -0.27905184
v 0.25358531 -0.51063848 -0.31287122
v -0.13049477 0.30610162 -0.40986684
v 0.21879801 0.56516951 -0.00787815
v -0.16419387 -0.87532032 -0.22676322
v 0.19535093 0.43845469 -0.10106856
v 0.09454498 -0.57718140 -0.42320010
v 0.19023438 0.51042515 0.11349173
v -0.25377297 -0.81591576 -0.27050358
v 0.21284373 0.36100766 -0.26439598
v 0.13391127 0.72133863 0.17395239
v 0.12887090 0.10078835 0.41211906
v 0.10963392 -0.11357539 -0.42218542
v -0.25733498 -0.21415015 -0.30281445
v 0.23707263 -0.81988281 0.31249955
v -0.23134702 -0.79390424 -0.33350447
v 0.02634242 -0.87510335 0.33235905
v 0.27326733 -0.77448678 -0.20198141
v 0.15028797 0.45654815 0.16684917
v 0.28956059 -0.65884489 0.02674987
v -0.12878059 0.34602365 -0.37526730
v -0.18481080 0.43640494 -0.12330694
v -0.21805750 -0.86575437 0.15539588
v 0.11617665 0.42034438 -0.19226879
v -0.11308796 0.19653028 0.41796437
v -0.27488196 0.31430709 0.18336947
v -0.16986477 -0.48718616 0.38275108
v -0.21018457 0.34468216 -0.31522945
v -0.26634905 0.01839978 -0.27103025
v -0.06115729 0.61049545 -0.21253127
v -0.21414377 -0.87163717 -0.10996089
v 0.10531313 -0.26199338 -0.42273593
v 0.24264872 -0.21781816 0.32785204
v 0.12926015 -0.87537801 -0.28978571
v -0.24336866 -0.85544270 0.01398195
v -0.25828144 -0.50982451 -0.29906860
v 0.21425888 -0.83542180 -0.31537321
v -0.09248280 0.84038168 -0.19516370
v -0.21347153 0.53355491 0.04770133
v 0.11789148 0.86925679 0.15389679
v -0.24103762 -0.75906640 -0.32657483
v -0.17200620 0.41024604 0.15500173
v -0.11492422 0.27449456 -0.41900477
v -0.16686514 0.47429949 0.15036516
v 0.26407480 0.30900696 -0.28264764
v -0.16198893 -0.81312454 0.37821868
v 0.00873474 0.31094834 0.42270842
v 0.25523937 0.29666841 -0.30589417
v 0.24040087 0.22662564 0.33069026
v -0.22223596 0.40728912 0.00950347
v -0.00955453 -0.77789199 0.42306942
v 0.10154789 -0.47506160 0.42278072
v 0.26137164 0.34125066 -0.21382093
v 0.18526617 0.69903427 -0.11856420
v -0.22269766 -0.85804188 0.21846180
v 0.27521494 -0.79449362 0.17009434
v -0.04148050 -0.85456371 -0.38254303
v -0.21563557 0.36998960 -0.22268176
v 0.24455205 -0.68009841 0.32429510
v -0.12028343 -0.02877411 0.41390023
v -0.17469570 0.49998021 -0.14000654
v 0.24748720 -0.32181135 -0.32178086
v 0.20979673 -0.87517387 0.01779326
v 0.26587874 0.34485042 0.12532583
v 0.27917549 0.33858421 0.00446108
v 0.23523541 -0.62761247 -0.33321372
v -0.13531886 0.81206769 -0.17085265
v 0.12217595 -0.16566038 0.41559020
v 0.13951366 0.87538373 -0.08510850
v 0.09764720 -0.69420820 0.42285553
v -0.25982329 -0.81652153 0.20125705
v -0.26980907 0.31399098 0.23434624
v -0.23816535 -0.33633819 -0.33105102
v 0.16315719 -0.17814451 -0.38753891
v -0.06614827 0.62940127 0.21137041
v 0.22910708 0.38185674 -0.12696066
v -0.20143883 -0.87487662 0.13233274
v -0.11723065 0.39206302 0.23659681
v -0.05634921 0.34515759 -0.38342443
v -0.28310686 0.33083510 -0.06895516
v -0.25607610 -0.04807887 0.30661315
v 0.27961856 0.33415052 -0.09596252
v 0.12611695 0.87334603 -0.14170636
v -0.16763353 0.42408171 0.15014713
v -0.08644862 -0.80754828 0.41816571
v 0.07686468 -0.86274230 -0.36815143
v -0.17636488 -0.87494892 0.23379070
v -0.16111775 -0.87366748 0.29045242
v -0.28099617 -0.80641329 -0.09074531
v -0.28502452 0.32798755 -0.04432928
v -0.16465865 -0.26994216 0.38645998
v 0.12230918 -0.27143162 0.41532683
v -0.26089174 -0.82638079 0.14402752
v 0.28825104 -0.77968836 0.03965897
v -0.25123784 0.26702800 -0.31335866
v -0.23923770 -0.06551326 0.32994184
v 0.26552442 -0.40698031 -0.27996188
v -0.25066018 0.24421437 0.31572860
v -0.27361414 0.34109116 -0.08671297
v -0.26178148 0.12100687 -0.28628522
v 0.10091639 0.86213946 -0.17889537
v -0.25259146 0.21372969 0.31191972
v -0.10608827 -0.12673588 -0.42259523
v -0.01307677 -0.84656137 -0.39096355
v 0.07113931 -0.87519205 0.32488593
v 0.22263725 0.40204772 0.03531148
v 0.10490650 0.68485004 0.19317956
v 0.15396258 0.74751914 -0.15726113
v -0.23359942 -0.40365806 0.33452749
v 0.10000315 -0.14870884 0.42274413
v -0.21596202 0.71120650 -0.03263120
v -0.14970979 0.33477786 0.38733643
v -0.25952774 -0.66813421 0.30092111
v 0.11302424 0.74411815 -0.18742469
v 0.22935957 0.30585957 0.33948642
v -0.20072734 0.84625006 -0.07624979
v 0.11496120 0.10949319 -0.41699323
v 0.10887732 0.57278866 -0.19293360
v -0.14686908 0.82848108 0.16087659
v -0.24943021 -0.83312994 -0.20015287
v 0.02159972 0.34517586 0.38344187
v -0.22483201 0.33536750 0.32302868
v 0.05948370 0.44028923 0.21400468
v -0.27943420 -0.78364050 -0.13881503
v 0.27979076 -0.80537605 -0.09569721
v 0.07128297 0.50676435 -0.21117957
v -0.17814571 0.38784081 -0.20357521
v 0.24747404 -0.32327467 0.32203832
v 0.13542525 0.30079198 0.40773001
v 0.09643313 0.72889149 0.19643413
v -0.26213348 -0.82393903 -0.16847533
v 0.12239344 0.32260576 0.40798017
v -0.20901479 0.62536645 -0.06447010
v -0.09798703 0.40036631 0.22254772
v 0.04016009 0.40735430 -0.22899757
v -0.22089176 0.39015844 0.11625991
v 0.18026601 0.39085492 -0.19297914
v 0.26833990 -0.82040632 0.13123088
v 0.07737529 0.82741928 0.20333515
v -0.17012213 0.87039787 -0.09240031
v 0.21903831 0.61685371 0.00135883
v 0.22577283 0.33560675 -0.32193819
v 0.08170827 -0.77449977 -0.42333785
v -0.07969778 0.87527591 -0.15353864
v 0.08888175 0.87539804 0.13808526
v 0.21614659 -0.87274098 0.07028098
v -0.22004761 -0.86664635 0.12130512
v 0.11465473 0.01720257 0.42001137
v 0.19602856 -0.83043504 0.33853042
v 0.23412840 -0.26034975 -0.33408317
v -0.29077974 0.21083099 -0.00919403
v -0.12348927 0.08832910 -0.41518101
v 0.08804950 -0.78414220 0.42266667
v 0.21627800 0.37538534 0.19969478
v -0.25077873 0.07115459 0.31610769
v -0.25146985 -0.25717595 0.31609449
v -0.23963265 -0.16160001 -0.33090138
v -0.10570223 0.31449330 0.42061612
v -0.20600483 0.86132091 -0.01355535
v -0.15587130 0.66091156 -0.15787002
v -0.10841413 -0.81779879 0.40718573
v -0.21555173 0.76219982 -0.03417562
v -0.23075710 0.23222022 -0.33911300
v -0.23891346 0.09121071 0.33007246
v 0.22223663 0.39413843 0.07945858
v -0.23203865 -0.33190456 0.33580959
v 0.18338563 0.32290724 -0.37059966
v 0.10624626 -0.76083505 0.42214531
v -0.28435796 -0.80396885 -0.01225091
v 0.13419749 0.87195873 0.13612570
v -0.13108049 0.58790517 -0.17888859
v -0.16564716 0.20513669 0.38581070
v 0.25120351 -0.47772482 -0.31693396
v -0.25181311 0.22060975 -0.31249878
v 0.10793971 0.21473123 -0.42164585
v -0.19801356 -0.87529528 0.10143003
v 0.09034921 0.12635227 -0.42270219
v 0.00720890 0.39547905 -0.24983864
v -0.26717696 -0.05132329 -0.26337671
v -0.21831279 0.74932653 0.01211831
v -0.16605695 0.83067816 0.14117952
v 0.09191471 0.35041130 0.37094972
v -0.02715652 0.40530336 -0.23295227
v 0.26479498 -0.82874286 -0.08341136
v 0.23192014 -0.85615790 0.14255835
v 0.15641373 0.58902770 0.15907373
v 0.24155915 0.36076486 0.18995416
v 0.11721116 -0.86733180 -0.34102982
v 0.18392785 0.73990548 -0.11978916
v -0.01311574 0.41160122 0.22630826
v -0.13180172 -0.80232203 0.40309879
v 0.25029612 -0.81352031 -0.27473027
v -0.14706036 0.87540036 0.06002140
v 0.09942912 0.45313773 -0.19957685
v -0.28520742 -0.61508030 0.07666043
v -0.09878557 -0.43695909 -0.42279932
v 0.10794940 0.50549561 0.19480285
v -0.13325302 0.72274262 0.17441256
v -0.24027835 -0.85408837 0.07809164
v -0.05699296 0.31555429 0.42201713
v -0.26373273 0.34077016 0.19659176
v 0.00295485 0.78381515 0.21903555
v -0.23358791 0.37889713 -0.11102766
v -0.25791502 -0.67239004 -0.29879457
v 0.10288394 -0.38683391 -0.42295933
v -0.28603908 -0.78124607 0.05871379
v 0.13392772 -0.05571271 0.40822080
v 0.25180718 -0.28231847 -0.31574899
v -0.23739737 -0.67627943 0.33140954
v -0.05048770 0.87537193 -0.16274054
v -0.02893333 0.86272120 -0.20399830
v 0.11300405 0.48363495 -0.19211538
v 0.12289667 -0.56839150 0.41317281
v -0.12291022 -0.15366371 -0.41514760
v 0.26951909 0.00146415 0.23859285
v -0.12333194 -0.09962089 -0.41498467
v 0.24122390 -0.84163064 -0.19467083
v 0.19948725 0.85722774 -0.06599929
v 0.24216929 -0.06056377 -0.32713026
v -0.22872293 0.17579436 -0.34039506
v -0.27393201 -0.81102163 0.12176241
v 0.25740662 -0.19903499 -0.30460131
v 0.27350941 -0.80497384 -0.14869861
v 0.19621256 0.34549576 0.32627791
v 0.23637509 0.38321006 0.05317267
v -0.26441491 -0.50613302 0.28797007
v -0.24631040 0.34273380 -0.27473435
v -0.03769779 -0.83182752 0.40418872
v -0.17248292 0.68805510 -0.13783574
v 0.12238587 -0.35819545 0.41468948
v -0.00784144 0.44569704 -0.22004551
v -0.18380317 0.68420368 0.12121744
v 0.11852922 -0.77954602 0.41500470
v -0.22659391 -0.63587701 -0.33847600
v -0.21005608 0.77233112 0.05959811
v 0.09420900 0.33461666 -0.40046465
v -0.28555441 -0.43838528 0.07284120
v -0.23042247 0.39029342 -0.04605480
v -0.26844984 -0.82592845 -0.07655050
v 0.03262051 -0.79634267 0.42219478
v -0.10821860 -0.85339206 -0.37218255
v -0.24633656 0.24401388 -0.32325959
v 0.16891222 0.84093899 -0.13558449
v 0.22909632 0.21663137 -0.33815083
v -0.15920366 0.62006730 -0.15552163
v 0.23163059 -0.85910153 0.11331645
v -0.23404530 0.38648534 0.04690052
v -0.11582643 0.23181497 0.41585478
v -0.17786734 -0.78688741 -0.37314937
v 0.26144725 0.34328887 0.17468603
v 0.26575643 -0.78685069 -0.27215970
v 0.23588668 -0.70370740 -0.33248213
v 0.10792847 0.07455160 0.42228985
v -0.09943756 -0.60760838 -0.42283180
v 0.26381740 -0.81120104 -0.20008154
v -0.21906988 0.56270450 -0.00093843
v 0.19357911 -0.87520921 -0.18284743
v -0.07982086 0.40770164 -0.21989702
v -0.24199554 0.33341691 0.30759394
v -0.26580235 -0.07828398 0.27812046
v 0.25227478 -0.74093616 0.31423903
v 0.12682259 -0.87536061 0.28506652
v 0.06988490 0.55596840 -0.21094064
v -0.03824812 0.29672378 0.42264807
v 0.10580210 0.39445138 0.23584633
v -0.21018061 0.84159672 0.05466631
v -0.07193748 0.49524826 0.21107878
v -0.12454185 0.87537146 -0.11524644
v 0.10721368 0.22699609 0.42207530
v 0.21126017 0.79401726 -0.05459843
v 0.10082802 0.04262628 0.42273936
v 0.22783273 -0.23484522 0.33929136
v -0.13233346 -0.86085719 0.34397119
v -0.16866225 -0.57351691 0.38363013
v 0.12085240 -0.52957052 0.41483298
v -0.25937089 -0.42376947 0.30073822
v -0.21192460 0.47682804 0.05475204
v 0.22182360 0.32281446 0.34098193
v 0.20707110 0.74079967 0.06885397
v -0.18536656 0.58226389 0.12103574
v -0.09487260 -0.55389780 0.42318675
v -0.22163604 -0.85727137 -0.23824081
v -0.07918113 0.37340614 0.30836174
v -0.04998025 -0.86793846 -0.35655874
v 0.15378781 0.30090627 -0.39306334
v 0.20777483 -0.87404639 0.13105267
v 0.25569350 -0.72426641 -0.30876198
v -0.10338078 -0.70293307 0.42315698
v -0.22607823 -0.83946270 -0.29914489
v -0.21815181 0.69104666 0.01499771
v 0.10631698 0.80542010 0.18987764
v -0.09298256 0.17171988 0.42266464
v 0.29043454 0.05833235 0.02152136
v -0.19894439 -0.84570616 -0.31721869
v -0.19710647 -0.87291604 -0.22264987
v 0.12199035 0.70665395 -0.18244335
v 0.27445459 0.30374685 0.18947655
v 0.11434567 -0.67369229 -0.41953012
v -0.25672230 -0.59865546 0.30679110
v -0.13119832 -0.00306144 -0.41032857
v 0.01116404 0.42304429 -0.22082584
v -0.21904369 0.51382089 -0.00010266
v 0.24202254 -0.76770920 -0.32728022
v 0.09362979 0.45857471 0.20228960
v -0.15576328 -0.78840595 0.39165825
v 0.06850744 0.87151223 0.17909127
v -0.00884723 0.80805308 -0.21864912
v 0.26555473 0.27244487 -0.27799168
v -0.18814951 0.81795144 0.11063899
v 0.10779715 0.55321622 0.19400083
v 0.07345634 0.40186816 -0.22803538
v 0.09767161 -0.72709572 -0.42324275
v 0.02250775 0.86575884 0.19929156
v 0.13695636 0.43193930 0.17693821
v -0.26785994 -0.17301087 -0.25656557
v -0.09371229 -0.47383717 0.42314547
v 0.20953923 -0.76695961 -0.35329664
v -0.11057946 0.50838399 0.19311439
v -0.09110505 0.85937750 0.18670364
v 0.06359059 0.78680539 -0.20936696
v -0.16621575 -0.41481438 0.38536322
v -0.13045679 -0.03901276 -0.41069311
v -0.12080725 -0.46450132 -0.41525754
v -0.17960025 0.87143385 0.07203045
v -0.07125228 0.74995339 -0.20727767
v -0.23990388 -0.77063489 0.32903683
v 0.12007666 -0.52508879 -0.41508135
v 0.09623595 -0.83426893 0.39999679
v 0.14185935 0.45800352 -0.17328098
v -0.19235142 0.48458990 -0.10918523
v -0.10066386 -0.39599711 -0.42277464
v 0.23034370 -0.85440129 0.17964031
v 0.05700269 -0.80960053 0.41782010
v -0.14325057 0.77101874 0.16541740
v -0.11449767 -0.20183055 0.41818649
v -0.21886098 0.30322978 0.34603137
v -0.28426889 -0.80185860 0.02228104
v 0.10573158 0.20029190 0.42255619
v -0.09533624 -0.14878584 0.42287916
v 0.06817317 0.76968521 0.20816861
v -0.07331429 -0.77644336 0.42321783
v -0.25003275 0.35877931 0.15658626
v -0.11674265 0.07542853 0.41568118
v -0.04495547 0.39914048 -0.24062511
v 0.21588953 -0.86874580 -0.13112795
v -0.11253805 0.86534470 -0.16669397
v -0.27929699 0.33847243 -0.01752969
v 0.13144295 -0.19128805 0.40936559
v -0.26261556 -0.77965969 0.29019663
v -0.11859179 -0.30840686 0.41580388
v -0.10179467 0.38919801 -0.25447366
v -0.10819728 0.58968973 0.19307224
v 0.10846855 0.24462125 -0.42131963
v 0.27004671 -0.27928317 0.23404115
v 0.02078317 0.73994166 0.21815982
v 0.23985913 -0.85467994 -0.07518796
v 0.25977784 -0.58297515 -0.30135587
v 0.19627950 0.56391919 0.09861518
v -0.23920178 -0.53806639 0.33006784
v 0.17603093 0.33218688 0.37235916
v -0.26522717 -0.32631394 0.28321269
v 0.25550103 -0.22092104 0.30310512
v 0.15073490 0.39061508 -0.21840361
v 0.16229990 -0.10905706 -0.38813448
v -0.23315491 0.26489407 -0.33719939
v -0.01057421 0.39301002 0.25639862
v 0.24002516 0.36181527 -0.20244351
v -0.19592947 -0.87517661 0.15810855
v -0.11649612 0.04039442 0.41607031
v 0.24931213 0.23002961 -0.31783518
v 0.04985232 0.29755813 0.42268914
v 0.11707929 0.25282276 0.41782716
v -0.09393947 -0.24310604 0.42296216
v 0.21014342 0.68402076 0.06079655
v 0.12512594 0.34548038 -0.37774888
v -0.25431800 0.04758416 -0.30759963
v -0.11759541 -0.26012585 0.41616371
v -0.02747158 0.86490381 0.19994420
v 0.21261527 0.64861220 -0.05188109
v -0.17243455 -0.87418228 0.26491660
v 0.10429011 0.15071772 0.42264444
v -0.23919806 0.02680787 -0.33195910
v 0.10066165 -0.43969652 0.42278206
v -0.15763682 0.74183708 -0.15394732
v 0.20993370 0.48426822 -0.06164298
v 0.09233253 -0.01599701 0.42281011
v 0.06987775 0.60687023 -0.21008232
v 0.10968983 -0.08297037 -0.42205495
v 0.24399574 -0.48006445 0.32546559
v 0.26430443 0.34744641 -0.11930392
v 0.01216594 0.58576250 0.21969035
v -0.16672926 -0.71941096 0.38499081
v 0.16849010 0.48694444 -0.14827681
v 0.15488541 -0.77348989 -0.39304602
v -0.12486076 0.64028591 -0.18211159
v -0.19019893 -0.87534964 -0.09219203
v 0.25659382 -0.59408861 0.30323362
v -0.13289431 -0.87507188 0.30999884
v 0.10005114 -0.31570765 0.42277446
v -0.07524077 0.71507734 0.20636526
v -0.11867771 -0.73022628 -0.41539764
v 0.23316821 -0.83074421 -0.29866573
v -0.11692918 -0.44284379 0.41710782
v 0.27345636 -0.77382809 0.20108895
v 0.00578761 -0.79344243 -0.42259395
v 0.14768967 0.34972292 -0.35037550
v 0.16242914 0.87512577 0.06489914
v 0.07424305 0.65490496 -0.20784041
v -0.23464915 0.38796574 0.01151772
v -0.25662178 -0.63177693 0.30649573
v -0.05872001 0.42963463 -0.21422458
v -0.16872445 -0.65123862 0.38359365
v -0.11008818 0.79294670 0.18808521
v -0.10107487 -0.16663994 -0.42275801
v -0.26568276 -0.56745309 0.27877578
v -0.13621277 0.37190920 -0.28880212
v -0.10140173 0.05998519 -0.42270648
v 0.24431713 0.33744389 0.29901171
v -0.11510045 -0.22633651 0.41794971
v -0.21866304 0.37536824 -0.19363788
v -0.16408391 -0.06645225 0.38690215
v 0.26619312 -0.72499937 -0.27353957
v 0.07087413 0.53288794 0.21063328
v 0.23180854 0.05686702 0.33760872
v 0.16471006 -0.25233155 -0.38642851
v 0.27012894 -0.55068880 0.23324502
v 0.03780728 0.29234549 -0.42264017
v 0.12037353 -0.64225870 -0.41499960
v 0.07248357 0.62960762 0.20898381
v -0.13334318 0.12226105 -0.40937018
v 0.16451149 -0.87534684 0.21448548
v -0.11388496 0.68328303 0.18803661
v -0.06310969 0.82982075 -0.20865071
v 0.14860605 0.55080140 -0.16665207
v -0.22128521 0.36274019 0.24815765
v 0.16467655 -0.87297863 0.28727254
v 0.27006334 0.22946203 0.23349831
v -0.26511118 0.05790892 0.28322253
v -0.03231181 0.54504293 0.21837284
v 0.16908249 -0.50357825 -0.38331538
v -0.09918303 0.43809751 0.19935341
v 0.20098174 -0.87037957 -0.23619361
v 0.13868149 0.26805106 0.40625903
v -0.21614213 -0.87404346 0.00440343
v -0.10796811 0.85871601 0.17776509
v 0.21659400 0.77166146 0.02747952
v 0.09936538 0.87539858 -0.12717903
v 0.25269049 -0.16911450 -0.31378654
v 0.23538874 0.35419565 0.25302282
v -0.19342893 0.46327174 0.10656380
v 0.18882719 0.60441208 -0.11453097
v 0.00164645 0.63438255 0.21997404
v -0.21166745 0.56753373 -0.05567915
v -0.26543662 0.21842176 0.28023916
v -0.18507054 0.39594480 -0.16801311
v -0.10343160 0.10771984 -0.42266914
v 0.03066705 0.48546544 -0.21877767
v -0.16447440 -0.13024971 0.38661075
v -0.23543176 -0.54782104 -0.33225617
v -0.11193479 0.28898078 0.41826886
v 0.15295769 0.39360777 0.20722593
v -0.14527828 0.47570521 0.17036815
v 0.21425737 0.57581615 0.04384638
v -0.23877618 -0.42228577 -0.33030689
v -0.10531613 0.42922151 -0.19654942
v -0.22600043 0.12189484 0.34056658
v -0.27295390 0.34504196 -0.04676047
v 0.21928047 -0.86360896 -0.17605460
v 0.08512983 0.37055483 0.31582579
v -0.24035715 -0.25448972 -0.32995689
v 0.24266776 -0.85331184 0.06296290
v -0.11241964 0.54530704 -0.19154955
v -0.11870762 -0.62833607 -0.41587961
v -0.11029269 0.87539017 0.11808314
v 0.02666796 0.54222196 -0.21886903
v -0.01611012 0.44124275 0.21974491
v -0.16441801 0.14871807 0.38666180
v 0.23135909 -0.63202000 0.33485791
v -0.18634379 0.85821682 0.09433910
v -0.09215825 0.87073427 -0.16961645
v 0.26932088 -0.09200071 0.24030758
v 0.11964321 -0.60792035 0.41531879
v 0.25549212 -0.15381448 0.30191997
v -0.15932979 0.43177125 -0.15898672
v -0.01579288 0.70325464 -0.21886231
v -0.09543481 0.02543821 0.42274880
v -0.23242965 0.05254240 0.33546871
v 0.07718346 0.87517291 -0.16277748
v 0.09911272 -0.22060622 0.42277008
v 0.03074115 0.66589177 -0.21765421
v -0.26051202 -0.79882103 0.26735738
v -0.10529058 -0.04735791 -0.42263472
v -0.08904766 0.87085271 0.16977797
v -0.23464218 0.13419223 -0.33574614
v 0.05253074 0.84266174 0.21047118
v 0.11941522 -0.74404150 0.41477731
v -0.24058981 -0.30473089 -0.32953158
v 0.16835189 0.30374742 0.38446328
v -0.05540511 0.29167119 -0.42267743
v -0.24143249 -0.43207690 0.32794577
v -0.04755534 -0.86619514 0.36097598
v 0.09431777 -0.30522895 -0.42301515
v -0.21303004 0.41343871 -0.05959551
v -0.25212544 0.34979889 0.21717308
v 0.26963368 -0.18270789 0.23762900
v 0.10115362 -0.87505335 -0.32418332
v -0.22440900 -0.84547484 0.27992734
v 0.26192236 -0.78813601 0.27406204
v 0.12994084 0.82943314 -0.17437844
v -0.24051544 -0.29079461 0.32887477
v -0.14912158 -0.87481260 -0.28588212
v -0.12906364 -0.26402038 -0.41064581
v 0.22147174 0.39886621 -0.06002745
v -0.26824072 0.13649483 -0.25397664
v -0.21493675 -0.87279278 0.06996063
v -0.10041293 -0.71206021 -0.42284682
v -0.04862254 -0.87512106 0.33126786
v -0.23620148 -0.47185668 0.33236805
v -0.29128069 -0.13097857 -0.00660194
v 0.28982875 -0.43216854 0.02606936
v 0.00475361 0.84930742 -0.21449204
v -0.20590842 -0.78854048 -0.35295367
v -0.17949989 0.42284051 0.13711865
v -0.17805853 0.85993481 0.10788985
v -0.09914613 0.61144358 -0.19722025
v -0.19124083 0.77773654 0.10592416
v 0.09941959 -0.62800819 0.42283809
v -0.12529235 -0.50717705 -0.41188988
v -0.19770876 0.28888121 -0.36349946
v 0.27737197 -0.77577150 -0.15881869
v -0.20260973 -0.87494427 -0.13792336
v -0.21006288 -0.87504321 -0.05202081
v -0.16320041 -0.19652289 0.38749412
v -0.10440425 -0.47971818 -0.42273712
v 0.22642995 -0.38456136 0.33968389
v 0.21301782 0.53393286 -0.05065222
v 0.28978547 -0.54071879 0.02507162
v -0.06679568 0.65990913 -0.21033648
v 0.23741832 -0.18993911 -0.33154011
v 0.10995552 -0.13980813 -0.42211998
v 0.02347418 0.77221924 -0.21763414
v -0.19517609 0.36634499 -0.25884911
v 0.19272305 0.30076060 0.36705959
v 0.06795155 0.39251930 -0.25464848
v 0.16553043 0.03007755 -0.38588181
v 0.26390606 0.34050661 -0.19674377
v 0.19638021 0.36832425 0.25145340
v -0.21681453 0.66110301 -0.02818289
v 0.11160836 -0.69846028 -0.42144877
v -0.19008078 0.73121417 0.10928632
v -0.10995319 0.14348206 -0.42197698
v 0.16805804 -0.81701177 0.37303907
v 0.08042195 0.37372285 -0.30742529
v -0.18951635 0.42409837 0.11541663
v 0.04706883 -0.83860552 0.39941016
v 0.18045121 -0.78577620 0.37131989
v -0.29120794 -0.22275279 -0.00636221
v -0.26567072 -0.01948539 0.27904433
v 0.19792587 -0.87281269 0.22009285
v 0.25632629 -0.69992763 -0.30773848
v -0.10784043 -0.10706215 0.42225733
v 0.03449466 0.39602324 -0.24825166
v 0.12213179 -0.72621560 -0.41376463
v 0.24485020 0.34617251 -0.27267089
v -0.00299679 0.87536585 0.17245318
v 0.11610937 -0.43943977 -0.41759548
v 0.18121064 0.42932788 -0.12988222
v -0.10998425 -0.53698063 -0.42201427
v 0.12769988 0.13092116 0.41290933
v 0.18545774 -0.78405333 -0.37106216
v 0.18556371 0.74286461 0.11711871
v -0.26875705 -0.33448780 -0.24775831
v -0.26315376 -0.74187046 0.29025245
v 0.24009398 -0.58716542 -0.32920739
v -0.28922245 -0.75862586 -0.00870686
v -0.11417718 0.36247200 -0.33282074
v -0.05867079 -0.87522197 -0.32610157
v -0.23223463 -0.71803629 0.33546281
v -0.29118013 -0.04025533 -0.00617934
v 0.10450970 0.39109552 -0.24671286
v -0.16833264 0.85804129 0.12643850
v -0.26945564 -0.42567268 -0.24117769
v -0.10174220 -0.28642717 0.42296788
v -0.19788475 -0.87457508 -0.19159912
v -0.13275722 0.34399146 0.37718138
v 0.07245380 0.46622178 -0.21127954
v 0.18924272 -0.87535328 0.08418532
v -0.11761493 0.37628946 0.28662416
v 0.16514422 0.16613059 -0.38614899
v 0.14563778 0.50348872 0.16990957
v -0.07519073 -0.85715765 -0.37805384
v 0.26408866 0.32982692 0.22922239
v -0.10520030 -0.33513117 0.42290753
v 0.26535249 -0.27369782 -0.28200391
v -0.12383480 -0.56052685 -0.41262624
v -0.01922167 0.64535981 -0.21886477
v -0.21582042 0.63500422 0.03492305
v -0.28390646 0.31211561 -0.09058842
v 0.20678033 0.44180527 0.07024053
v 0.16862498 -0.59283328 -0.38365355
v -0.09333777 -0.64974254 0.42322078
v 0.28616959 -0.01078181 -0.06568160
v 0.26859072 -0.77377385 0.24223998
v -0.28145567 0.33625087 0.00864807
v -0.10132367 -0.20722160 -0.42274970
v 0.23052068 -0.86213475 0.08845081
v 0.18489353 0.60972095 0.12172747
v 0.12018754 -0.80328888 0.41101670
v 0.16769567 0.57943201 -0.14672381
v 0.22526680 -0.85496199 -0.22607838
v 0.10300452 0.11351175 0.42265955
v -0.21343008 0.50593966 -0.04859141
v 0.26966205 0.16149394 0.23731022
v 0.27985051 0.31243041 -0.13315490
v -0.11934199 0.39929134 0.21306933
v 0.11382741 0.14473085 -0.41758895
v -0.09328061 -0.31460455 -0.42281345
v -0.21527036 0.42846358 0.03664789
v -0.23518640 -0.49455917 -0.33266091
v 0.17604713 -0.85877037 0.31662643
v -0.10674905 0.20511600 -0.42233258
v 0.20545100 0.40999803 0.09202886
v 0.19484982 0.77557230 -0.09849059
v 0.25165847 -0.82927227 0.21536042
v 0.21151413 -0.87450671 -0.03478562
v 0.19121872 -0.87533951 -0.11677011
v -0.23293412 0.33773547 -0.31183484
v -0.05257253 0.34596911 0.38152257
v 0.09462103 -0.65281785 -0.42322344
v -0.27160296 -0.77161318 0.21951652
v 0.10758501 -0.82430315 -0.40280443
v -0.17993537 -0.87532109 0.19290948
v 0.23742773 -0.11707911 0.33270004
v -0.26614028 -0.63094807 0.27459881
v -0.29092792 -0.31004772 -0.00571360
v -0.24850836 0.07736657 -0.32014766
v -0.16482502 0.00917119 0.38636404
v -0.25707510 -0.25221682 -0.30311182
v 0.04485339 0.43862459 -0.21698380
v 0.25667545 0.19876973 -0.30265400
v 0.16917737 0.53150553 -0.14603189
v -0.19436309 0.38186604 0.21054532
v -0.19662128 -0.87533468 0.03997464
v 0.26462328 0.15682691 -0.28500417
v 0.23311275 0.15487935 0.33707416
v 0.24735387 -0.85191971 -0.01263671
v -0.06369333 0.67299885 0.21153197
v 0.10299690 -0.58832943 0.42278770
v -0.28987533 -0.49870130 -0.02415539
v 0.28535423 0.31880599 -0.06539333
v 0.10826360 -0.16760825 -0.42238355
v 0.29016846 -0.03729356 0.02429053
v 0.15521175 0.87539053 -0.04598187
v 0.16630568 -0.33197874 -0.38529709
v 0.22367816 -0.46191287 0.34140697
v -0.24038903 -0.37101808 0.32889280
v -0.29042023 0.13329510 -0.02184094
v -0.23066492 0.07795816 -0.33855096
v 0.29050228 -0.32599726 0.01580007
v 0.03070535 0.72149843 -0.21718986
v 0.10650217 0.08159097 -0.42211530
v -0.01606109 0.39559138 -0.24946214
v 0.12138738 -0.83896792 0.38196209
v 0.28881836 0.31095967 0.03760003
v -0.26691359 -0.18086867 0.26747191
v 0.23331429 -0.49713477 -0.33466539
v 0.16780555 -0.41383743 -0.38423333
v 0.29108226 -0.13294914 0.00760225
v 0.24652323 -0.24510422 0.32356307
v -0.09544862 -0.02105880 0.42278740
v 0.03309038 0.34736410 -0.37825575
v 0.26955032 0.08838642 0.23832774
v 0.03560594 -0.87534136 -0.32107508
v -0.05635953 0.40163121 0.23390362
v 0.09476896 -0.21616988 -0.42294058
v 0.28551924 -0.42150977 -0.07332079
v -0.26996002 -0.67576015 -0.23515232
v 0.09437272 -0.00703830 -0.42278510
v 0.27012587 -0.62902576 0.23327158
v -0.09680048 -0.38385653 0.42309147
v -0.13344225 -0.12652057 -0.40828180
v -0.12762460 0.82859248 0.17617883
v 0.12311985 0.87540036 0.10541695
v 0.10779401 -0.05022746 -0.42229447
v 0.23175393 -0.02628871 0.33730757
v 0.29117167 -0.22839737 0.00413106
v 0.26287380 -0.11243249 -0.29188421
v -0.24448438 -0.50956184 0.32536155
v -0.16428380 0.08358920 0.38674581
v 0.27003166 -0.37608030 0.23409601
v -0.28061289 -0.78056049 0.12540647
v -0.02414854 0.57069796 -0.21884492
v 0.21787097 0.43107787 0.01591203
v -0.26944104 -0.51203442 -0.24081938
v 0.19077873 0.51507580 -0.11195954
v -0.22109389 -0.86065018 -0.20519966
v 0.23054804 -0.08363906 -0.33701548
v -0.28983960 -0.40078488 -0.02672043
v 0.19914468 0.41080311 0.10833409
v 0.12101427 -0.45032468 0.41505769
f 653 312 716
f 653 716 1469
f 223 1424 1098
f 223 1098 1389
f 223 1389 312
f 223 312 653
f 1875 653 1469
f 1875 223 653
f 315 223 1875
f 315 1424 223
f 1935 1872 1998
f 1857 573 1935
f 1819 1615 1857
f 1589 1594 25
f 1594 998 1173
f 1173 25 1594
f 1594 523 998
f 730 1173 998
f 1173 730 1811
f 998 523 799
f 1431 1420 1139
f 1139 999 1431
f 27 1589 25
f 1582 27 983
f 27 25 983
f 1420 1996 1139
f 1595 1582 983
f 1595 1996 1582
f 1884 1996 1595
f 853 1996 1884
f 1139 1996 853
f 1831 1139 853
f 25 1173 424
f 983 25 424
f 983 424 1305
f 983 1305 1595
f 1884 1595 1305
f 424 1173 1811
f 1305 424 1811
f 1254 999 1139
f 1254 688 999
f 142 688 1254
f 1254 1139 1831
f 142 1254 1331
f 142 1331 412
f 1832 1021 412
f 1021 142 412
f 1021 1832 489
f 1274 1021 489
f 1744 1274 489
f 1331 1254 1831
f 1696 412 1331
f 1696 1331 1831
f 1832 412 1696
f 1943 1744 489
f 806 965 638
f 592 965 806
f 974 1341 592
f 974 592 806
f 974 378 1341
f 874 378 974
f 1225 874 974
f 871 1589 638
f 638 965 871
f 1316 871 965
f 592 1316 965
f 1316 592 1341
f 347 378 874
f 871 1594 1589
f 871 1316 570
f 1316 1822 570
f 1822 149 570
f 1341 1822 1316
f 378 1822 1341
f 1594 871 570
f 1822 378 347
f 523 570 149
f 1594 570 523
f 661 523 149
f 1822 1549 661
f 1822 661 149
f 347 1549 1822
f 252 523 661
f 1549 526 252
f 1549 252 661
f 1701 1549 347
f 347 693 1701
f 550 523 252
f 550 799 523
f 252 526 550
f 1549 381 219
f 1549 219 526
f 1549 1701 381
f 667 1111 1431
f 1424 667 651
f 667 1431 651
f 1125 1205 1134
f 1125 1134 246
f 246 1111 1125
f 1125 1111 667
f 1225 974 1205
f 1225 1205 1125
f 1125 667 1424
f 1225 1125 1977
f 1977 1125 1424
f 999 651 1431
f 1134 1309 857
f 857 1420 246
f 246 1134 857
f 1111 246 1420
f 1111 1420 1431
f 1205 806 1309
f 806 638 1309
f 1134 1205 1309
f 974 806 1205
f 27 638 1589
f 1309 638 27
f 857 1309 27
f 857 27 1582
f 1582 1996 1420
f 857 1582 1420
f 1098 651 999
f 1098 999 688
f 1389 1098 688
f 1389 688 1539
f 1389 1539 312
f 312 1539 716
f 1469 716 1023
f 1424 651 1098
f 688 142 1539
f 1539 142 1021
f 716 1539 1021
f 716 1021 1274
f 1023 716 1274
f 84 874 1225
f 1504 84 1225
f 1504 1039 84
f 750 1039 1504
f 881 502 750
f 881 750 1504
f 199 690 881
f 690 502 881
f 199 306 690
f 347 874 84
f 84 1039 347
f 750 1534 1039
f 502 1534 750
f 690 1534 502
f 306 1534 690
f 1534 347 1039
f 306 1759 1534
f 1759 1895 1534
f 1534 693 347
f 1534 1123 693
f 1534 1773 1123
f 908 1773 1534
f 1895 908 1534
f 1504 1225 1977
f 881 1504 1977
f 881 1977 284
f 284 199 881
f 315 1977 1424
f 1977 315 1264
f 284 1977 1264
f 306 199 375
f 929 375 1336
f 138 929 1336
f 623 138 1336
f 623 123 138
f 647 123 623
f 1112 647 623
f 375 1759 306
f 929 1759 375
f 138 1919 929
f 123 1919 138
f 1764 123 647
f 1919 1759 929
f 1919 1828 1759
f 1764 1175 123
f 1759 1828 1895
f 123 1623 1919
f 1623 1828 1919
f 1175 1623 123
f 375 199 284
f 1994 375 284
f 1336 375 1994
f 1994 623 1336
f 1882 623 1994
f 1882 1112 623
f 1264 1994 284
f 1949 1994 1264
f 1882 1994 1949
f 1998 1882 1949
f 776 647 1112
f 776 1764 647
f 1044 776 1112
f 340 776 1044
f 501 340 1044
f 1797 501 509
f 358 1797 509
f 1008 1764 776
f 1008 776 340
f 340 919 1008
f 919 340 501
f 1373 919 501
f 1373 501 1797
f 919 166 1008
f 1373 166 919
f 1797 166 1373
f 1764 1144 1175
f 1144 1764 1008
f 1228 1144 1008
f 166 1228 1008
f 1812 1208 166
f 1812 166 1797
f 1208 65 166
f 1044 1112 1882
f 1872 1044 1882
f 1872 501 1044
f 1872 509 501
f 573 509 1872
f 1872 1882 1998
f 1938 358 509
f 1770 358 1938
f 1938 1275 1770
f 1314 1275 1938
f 575 1275 1314
f 1241 575 1314
f 438 1457 1241
f 1615 438 1241
f 1457 575 1241
f 1770 1797 358
f 1770 1812 1797
f 1275 1812 1770
f 800 1812 1275
f 575 800 1275
f 1457 264 575
f 264 800 575
f 1457 1981 264
f 1981 1514 264
f 573 1938 509
f 1314 1938 573
f 1615 1314 573
f 1241 1314 1615
f 823 438 1615
f 1872 1935 573
f 1857 1615 573
f 823 457 438
f 823 1092 457
f 1092 823 1174
f 419 1092 1174
f 812 419 1174
f 1479 812 1174
f 1102 910 812
f 1102 812 1479
f 1457 438 457
f 910 419 812
f 898 910 1102
f 457 1981 1457
f 1092 1981 457
f 419 1981 1092
f 910 1622 419
f 898 1622 910
f 1600 1622 898
f 419 617 1981
f 617 1516 1981
f 1622 617 419
f 823 1615 1479
f 1174 823 1479
f 1329 1102 1479
f 1479 1615 1819
f 1879 1479 1819
f 341 1479 1879
f 730 998 799
f 730 799 1096
f 286 730 1096
f 286 1811 730
f 799 1541 1096
f 799 550 1541
f 1096 1541 734
f 286 1096 734
f 286 734 1877
f 734 1541 1891
f 1541 265 1891
f 1584 734 1891
f 1877 734 1584
f 1584 1891 1357
f 1357 1891 1286
f 1584 1357 255
f 1584 255 1083
f 1584 1083 1877
f 1357 1404 255
f 853 1884 1305
f 1305 1811 286
f 1305 286 1877
f 1973 1877 1083
f 1973 1305 1877
f 489 1832 1943
f 853 1305 1696
f 1831 853 1696
f 1943 1832 1696
f 381 685 903
f 1701 1816 685
f 903 141 1130
f 141 1209 1130
f 141 903 685
f 1816 141 685
f 697 1209 141
f 141 1705 697
f 760 550 526
f 219 760 526
f 550 760 1541
f 478 760 219
f 219 903 478
f 381 903 219
f 1701 685 381
f 693 1816 1701
f 760 478 265
f 265 1541 760
f 903 1130 478
f 1130 265 478
f 1286 1891 265
f 1286 265 1130
f 1209 1286 1130
f 1209 9 1286
f 9 1404 1357
f 9 1357 1286
f 1209 697 9
f 1404 9 795
f 697 795 9
f 693 930 1816
f 1123 1300 930
f 1773 1554 1300
f 561 1554 908
f 141 1816 930
f 1123 930 693
f 1773 1300 1123
f 1554 1773 908
f 561 908 1895
f 1496 1834 1623
f 137 561 1868
f 1828 1868 1895
f 1868 561 1895
f 1828 137 1868
f 137 1828 1834
f 1623 1834 1828
f 1175 1496 1623
f 1144 1631 1496
f 65 1917 777
f 1208 1917 65
f 52 1917 1208
f 777 1917 662
f 1144 1496 1175
f 1228 1631 1144
f 1228 662 1631
f 777 662 1228
f 166 777 1228
f 65 777 166
f 264 1714 1905
f 52 1208 1812
f 675 52 1812
f 800 675 1812
f 800 1905 675
f 264 1905 800
f 1514 1714 264
f 1714 1514 1403
f 1230 1403 1516
f 1792 1230 617
f 1981 1403 1514
f 1516 1403 1981
f 617 1230 1516
f 1792 617 1622
f 733 1792 1622
f 1600 733 1622
f 756 356 1506
f 1637 756 1506
f 1033 1506 356
f 1875 1469 1637
f 1506 1875 1637
f 1506 1033 1991
f 1495 315 1506
f 315 1875 1506
f 1506 1991 1495
f 1264 315 1495
f 1264 1495 1949
f 1949 1495 1537
f 1537 1998 1949
f 1998 1537 1935
f 1819 1857 1965
f 420 1335 724
f 31 1000 1447
f 1335 1274 1744
f 724 1335 1744
f 1815 420 724
f 1499 420 1815
f 271 1499 1815
f 271 1000 1499
f 1447 1000 271
f 1943 724 1744
f 1815 724 1943
f 271 1815 1476
f 1476 1447 271
f 1447 1476 1377
f 1476 1815 1943
f 1166 31 1323
f 1166 1393 31
f 31 1447 1323
f 200 1166 54
f 1166 1323 54
f 1015 200 1355
f 1355 90 177
f 177 1015 1355
f 177 85 1807
f 1668 1323 1377
f 1323 1447 1377
f 1323 1668 54
f 54 1932 1124
f 1124 200 54
f 1355 200 1124
f 90 1355 1124
f 85 177 90
f 1932 54 1668
f 1124 1932 1387
f 90 1124 1387
f 1680 90 1387
f 1680 85 90
f 1807 85 895
f 115 1807 895
f 85 1680 895
f 1260 895 571
f 115 895 1260
f 1388 895 1680
f 571 895 1388
f 139 1260 571
f 1388 1680 944
f 571 1388 1698
f 139 571 1573
f 1023 1637 1469
f 1637 1023 756
f 1033 356 931
f 1521 1033 931
f 1521 1991 1033
f 1023 1274 1335
f 756 1023 1335
f 756 1335 420
f 356 756 420
f 356 420 1499
f 1499 1000 931
f 931 356 1499
f 931 1000 31
f 931 31 1393
f 1393 1521 931
f 768 1521 1393
f 520 768 1393
f 768 1991 1521
f 1101 322 520
f 322 768 520
f 1101 520 1371
f 1101 1371 955
f 322 1991 768
f 1101 955 1930
f 1930 955 876
f 1649 876 1791
f 1930 322 1101
f 1873 876 1649
f 1873 1930 876
f 1873 935 1930
f 520 1393 1166
f 1371 1015 955
f 955 1015 981
f 955 981 1791
f 1791 876 955
f 1015 1166 200
f 1371 520 1166
f 1371 1166 1015
f 981 1015 177
f 981 177 1807
f 1649 1791 184
f 1791 981 897
f 1791 897 184
f 1626 681 184
f 681 1649 184
f 681 1873 1649
f 762 1873 681
f 552 935 762
f 935 1873 762
f 897 981 1807
f 1807 115 897
f 766 897 1041
f 766 184 897
f 1626 184 766
f 1626 766 118
f 762 681 1626
f 1878 762 1626
f 1878 552 762
f 1041 897 115
f 766 1041 372
f 118 766 372
f 1878 1626 118
f 1260 1041 115
f 372 1041 1260
f 637 118 372
f 1878 118 637
f 372 1260 959
f 637 372 959
f 560 637 959
f 1692 637 560
f 1878 637 1692
f 959 1260 139
f 959 139 1346
f 560 959 1346
f 1605 560 1346
f 1692 560 1605
f 1019 1346 139
f 1346 1019 1605
f 1605 1491 515
f 1692 1605 515
f 834 1692 515
f 1991 322 1495
f 1934 322 1930
f 1934 1930 935
f 1934 1495 322
f 1934 935 1413
f 1715 1495 1934
f 1715 1934 1599
f 935 552 1413
f 1509 1413 552
f 1413 1509 463
f 1934 1413 1710
f 1710 1413 463
f 1934 1710 1599
f 1599 1710 104
f 1715 1599 528
f 528 1599 1299
f 1509 552 1878
f 1710 463 104
f 1299 1599 104
f 463 1509 1712
f 104 463 1712
f 1299 104 1574
f 1692 1509 1878
f 1712 1509 1692
f 1574 104 1712
f 1692 834 600
f 1712 1692 600
f 1712 600 629
f 1712 629 224
f 1574 1712 224
f 1574 224 485
f 1537 1495 1715
f 1526 1537 1715
f 1248 1537 1526
f 1006 1537 1248
f 380 1526 1715
f 528 380 1715
f 380 528 1659
f 380 1659 1988
f 1526 380 1988
f 275 1526 1988
f 275 1248 1526
f 364 1248 275
f 1576 1248 364
f 1800 1576 364
f 1659 528 1299
f 275 1988 1818
f 1818 364 275
f 1800 364 1818
f 1574 1659 1299
f 1988 1659 1327
f 1327 1818 1988
f 1800 1818 1621
f 1621 1409 1800
f 1327 1659 1574
f 1621 1818 1327
f 1574 485 491
f 163 1574 491
f 1327 1574 163
f 794 1327 163
f 1621 1327 1703
f 1703 1327 794
f 1248 1576 1006
f 1661 1537 1006
f 1661 1935 1537
f 1661 1006 1272
f 60 1576 1800
f 1006 1576 60
f 1272 1006 60
f 1956 1272 60
f 18 1272 1956
f 18 1661 1272
f 634 1661 18
f 634 416 1661
f 1810 416 634
f 1409 60 1800
f 60 1409 1956
f 18 1956 1466
f 1466 634 18
f 1810 634 1466
f 666 1409 1621
f 666 1466 1956
f 1956 1409 666
f 1391 1466 666
f 1810 1466 1391
f 1621 1703 940
f 1621 940 696
f 696 666 1621
f 1650 1391 666
f 1185 1935 1661
f 1185 1661 416
f 1857 1935 1185
f 1965 1857 1185
f 1965 1185 1003
f 1456 416 1810
f 1185 416 1456
f 221 1185 1456
f 1003 1185 221
f 594 1003 221
f 1095 1965 1003
f 594 1095 1003
f 183 1095 594
f 506 1095 183
f 1160 1456 1810
f 221 1456 1160
f 706 594 221
f 183 594 706
f 221 1160 706
f 1160 1810 1391
f 1160 1391 1833
f 706 1160 1833
f 1833 183 706
f 1758 183 1833
f 1719 1391 1677
f 1833 1391 1719
f 447 1758 1020
f 1758 1833 1020
f 1560 1819 1965
f 1879 1819 1560
f 1858 1879 1560
f 1879 1858 1232
f 1560 1965 537
f 537 1965 1095
f 1381 1858 1560
f 537 1095 506
f 838 537 927
f 537 506 927
f 744 1560 537
f 744 537 838
f 1381 1560 744
f 1396 1381 744
f 1084 1858 1381
f 721 1084 1381
f 927 506 183
f 1396 744 838
f 721 1381 1396
f 1050 1084 721
f 927 183 1758
f 1758 838 927
f 1721 1396 838
f 721 1396 1721
f 1721 838 1758
f 1937 721 1721
f 1937 1050 721
f 1861 1721 1758
f 1360 1937 1721
f 1668 1377 1476
f 1932 1668 1476
f 944 1680 1387
f 1387 1932 944
f 1817 944 864
f 944 1932 864
f 1698 1388 944
f 1573 571 1698
f 1193 139 1573
f 1573 1698 1240
f 1573 1240 266
f 1573 266 1193
f 1698 944 1240
f 1240 1157 266
f 266 1157 977
f 977 1193 266
f 202 1193 977
f 1240 944 1817
f 1817 1157 1240
f 1157 1817 1801
f 977 1157 1801
f 162 202 977
f 162 977 1801
f 1817 864 152
f 1801 1817 152
f 1801 152 731
f 162 1801 731
f 1267 731 152
f 825 731 1267
f 139 1193 1019
f 1605 1019 1491
f 1019 1193 1461
f 1461 1491 1019
f 69 1491 1461
f 515 1491 69
f 834 515 577
f 1193 202 1461
f 1385 69 1461
f 1385 1461 202
f 754 1385 202
f 1528 202 162
f 754 202 1528
f 162 731 1528
f 694 754 1528
f 1528 731 825
f 694 1528 825
f 694 825 976
f 577 515 69
f 834 577 467
f 1588 834 467
f 1641 69 1385
f 577 69 1641
f 467 577 1641
f 1641 1385 754
f 1351 1641 754
f 1351 754 694
f 467 1641 1351
f 1351 694 976
f 600 834 1588
f 485 224 196
f 629 600 1901
f 196 224 1901
f 224 629 1901
f 1901 600 1588
f 485 196 1581
f 1901 1588 467
f 1901 467 1351
f 163 491 639
f 163 639 794
f 491 485 1581
f 491 1581 639
f 794 639 1616
f 622 1703 1616
f 1703 794 1616
f 1616 639 1581
f 1893 666 696
f 666 1893 1650
f 940 1703 622
f 696 940 1980
f 940 622 1980
f 1883 1650 1893
f 1893 696 1980
f 1391 1650 1677
f 1833 1719 1635
f 1020 1833 1635
f 1677 1650 1883
f 1719 1677 1673
f 101 1020 1635
f 1639 447 1020
f 1677 1883 1673
f 1639 1020 101
f 101 1719 1673
f 1635 1719 101
f 1861 1758 447
f 1721 1861 1027
f 783 1721 1027
f 1360 1721 783
f 102 1360 1970
f 447 1639 1861
f 1360 783 1970
f 1970 783 1027
f 529 1861 1639
f 1027 1861 529
f 1027 529 1970
f 984 1957 1451
f 1898 984 323
f 984 1451 323
f 323 1451 997
f 997 1 323
f 522 984 1898
f 1898 323 1380
f 1380 323 1390
f 1390 323 1
f 1399 1898 1380
f 522 1898 1399
f 1390 1 1647
f 1040 898 1102
f 1040 1102 1329
f 1676 1682 1040
f 1040 1329 1676
f 1936 1676 1301
f 259 1936 1301
f 259 1301 1400
f 1400 1147 259
f 1682 898 1040
f 1676 1037 1682
f 1936 1037 1676
f 1958 1037 1936
f 668 1958 1936
f 259 668 1936
f 1147 1794 259
f 1794 668 259
f 1682 1600 898
f 1958 1060 1037
f 1794 1730 668
f 1060 1180 1600
f 1600 1682 1037
f 1060 1600 1037
f 1730 1452 1060
f 1958 1730 1060
f 1730 1958 668
f 1301 1676 1329
f 1814 1301 1329
f 1329 341 1814
f 1400 1301 1814
f 1329 1479 341
f 1957 1814 341
f 720 1147 1400
f 720 815 1147
f 991 815 720
f 991 720 1194
f 1474 991 1194
f 277 1474 1194
f 1542 1474 277
f 1395 1542 277
f 1161 1395 277
f 1147 815 1794
f 991 1520 815
f 717 1520 991
f 717 991 1474
f 1463 717 1474
f 1542 1463 1474
f 1665 1463 1542
f 1665 1542 1395
f 1520 1794 815
f 1463 1520 717
f 1665 1829 1463
f 1463 158 1520
f 1520 1730 1794
f 1520 233 1730
f 158 233 1520
f 1829 1200 1463
f 1200 158 1463
f 1200 807 158
f 1814 720 1400
f 720 1814 1194
f 1266 1194 1814
f 817 277 1194
f 1266 817 1194
f 817 1161 277
f 972 1814 984
f 972 1266 1814
f 984 1814 1957
f 439 1215 1395
f 1161 439 1395
f 181 439 1161
f 417 683 439
f 417 439 181
f 120 683 417
f 1215 1665 1395
f 660 726 1215
f 683 660 439
f 660 1215 439
f 1927 660 683
f 120 1927 683
f 726 1829 1665
f 1215 726 1665
f 311 1218 726
f 660 311 726
f 660 764 311
f 1927 764 660
f 1328 764 1927
f 332 1328 1927
f 332 1927 120
f 726 495 1829
f 1218 495 726
f 1294 1218 311
f 1294 311 764
f 764 1328 1294
f 1296 1829 495
f 296 171 1296
f 296 1296 495
f 1218 296 495
f 1294 947 1218
f 947 296 1218
f 1328 947 1294
f 332 1842 1328
f 1200 1829 1296
f 729 1200 1296
f 171 729 1296
f 171 649 729
f 296 465 171
f 465 296 947
f 1328 1716 947
f 1842 1716 1328
f 729 1303 1200
f 1268 1303 729
f 649 1268 729
f 649 171 465
f 947 1876 465
f 1716 1876 947
f 584 1161 817
f 584 181 1161
f 1253 817 1266
f 344 181 584
f 584 817 13
f 13 817 1253
f 124 1253 1266
f 972 124 1266
f 413 13 1253
f 124 413 1253
f 316 124 972
f 213 972 942
f 316 972 213
f 1527 120 417
f 417 181 344
f 1527 417 344
f 344 584 388
f 388 1527 344
f 13 388 584
f 1192 388 13
f 413 1192 13
f 1192 1121 388
f 243 1192 413
f 1087 243 413
f 1087 413 124
f 124 316 1087
f 1088 1087 316
f 1088 316 213
f 1527 332 120
f 1527 388 1121
f 1121 332 1527
f 1121 1192 243
f 1088 4 1087
f 1720 243 1087
f 1720 1358 243
f 4 1720 1087
f 394 4 1088
f 1358 1121 243
f 914 1720 4
f 394 914 4
f 1842 332 1121
f 1358 1842 1121
f 914 1427 1720
f 394 317 914
f 1427 1842 1358
f 1720 1427 1358
f 914 1755 1427
f 317 1755 914
f 1755 317 278
f 1224 1842 1427
f 1755 88 1427
f 1755 318 88
f 278 318 1755
f 32 318 278
f 1842 1224 1716
f 609 1224 1427
f 609 1427 88
f 88 71 609
f 71 88 318
f 70 71 318
f 942 972 984
f 406 984 522
f 942 984 406
f 1767 1380 1390
f 1647 1767 1390
f 406 522 1399
f 1399 1380 1767
f 406 213 942
f 1088 213 406
f 406 1399 1503
f 872 1503 1399
f 1538 1399 1767
f 1538 872 1399
f 641 1538 1767
f 641 1767 1647
f 641 1647 1709
f 1503 1088 406
f 394 1088 1503
f 547 1213 1503
f 1213 394 1503
f 547 1503 872
f 641 1171 1538
f 511 547 872
f 1803 511 872
f 1803 872 1538
f 1803 1538 1171
f 1195 1171 641
f 1213 317 394
f 87 1213 547
f 194 87 547
f 511 194 547
f 415 278 317
f 1213 415 317
f 415 1213 87
f 1090 1784 32
f 1090 32 278
f 1036 1784 1090
f 985 1036 1090
f 1145 1036 985
f 1361 1145 985
f 906 1145 1361
f 242 71 70
f 1784 70 32
f 70 318 32
f 242 70 784
f 784 70 1784
f 1036 784 1784
f 1145 784 1036
f 698 1803 1171
f 1195 698 1171
f 396 1803 698
f 698 1195 524
f 1912 396 698
f 524 1912 698
f 1602 1912 524
f 1912 1602 1556
f 1753 1912 1556
f 1279 87 194
f 1279 194 511
f 1279 511 396
f 511 1803 396
f 396 1630 1279
f 1912 1630 396
f 1912 1009 1630
f 1753 1009 1912
f 1322 1090 415
f 1090 278 415
f 1322 415 87
f 1322 985 1090
f 1322 87 1279
f 1630 985 1322
f 1630 1322 1279
f 1630 1361 985
f 1009 1361 1630
f 253 1361 1009
f 906 1361 253
f 906 253 625
f 1529 270 1460
f 207 1753 1556
f 207 1433 1753
f 1848 1433 207
f 1590 1411 1848
f 878 1009 1753
f 878 1753 1433
f 1433 1034 878
f 978 1034 1433
f 978 1433 1848
f 1411 978 1848
f 878 253 1009
f 978 1529 1034
f 625 253 878
f 878 1545 625
f 1034 1545 878
f 1460 1545 1034
f 1460 1034 1529
f 270 1529 1684
f 1136 1367 497
f 1462 847 1411
f 1480 1462 1411
f 291 805 1462
f 291 402 805
f 226 402 291
f 197 226 291
f 1411 847 978
f 6 978 847
f 805 1210 847
f 805 847 1462
f 402 1416 1250
f 1250 805 402
f 1529 978 6
f 1210 6 847
f 805 950 1210
f 1250 950 805
f 228 950 1250
f 228 46 950
f 1684 1529 6
f 1210 1684 6
f 497 1684 1210
f 950 497 1210
f 950 1136 497
f 46 1136 950
f 53 74 1136
f 53 5 74
f 1459 226 197
f 1058 226 1459
f 1416 235 1250
f 226 1182 402
f 774 235 1416
f 1416 402 1182
f 1182 774 1416
f 1182 226 1058
f 235 228 1250
f 189 228 235
f 1182 612 774
f 1182 1167 612
f 1167 1182 1058
f 1167 1058 1459
f 627 1167 1459
f 1080 612 1167
f 46 53 1136
f 228 738 46
f 738 53 46
f 189 738 228
f 235 1440 189
f 1038 738 189
f 1440 1038 189
f 774 1440 235
f 774 759 1440
f 612 759 774
f 1080 759 612
f 1080 1167 627
f 53 870 5
f 738 870 53
f 1038 870 738
f 1153 870 1038
f 1440 1153 1038
f 759 1153 1440
f 1717 214 1180
f 1756 1717 1452
f 214 733 1600
f 1180 214 1600
f 1717 1180 1060
f 1452 1717 1060
f 1730 1756 1452
f 1851 1756 1730
f 1343 569 366
f 569 1799 366
f 1116 1756 1851
f 1799 1921 366
f 989 535 1799
f 233 1851 1730
f 233 1116 1851
f 158 1116 233
f 1921 1116 158
f 366 1921 807
f 807 1921 158
f 1343 366 807
f 1343 807 1200
f 569 1343 1189
f 883 569 1189
f 695 569 883
f 695 1799 569
f 695 1068 1799
f 1068 989 1799
f 1303 1343 1200
f 1268 527 1303
f 1268 1202 527
f 649 1202 1268
f 649 1321 1202
f 1321 649 465
f 1876 1321 465
f 1189 1343 1303
f 527 883 1189
f 527 1189 1303
f 1202 1004 527
f 1004 1202 1321
f 1004 883 527
f 1004 2 883
f 1321 994 1004
f 994 1321 1876
f 1070 1876 1716
f 883 2 695
f 2 1004 994
f 1297 1068 695
f 1297 695 2
f 2 1379 1297
f 1379 2 994
f 1876 1070 994
f 1070 1379 994
f 1297 241 1068
f 1379 241 1297
f 989 1068 241
f 240 989 241
f 1379 471 241
f 471 240 241
f 471 1379 1070
f 240 535 989
f 487 535 240
f 1291 487 240
f 471 1291 240
f 157 471 1070
f 1224 1651 1716
f 609 91 1224
f 609 34 91
f 71 34 609
f 71 100 34
f 1224 91 1651
f 91 143 1651
f 393 91 34
f 100 393 34
f 1651 1070 1716
f 143 91 393
f 393 576 143
f 1651 180 1070
f 143 538 1651
f 538 180 1651
f 143 1558 538
f 1558 239 538
f 576 1558 143
f 180 157 1070
f 538 239 180
f 239 1644 180
f 1644 157 180
f 239 97 1644
f 1644 1962 157
f 1644 1483 1962
f 97 1483 1644
f 97 261 1483
f 56 1962 1483
f 261 56 1483
f 242 100 71
f 784 479 242
f 1145 479 784
f 1145 1212 479
f 906 1212 1145
f 906 1772 1212
f 1765 393 100
f 1765 100 479
f 479 100 242
f 1765 576 393
f 887 1765 479
f 1212 887 479
f 1212 873 887
f 873 1212 1772
f 1558 576 1199
f 1765 1199 576
f 887 1199 1765
f 873 440 887
f 1288 873 1772
f 1772 43 1288
f 1711 239 1558
f 1711 1558 1199
f 887 1711 1199
f 440 1711 887
f 1288 440 873
f 97 239 1711
f 261 97 1711
f 1288 268 440
f 440 1531 261
f 261 1711 440
f 1992 268 1288
f 261 1531 56
f 268 1531 440
f 1772 906 1471
f 1471 906 625
f 1545 1471 625
f 1545 1695 1471
f 1695 1545 1460
f 1460 1133 1695
f 1133 1460 270
f 1695 1825 1471
f 1825 43 1471
f 43 1772 1471
f 1330 43 1825
f 1825 1838 1330
f 1133 1838 1695
f 1838 1825 1695
f 1133 1236 1838
f 43 1992 1288
f 1330 1992 43
f 1838 1896 1330
f 1896 1992 1330
f 1236 1785 1838
f 1785 1896 1838
f 1896 658 1992
f 1158 270 1684
f 1158 1684 1057
f 1057 1684 497
f 1367 1057 497
f 37 397 1367
f 270 1158 1133
f 1367 656 1057
f 397 656 1367
f 1057 1625 1158
f 656 1625 1057
f 1338 656 397
f 1158 1236 1133
f 1625 1236 1158
f 1338 1733 656
f 656 1010 1625
f 1733 1010 656
f 1283 1236 1625
f 1010 1283 1625
f 12 1010 1733
f 1785 1236 1283
f 12 1607 1010
f 1607 1283 1010
f 1367 1136 74
f 37 1367 74
f 643 37 74
f 5 78 643
f 5 643 74
f 37 669 397
f 669 37 1646
f 1646 37 643
f 78 195 1646
f 78 1646 643
f 669 1338 397
f 689 1338 669
f 1780 689 669
f 1646 1780 669
f 195 1780 1646
f 689 549 1338
f 1780 601 689
f 1780 401 601
f 1444 401 1780
f 1444 1780 195
f 549 1733 1338
f 549 689 601
f 967 549 601
f 401 967 601
f 1510 401 1444
f 325 12 1733
f 549 325 1733
f 325 549 967
f 444 325 967
f 1510 444 967
f 1510 967 401
f 1511 12 325
f 1511 325 444
f 444 835 1511
f 835 444 1510
f 1821 1607 12
f 462 1821 12
f 462 12 1511
f 1511 645 462
f 835 645 1511
f 368 645 835
f 870 936 78
f 870 78 5
f 1568 936 870
f 1153 1568 870
f 1153 759 1080
f 195 78 936
f 453 195 936
f 453 936 1568
f 1444 195 453
f 1568 1153 1080
f 453 1510 1444
f 1080 453 1568
f 1493 453 1080
f 1510 368 835
f 341 1879 1232
f 1232 1957 341
f 1451 1957 1232
f 782 1451 1232
f 83 782 1232
f 782 997 1451
f 297 782 83
f 997 782 916
f 1904 1 997
f 916 1904 997
f 679 916 782
f 899 679 782
f 899 782 297
f 1647 1 1904
f 135 1904 916
f 679 135 916
f 122 1232 1858
f 1738 1232 122
f 1232 1738 1298
f 1298 1738 1011
f 122 1858 1084
f 558 122 1084
f 96 122 558
f 96 1738 122
f 1455 1738 96
f 1011 1738 1455
f 1464 1150 1455
f 1150 1011 1455
f 1150 1298 1011
f 249 1298 1150
f 843 249 1150
f 1050 558 1084
f 558 1050 96
f 96 1050 1787
f 1787 1455 96
f 1464 1455 1787
f 1766 1150 1464
f 843 1150 1766
f 1766 1464 1989
f 1464 1787 1989
f 1787 1050 1937
f 1787 1937 1989
f 1777 1766 1989
f 1937 1360 102
f 1937 1669 1989
f 1643 1989 1669
f 376 1232 1298
f 83 1232 518
f 518 1232 376
f 1754 518 376
f 1326 518 1754
f 803 1326 1754
f 803 1754 855
f 1372 803 855
f 1298 249 376
f 386 376 249
f 249 843 146
f 146 386 249
f 1402 1754 376
f 1402 376 386
f 1402 386 755
f 1398 1754 1402
f 855 1754 1398
f 855 1398 461
f 461 288 855
f 755 386 146
f 1402 755 188
f 1398 1402 188
f 1398 188 1277
f 461 1398 1277
f 843 1766 146
f 146 1766 1777
f 188 755 1472
f 1472 755 146
f 1472 146 1777
f 30 1277 188
f 30 188 1472
f 63 1277 30
f 297 1191 899
f 1191 297 83
f 1191 83 456
f 135 1709 1904
f 1642 1191 456
f 1709 1647 1904
f 1709 135 1547
f 135 679 1547
f 679 899 657
f 1547 679 657
f 657 899 1191
f 1046 1191 1642
f 1436 657 1191
f 1046 1436 1191
f 1350 641 1709
f 1085 1350 1709
f 1085 1709 1547
f 360 1085 1547
f 360 1547 657
f 1436 544 657
f 1350 1195 641
f 360 657 544
f 1436 302 544
f 220 302 1436
f 254 220 1436
f 544 583 360
f 1854 302 220
f 220 254 140
f 819 1372 855
f 1372 7 803
f 379 1372 819
f 1204 379 819
f 83 518 456
f 456 518 943
f 486 518 1326
f 943 518 486
f 1326 803 1501
f 486 1326 1501
f 1501 803 7
f 7 1372 379
f 1804 1501 7
f 379 44 1804
f 379 1804 7
f 1204 44 379
f 338 44 1204
f 1642 456 943
f 1642 943 486
f 486 1235 1642
f 1804 1235 1501
f 1235 486 1501
f 701 1235 1804
f 44 701 1804
f 1235 1046 1642
f 44 1735 701
f 1735 44 338
f 338 521 1735
f 254 1436 1046
f 893 1046 1235
f 893 1235 778
f 521 431 1735
f 1942 778 1235
f 1942 1235 701
f 1735 431 701
f 431 1942 701
f 254 1046 893
f 893 140 254
f 273 140 893
f 778 273 893
f 1342 140 273
f 431 809 1942
f 778 314 273
f 1942 58 778
f 58 314 778
f 809 58 1942
f 287 273 314
f 287 1342 273
f 431 1378 809
f 1888 1378 431
f 17 314 58
f 58 283 17
f 809 283 58
f 314 17 287
f 288 819 855
f 227 1204 819
f 384 288 461
f 227 819 288
f 652 227 288
f 652 288 384
f 953 338 1204
f 1204 227 953
f 227 652 1559
f 953 227 1559
f 384 461 1277
f 374 1559 652
f 374 652 384
f 374 384 404
f 953 687 338
f 1559 687 953
f 1422 1559 374
f 1636 384 1277
f 1636 1277 63
f 404 1422 374
f 404 384 1636
f 362 404 1636
f 1422 508 687
f 1422 687 1559
f 850 1422 404
f 687 521 338
f 508 521 687
f 362 156 404
f 362 1636 63
f 508 1422 850
f 850 404 156
f 588 156 362
f 247 362 1249
f 362 63 1249
f 156 1091 850
f 1091 508 850
f 156 588 1091
f 588 362 247
f 579 1249 30
f 1249 63 30
f 93 1249 579
f 93 247 1249
f 281 1091 588
f 281 588 247
f 247 93 281
f 1091 521 508
f 431 521 1888
f 458 579 30
f 579 458 1103
f 1103 93 579
f 93 775 281
f 1412 775 93
f 1412 93 1103
f 1888 521 1091
f 1289 1888 1091
f 1350 1085 1918
f 1918 1195 1350
f 1918 1085 360
f 1918 360 583
f 524 1195 1918
f 1577 524 1918
f 1918 583 1577
f 1577 1602 524
f 1339 1602 1577
f 1556 1602 1339
f 445 583 544
f 544 302 445
f 445 302 1854
f 1750 445 1854
f 1577 583 1750
f 1750 583 445
f 924 1577 1750
f 1201 924 1750
f 924 1339 1577
f 1854 220 1823
f 187 1750 1854
f 1854 1823 187
f 1201 1750 1344
f 1750 187 1344
f 172 924 1201
f 1823 220 140
f 1384 140 1342
f 1823 140 1384
f 1176 1384 287
f 1384 1342 287
f 477 1823 1384
f 187 1823 477
f 477 1384 1176
f 1344 187 477
f 633 1201 1344
f 1201 633 172
f 418 287 17
f 418 1176 287
f 1176 418 128
f 1762 1344 477
f 1762 477 1176
f 1762 1176 128
f 633 1344 1762
f 1155 1556 1339
f 1897 207 1155
f 207 1556 1155
f 1848 207 1897
f 1848 1897 1590
f 1242 1590 1897
f 1339 924 1155
f 1580 1155 924
f 1155 1580 578
f 1897 1155 1242
f 1242 1155 578
f 1532 1242 578
f 924 172 1580
f 578 1580 884
f 578 1067 1532
f 1220 1580 172
f 884 1580 1220
f 1067 578 884
f 951 1532 1067
f 1152 1590 1242
f 1480 1411 1590
f 1152 1480 1590
f 1480 1152 1535
f 291 1462 1480
f 1535 900 1480
f 291 1480 900
f 948 197 291
f 948 291 900
f 1566 305 900
f 305 948 900
f 1850 1242 1532
f 1850 1152 1242
f 1535 1152 1850
f 1826 1535 1850
f 900 1535 727
f 727 1535 1826
f 727 1826 1609
f 1566 900 727
f 553 727 1609
f 293 1826 1850
f 1826 293 1609
f 1850 1532 909
f 293 1850 909
f 1481 1609 293
f 1481 470 1609
f 909 1532 951
f 909 951 1498
f 1634 293 909
f 1419 1481 293
f 1419 293 1634
f 197 948 274
f 274 1459 197
f 373 948 305
f 373 274 948
f 343 1172 727
f 1172 1566 727
f 553 343 727
f 373 305 133
f 391 305 1566
f 391 1566 1172
f 133 305 391
f 553 1609 470
f 627 1459 274
f 151 627 274
f 151 274 373
f 373 114 151
f 133 114 373
f 133 541 114
f 391 541 133
f 391 1624 541
f 343 1624 1172
f 1624 391 1172
f 174 1624 343
f 1779 174 343
f 343 553 1779
f 553 470 1824
f 1779 553 1824
f 1881 470 1481
f 61 1624 174
f 1824 61 174
f 174 1779 1824
f 827 61 1824
f 827 1824 1881
f 1824 470 1881
f 585 827 1881
f 1080 627 151
f 541 1493 114
f 1624 1493 541
f 61 1493 1624
f 61 827 752
f 752 827 585
f 130 752 585
f 1115 1881 1481
f 405 1481 1419
f 405 1115 1481
f 585 1881 1115
f 1115 1190 585
f 1190 1115 405
f 1669 1937 102
f 932 1989 1643
f 1989 932 708
f 1777 1989 708
f 1786 1669 102
f 846 1643 1669
f 1669 1786 846
f 932 1643 846
f 1786 102 1970
f 932 846 708
f 708 846 1592
f 1135 1777 708
f 1325 1777 1135
f 1325 1472 1777
f 1548 1472 1325
f 30 1472 1548
f 686 30 1548
f 458 30 686
f 1325 1135 1592
f 1022 1548 1325
f 1135 708 1592
f 1548 1022 686
f 1022 1325 1592
f 377 686 1022
f 1564 377 1022
f 1915 283 809
f 1378 1915 809
f 283 586 17
f 283 1029 586
f 1029 743 586
f 1029 283 1915
f 1434 1915 1378
f 673 1434 1378
f 1888 673 1378
f 1915 543 1029
f 1915 1434 543
f 630 1434 673
f 1434 349 543
f 349 131 543
f 1434 630 349
f 673 1974 630
f 673 245 1974
f 260 349 630
f 1974 260 630
f 313 260 1974
f 250 1974 245
f 245 1666 250
f 250 45 313
f 313 1974 250
f 1666 236 250
f 1490 45 250
f 1490 250 236
f 1103 458 82
f 1885 775 1412
f 1412 198 1885
f 1103 82 198
f 198 1412 1103
f 281 1289 1091
f 1289 281 775
f 775 1885 1289
f 458 686 1760
f 1458 82 1760
f 82 458 1760
f 868 198 82
f 868 82 1458
f 198 945 1885
f 1885 945 1289
f 127 945 198
f 198 868 127
f 1583 1888 1289
f 868 230 127
f 945 1583 1289
f 1583 673 1888
f 127 230 1928
f 116 1928 230
f 1928 1583 945
f 127 1928 945
f 1583 245 673
f 352 580 1928
f 352 1928 116
f 116 353 352
f 1928 580 1583
f 1583 1666 245
f 865 580 352
f 1583 580 1666
f 1760 686 377
f 1458 1760 377
f 969 1458 377
f 230 868 1458
f 969 230 1458
f 1500 969 377
f 969 116 230
f 1500 116 969
f 1500 377 1564
f 1500 353 116
f 1500 1564 353
f 353 1564 1255
f 1255 865 352
f 1255 352 353
f 418 17 586
f 633 1762 1618
f 633 1618 966
f 966 1220 172
f 172 633 966
f 743 418 586
f 128 418 743
f 1741 128 743
f 1071 128 1741
f 1762 128 1071
f 1618 1762 1071
f 743 1029 543
f 1741 743 543
f 966 1618 3
f 131 1741 543
f 1741 131 964
f 964 1071 1741
f 1071 964 1567
f 1618 1071 1567
f 1618 1567 3
f 131 349 260
f 964 131 260
f 260 313 45
f 964 260 45
f 106 1567 964
f 1567 106 1739
f 3 1567 1739
f 1776 964 45
f 106 964 1776
f 1776 45 1490
f 1220 966 1652
f 884 1220 1652
f 884 1652 891
f 891 1067 884
f 1732 1067 891
f 1732 951 1067
f 1652 966 3
f 1652 3 1188
f 1652 1188 1375
f 1375 891 1652
f 1947 891 1375
f 1732 891 1947
f 1700 1732 1947
f 1188 3 1739
f 1752 1375 1188
f 1752 1947 1375
f 1947 1752 788
f 1691 1188 1739
f 1752 1188 1691
f 1498 951 1732
f 1634 909 1498
f 1634 1498 818
f 1419 1634 1982
f 1982 1634 1713
f 1713 1634 818
f 1498 1732 818
f 818 1732 1700
f 1982 1713 548
f 548 1713 918
f 337 818 1700
f 337 1713 818
f 918 1713 337
f 628 918 337
f 851 1700 1947
f 851 337 1700
f 1107 918 628
f 851 1947 788
f 628 337 851
f 1107 628 370
f 628 851 1502
f 370 628 1502
f 114 1080 151
f 752 1493 61
f 114 1493 1080
f 1774 752 130
f 130 810 1774
f 752 1774 1493
f 555 917 1774
f 1774 917 1493
f 1162 1419 1982
f 1162 405 1419
f 130 585 1190
f 810 130 1190
f 879 810 1190
f 879 1190 405
f 879 405 1162
f 1745 1982 548
f 1745 1162 1982
f 879 35 810
f 35 879 1162
f 1745 35 1162
f 1745 1793 35
f 1745 1619 1793
f 1745 548 1619
f 1619 548 813
f 555 1774 810
f 810 35 555
f 555 35 1793
f 813 548 918
f 1619 28 1793
f 813 28 1619
f 1793 917 555
f 813 918 1107
f 1113 813 1107
f 1258 1793 28
f 28 310 1258
f 813 1113 28
f 1113 310 28
f 1793 1258 917
f 492 50 1107
f 1113 50 310
f 50 804 310
f 1113 1107 50
f 310 804 1258
f 492 1107 370
f 1678 33 804
f 1678 804 50
f 492 1678 50
f 804 1865 917
f 804 917 1258
f 238 492 370
f 1678 238 33
f 492 238 1678
f 804 33 1865
f 1083 1035 1973
f 1035 255 336
f 1083 255 1035
f 1404 350 336
f 1404 336 255
f 713 1035 336
f 336 350 713
f 1035 713 894
f 1035 894 1973
f 350 1126 201
f 201 713 350
f 894 713 201
f 894 201 1386
f 498 1973 894
f 1806 1973 498
f 498 894 1386
f 1386 201 568
f 1386 1066 498
f 1066 1386 568
f 1806 718 1334
f 498 1066 1488
f 498 1488 1806
f 718 1488 1234
f 1488 718 1806
f 77 1488 1066
f 1973 1334 830
f 1926 1973 830
f 1926 830 1557
f 1334 1973 1806
f 830 1334 1257
f 1926 1305 1973
f 1696 1305 1926
f 1696 1926 500
f 500 1943 1696
f 603 218 1705
f 1001 218 603
f 1612 1443 603
f 1443 1237 1001
f 1443 1001 603
f 1443 435 1237
f 1612 954 1443
f 954 435 1443
f 795 350 1404
f 795 697 1705
f 795 218 350
f 218 795 1705
f 350 218 1126
f 1001 1126 218
f 568 201 1126
f 568 1126 1001
f 1237 568 1001
f 1237 1931 568
f 1931 1066 568
f 1931 1284 1066
f 545 1931 1237
f 435 545 1237
f 1863 954 1612
f 1849 1863 1612
f 1284 77 1066
f 1284 1931 545
f 954 545 435
f 141 603 1705
f 930 1929 603
f 930 603 141
f 1300 1929 930
f 1554 1929 1300
f 1307 1929 1554
f 1307 1554 561
f 1929 1612 603
f 47 1929 1307
f 1929 1849 1612
f 1598 1849 1929
f 47 1728 1929
f 615 47 1307
f 1929 1728 1598
f 796 615 1307
f 615 1728 47
f 137 832 561
f 832 1307 561
f 137 980 832
f 1834 980 137
f 1496 980 1834
f 1496 1216 980
f 980 939 832
f 832 796 1307
f 939 1627 832
f 1866 980 1216
f 1627 796 832
f 892 939 980
f 1866 892 980
f 1631 1216 1496
f 662 860 1216
f 662 1216 1631
f 860 662 1917
f 1802 860 1917
f 860 1505 1216
f 1505 877 1216
f 1221 1505 860
f 1802 704 860
f 877 1866 1216
f 704 1221 860
f 1802 979 704
f 1221 877 1505
f 1802 1917 52
f 52 1975 1802
f 1905 1975 675
f 1975 52 675
f 1714 1975 1905
f 1714 1951 1975
f 1975 1332 1802
f 1951 692 1975
f 979 1802 1332
f 1975 970 1332
f 692 970 1975
f 1840 1951 1714
f 1403 1840 1714
f 1230 1840 1403
f 1313 1840 1230
f 1230 1688 1313
f 1984 1688 1230
f 1978 1984 1230
f 1978 1230 1792
f 214 1978 733
f 1978 1792 733
f 1978 763 1984
f 1334 718 715
f 715 718 1234
f 77 1234 1488
f 77 1074 1234
f 1234 1074 886
f 715 1234 886
f 715 1154 1257
f 886 446 1154
f 715 886 1154
f 1074 147 446
f 446 886 1074
f 1154 446 710
f 710 446 1337
f 710 1337 1702
f 474 710 1702
f 1334 715 1257
f 587 1926 1557
f 830 1257 920
f 505 1557 830
f 1154 920 1257
f 920 1742 830
f 1742 505 830
f 1262 1154 710
f 1262 920 1154
f 1742 920 1262
f 1262 710 1187
f 1910 1742 1187
f 1742 1262 1187
f 1910 505 1742
f 505 1910 787
f 1557 505 787
f 1768 1557 787
f 1768 587 1557
f 587 1768 1170
f 474 1187 710
f 1517 787 1910
f 787 1517 1768
f 1517 1170 1768
f 1052 1170 1517
f 1170 1052 650
f 530 500 1925
f 1926 922 533
f 500 1926 533
f 1645 1926 587
f 1645 922 1926
f 500 533 574
f 1925 500 574
f 587 1170 1645
f 355 922 1645
f 922 355 1656
f 533 922 1656
f 574 533 1656
f 191 1925 574
f 530 1925 191
f 530 191 1946
f 355 1645 1170
f 191 574 1656
f 650 355 1170
f 191 1656 811
f 1946 191 811
f 1284 304 77
f 390 304 1284
f 390 1284 545
f 390 545 1694
f 1694 545 954
f 1863 1694 954
f 304 1074 77
f 1214 304 390
f 1214 390 1694
f 1694 1870 1214
f 1863 1295 1694
f 1074 304 147
f 304 1214 913
f 913 147 304
f 1870 913 1214
f 1694 1617 1870
f 1295 1617 1694
f 1337 147 961
f 147 1337 446
f 961 913 1217
f 961 147 913
f 1870 1217 913
f 1870 1617 1217
f 1552 1617 1295
f 105 961 1217
f 1617 105 1217
f 1552 421 1617
f 1337 728 1702
f 728 961 105
f 728 1337 961
f 1603 144 105
f 1603 105 1617
f 421 1603 1617
f 1702 728 665
f 1492 1702 665
f 105 144 728
f 144 665 728
f 144 680 665
f 680 144 1603
f 680 1603 421
f 1587 680 421
f 1552 1587 421
f 1552 1860 1587
f 680 1551 665
f 1722 680 1587
f 1860 1722 1587
f 474 956 1187
f 956 1910 1187
f 956 1517 1910
f 1492 474 1702
f 956 474 1492
f 1073 1555 956
f 1555 1517 956
f 1052 1517 1555
f 665 1551 1492
f 1551 490 956
f 1551 956 1492
f 448 1052 1555
f 1523 650 1052
f 490 1073 956
f 1523 1052 448
f 490 1318 1073
f 1318 1555 1073
f 448 1555 1318
f 1318 1830 448
f 1523 448 1830
f 1722 1551 680
f 1722 490 1551
f 1722 1318 490
f 551 355 650
f 1484 355 551
f 1656 355 1484
f 811 1656 1484
f 1946 811 742
f 1523 1207 650
f 551 650 1207
f 1207 1425 551
f 1425 1484 551
f 1425 703 1484
f 703 811 1484
f 703 1122 811
f 1122 780 811
f 742 811 780
f 1523 215 1207
f 215 1523 1830
f 1295 1863 1849
f 1598 1295 1849
f 1295 1598 1728
f 1900 1728 615
f 1900 615 796
f 1728 1900 1295
f 1900 1366 1295
f 1366 409 1295
f 1295 409 1552
f 1874 1366 1900
f 409 841 1552
f 1874 326 1366
f 841 1860 1552
f 209 1860 841
f 409 604 841
f 604 209 841
f 1366 604 409
f 326 604 1366
f 326 1089 604
f 326 1657 1089
f 1657 326 1874
f 452 1657 1874
f 604 1089 209
f 209 1722 1860
f 209 1318 1722
f 209 1830 1318
f 209 773 1830
f 1089 773 209
f 161 1089 1657
f 939 892 1627
f 892 1740 1627
f 1967 892 1866
f 1900 796 1627
f 1740 1900 1627
f 1967 1740 892
f 1740 425 1900
f 1740 193 1966
f 1967 193 1740
f 425 452 1900
f 452 1874 1900
f 1966 425 1740
f 986 193 1967
f 193 1473 1966
f 161 1657 452
f 425 161 452
f 1302 161 425
f 1302 707 161
f 1302 425 1966
f 1473 1302 1966
f 707 1302 1473
f 554 707 1473
f 193 554 1473
f 725 554 193
f 986 725 193
f 725 1397 554
f 773 1089 161
f 707 773 161
f 1976 773 707
f 1397 707 554
f 1976 707 1397
f 1967 1866 877
f 1221 1967 877
f 704 1954 1221
f 979 1954 704
f 1954 1967 1221
f 979 1725 1954
f 632 1967 1954
f 1725 514 1954
f 1967 632 986
f 1014 632 1954
f 1954 514 1014
f 514 1362 1014
f 468 725 986
f 468 1397 725
f 632 468 986
f 737 468 632
f 737 1397 468
f 1014 737 632
f 1014 159 737
f 159 1014 1362
f 1362 359 159
f 1508 1362 514
f 359 1362 1508
f 1508 1894 359
f 159 339 737
f 359 339 159
f 737 339 1397
f 1976 1397 339
f 359 1894 339
f 1894 1976 339
f 1725 979 1332
f 970 1725 1332
f 692 1725 970
f 1374 1725 692
f 1951 1374 692
f 1840 1374 1951
f 1450 514 1725
f 1374 1839 1725
f 1839 383 1725
f 383 1450 1725
f 1374 1030 1839
f 1508 514 1450
f 1082 1508 1450
f 1894 1508 1082
f 383 1082 1450
f 383 1522 845
f 845 1082 383
f 1839 1522 383
f 1748 1522 1839
f 1030 1748 1839
f 1106 1522 1748
f 1030 95 1748
f 95 1106 1748
f 1894 1082 845
f 1106 845 1522
f 845 1986 1894
f 1106 1986 845
f 1664 1374 1840
f 1313 1664 1840
f 1688 1664 1313
f 1984 206 1688
f 206 1664 1688
f 763 206 1984
f 1664 1030 1374
f 1664 559 1030
f 1997 559 1664
f 1997 1664 206
f 206 510 1997
f 510 1519 1997
f 510 206 1270
f 1997 211 559
f 559 95 1030
f 211 1987 95
f 95 559 211
f 493 1987 211
f 1149 493 211
f 211 1997 1519
f 1149 211 1519
f 510 1149 1519
f 510 98 1149
f 98 510 1270
f 1270 740 98
f 1987 1106 95
f 740 1244 98
f 493 1106 1987
f 98 493 1149
f 98 1244 493
f 1902 493 1244
f 1902 1106 493
f 1425 1207 215
f 1425 987 703
f 987 1122 703
f 1219 780 1122
f 987 1425 215
f 987 1219 1122
f 1830 987 215
f 1320 1219 987
f 773 987 1830
f 773 1320 987
f 1837 773 1976
f 1976 1820 1837
f 1959 1820 1976
f 1986 1959 1976
f 1986 1976 1894
f 1968 1986 1106
f 1902 1968 1106
f 1952 1968 1902
f 1887 1943 500
f 1887 1476 1943
f 1887 1932 1476
f 1731 1932 1887
f 1363 1887 500
f 904 1731 1887
f 500 530 1363
f 864 1932 1731
f 864 1731 1317
f 1317 1731 1562
f 1405 1317 1562
f 864 1317 152
f 152 1317 1269
f 1267 152 1269
f 907 1267 1269
f 896 1317 1405
f 1269 1317 896
f 1056 907 1269
f 1056 1269 896
f 1855 907 1056
f 926 896 1405
f 204 1056 896
f 1405 1562 432
f 432 926 1405
f 204 896 926
f 1628 1056 204
f 926 432 1077
f 926 1077 204
f 1077 1963 204
f 1963 1628 204
f 1002 432 1562
f 1077 432 1002
f 1963 1077 272
f 825 75 976
f 75 1267 907
f 825 1267 75
f 1540 976 75
f 75 907 1855
f 75 1855 1633
f 1633 1540 75
f 1855 308 1633
f 1855 1056 308
f 610 1633 308
f 308 1056 1628
f 610 308 1628
f 1628 1963 1028
f 1908 610 1028
f 610 1628 1028
f 1908 1028 1069
f 1533 1908 1069
f 1796 1533 1069
f 1796 1468 1533
f 1351 976 1540
f 1370 1351 990
f 990 1351 1540
f 1453 1540 1633
f 1540 1453 990
f 1633 610 1453
f 990 1453 1468
f 1533 610 1908
f 1533 1453 610
f 1453 1533 1468
f 1796 990 1468
f 1138 990 1796
f 1370 990 1138
f 654 330 758
f 1513 1948 1782
f 1370 1901 1351
f 1827 1901 1370
f 196 1901 1827
f 196 1827 1948
f 598 1581 1948
f 1581 196 1948
f 1827 1370 654
f 1370 1138 330
f 654 1370 330
f 1827 654 758
f 1782 1827 758
f 1782 1948 1827
f 1513 598 1948
f 1575 598 1513
f 1581 598 1282
f 1616 1581 1282
f 1616 1282 1352
f 1616 1352 1683
f 622 1616 1683
f 1575 1282 598
f 1282 1575 1184
f 212 1352 1184
f 1352 1282 1184
f 2000 1352 212
f 1683 1352 2000
f 595 1683 2000
f 622 1683 705
f 1980 622 705
f 746 1980 705
f 746 1893 1980
f 1699 1893 746
f 1883 1893 1699
f 1049 1883 1699
f 705 1683 595
f 1142 705 595
f 1142 746 705
f 746 1142 1530
f 678 746 1530
f 1699 746 678
f 1259 1699 678
f 1259 1049 1699
f 1648 164 1273
f 1368 164 1648
f 1673 1883 1049
f 1789 1673 1049
f 101 1673 1789
f 1410 101 1789
f 1410 1639 101
f 164 1410 1789
f 1049 1259 1392
f 464 1049 1392
f 1789 1049 464
f 1789 464 1273
f 164 1789 1273
f 1368 1410 164
f 1132 1410 1368
f 1013 1094 1132
f 1032 1013 1507
f 1507 745 1032
f 1281 745 1507
f 319 1281 941
f 1639 1410 529
f 1686 1970 529
f 1686 529 745
f 529 1410 1094
f 529 1032 745
f 1410 1132 1094
f 1094 1013 1032
f 529 1094 1032
f 1686 745 1281
f 1686 1281 319
f 1586 904 1887
f 298 1887 1363
f 1887 597 1586
f 1446 1887 298
f 597 1887 1446
f 1906 597 1446
f 530 1946 282
f 282 1363 530
f 298 1363 282
f 298 282 714
f 298 714 1771
f 1771 1446 298
f 1906 1446 1771
f 1546 597 1906
f 1586 597 1546
f 1485 1586 1546
f 282 1946 714
f 1546 1906 676
f 1562 1731 861
f 1736 1562 861
f 613 1731 904
f 1731 613 1859
f 1183 1731 1859
f 1731 1183 861
f 1586 38 904
f 996 1178 1183
f 1178 861 1183
f 1632 613 38
f 613 904 38
f 613 1632 10
f 1859 613 10
f 1859 10 671
f 671 1183 1859
f 996 1183 671
f 1485 38 1586
f 1632 38 1485
f 1093 996 671
f 1097 996 1093
f 821 1632 1485
f 1562 1736 642
f 642 1002 1562
f 333 1002 642
f 333 1077 1002
f 272 1077 333
f 1920 333 642
f 837 272 333
f 1736 861 1178
f 1920 1736 1178
f 1920 642 1736
f 1449 837 1920
f 837 333 1920
f 608 1920 1178
f 1178 996 1097
f 608 1178 1097
f 714 1946 742
f 767 676 1771
f 676 1906 1771
f 676 1485 1546
f 1438 1485 676
f 911 714 742
f 1140 714 911
f 1771 714 1140
f 767 1771 1140
f 767 880 676
f 880 1438 676
f 880 858 1438
f 821 1924 1632
f 1924 10 1632
f 671 10 1924
f 1093 671 1924
f 960 1097 1093
f 507 1485 1438
f 507 821 1485
f 921 960 1093
f 831 1924 821
f 1227 1093 1924
f 921 1093 1227
f 1227 1808 921
f 1227 1924 831
f 858 507 1438
f 1356 507 858
f 821 507 1356
f 831 821 1356
f 1704 831 1356
f 1227 831 1704
f 1903 1227 1704
f 1808 1227 1903
f 858 1704 1356
f 1018 1808 1903
f 1119 1018 1903
f 1903 1704 134
f 1119 1903 134
f 636 1963 272
f 636 1028 1963
f 1069 1028 636
f 272 837 1852
f 636 272 1852
f 232 636 1852
f 1069 636 232
f 1856 1069 232
f 1796 1069 1856
f 1796 1856 1138
f 16 1852 837
f 1856 1852 16
f 1856 232 1852
f 112 1856 1051
f 112 330 1856
f 330 1138 1856
f 1449 1920 608
f 837 1449 111
f 16 837 111
f 1233 16 111
f 1233 1856 16
f 109 1856 1233
f 1051 1856 109
f 1449 608 770
f 111 1449 770
f 1233 111 770
f 960 1315 1097
f 1315 608 1097
f 770 608 1315
f 770 1315 619
f 619 1233 770
f 109 619 363
f 109 1233 619
f 1315 960 8
f 8 960 921
f 1808 8 921
f 619 1315 8
f 1018 8 1808
f 1018 363 8
f 619 8 363
f 1119 1561 1018
f 363 1018 1561
f 109 363 1561
f 1051 109 1561
f 148 1051 1561
f 1561 1119 148
f 148 112 1051
f 134 1704 858
f 148 1119 134
f 148 134 849
f 849 134 1979
f 1979 1110 849
f 1979 1697 1110
f 1726 1697 1979
f 121 1697 1726
f 562 1513 1782
f 1778 330 112
f 758 330 1778
f 562 758 1778
f 562 1782 758
f 348 1778 112
f 348 112 1359
f 1778 371 248
f 562 1778 248
f 170 562 248
f 148 1359 112
f 1359 148 849
f 348 1359 849
f 1110 862 849
f 862 348 849
f 862 1778 348
f 1110 371 862
f 371 1778 862
f 1697 371 1110
f 248 371 1697
f 121 248 1697
f 121 170 248
f 1726 1137 121
f 1726 1146 1137
f 1146 1726 663
f 982 1146 663
f 702 982 663
f 663 80 702
f 1575 1513 562
f 1184 1575 212
f 1955 562 229
f 1955 212 562
f 212 1575 562
f 1955 2000 212
f 595 2000 1955
f 229 562 1276
f 1276 562 170
f 670 229 1276
f 1689 1955 229
f 1179 1955 1689
f 1955 1179 616
f 1137 170 121
f 1276 170 1137
f 670 1276 1137
f 670 1137 1146
f 982 670 1146
f 1689 670 982
f 229 670 1689
f 702 1689 982
f 702 1179 1689
f 80 1179 702
f 616 1179 80
f 80 663 1990
f 1108 80 1990
f 1990 1177 1108
f 185 1177 1990
f 747 185 1990
f 1654 747 1990
f 1143 747 1654
f 595 1955 1835
f 1835 1142 595
f 1835 1530 1142
f 1530 1835 1104
f 1104 678 1530
f 1104 1259 678
f 276 1259 1104
f 276 1392 1259
f 1835 1955 616
f 1104 1835 334
f 276 1104 1078
f 1059 1835 616
f 1835 1059 816
f 334 1835 816
f 1104 334 1428
f 1078 1104 1428
f 1108 616 80
f 1108 1059 616
f 1177 1059 1108
f 816 1059 1177
f 185 816 1177
f 185 334 816
f 1428 334 185
f 1428 185 747
f 1143 1428 747
f 1143 1078 1428
f 49 1143 1654
f 1805 49 1654
f 1662 49 1805
f 1805 160 1662
f 1805 1783 160
f 1132 1368 1648
f 1392 276 1572
f 1572 1273 464
f 464 1392 1572
f 1648 1273 1572
f 411 1648 1572
f 256 1648 411
f 1076 1648 256
f 1076 1132 1648
f 1572 276 1969
f 1572 1969 1333
f 411 1572 1333
f 49 635 1143
f 635 1078 1143
f 276 1078 635
f 49 1969 635
f 1969 276 635
f 1662 1969 49
f 1333 1969 1662
f 160 411 1333
f 160 1333 1662
f 256 411 160
f 1783 256 160
f 1076 256 1783
f 1781 1783 1805
f 450 1783 1781
f 300 450 1781
f 1781 400 300
f 1515 400 1781
f 769 400 1515
f 941 1281 1507
f 1132 1076 1933
f 1013 1132 1933
f 789 1013 1933
f 789 1507 1013
f 26 1985 789
f 1985 1507 789
f 941 1507 1985
f 1985 26 1198
f 450 1076 1783
f 450 1933 1076
f 1933 450 300
f 300 789 1933
f 400 789 300
f 26 789 400
f 1198 26 400
f 1198 400 769
f 769 854 1198
f 854 1985 1198
f 1219 742 780
f 911 742 1219
f 1219 1394 911
f 1394 1140 911
f 1394 476 1140
f 476 767 1140
f 476 880 767
f 476 858 880
f 1320 1394 1219
f 1320 476 1394
f 1320 858 476
f 134 858 1320
f 1979 134 1320
f 1320 773 1837
f 1837 1979 1320
f 1837 1726 1979
f 663 1726 1837
f 1820 663 1837
f 1990 663 1820
f 1990 1820 1959
f 1959 1654 1990
f 1654 1959 1986
f 1986 1805 1654
f 1968 1805 1986
f 1968 1781 1805
f 1952 1781 1968
f 1952 1515 1781
f 214 735 1978
f 735 214 1717
f 1717 1477 735
f 1756 1477 1717
f 1961 735 1477
f 735 1168 1978
f 1417 1961 1477
f 1961 1048 735
f 1477 1916 1417
f 1168 763 1978
f 1048 1168 735
f 1116 1477 1756
f 1116 484 1477
f 1921 484 1116
f 484 1921 1799
f 1727 484 1799
f 535 1727 1799
f 1727 1475 484
f 1727 1653 1475
f 1727 975 1653
f 385 1653 975
f 484 1916 1477
f 1475 1256 484
f 484 1256 1916
f 1256 1889 1916
f 1062 1256 1475
f 1653 1062 1475
f 41 1727 535
f 41 499 1727
f 499 301 1727
f 301 975 1727
f 126 975 301
f 975 624 385
f 126 968 624
f 126 624 975
f 487 41 535
f 1291 1169 487
f 471 1971 1291
f 1971 471 157
f 1478 1971 157
f 1478 157 1962
f 487 1169 41
f 1971 1169 1291
f 1853 1971 1478
f 1862 1853 1478
f 1169 499 41
f 1169 949 499
f 1169 1971 949
f 949 301 499
f 949 335 301
f 205 335 949
f 205 949 1971
f 1971 1853 89
f 89 205 1971
f 335 126 301
f 1536 335 205
f 1536 968 126
f 1536 126 335
f 205 89 1536
f 173 624 968
f 1536 173 968
f 1536 723 173
f 89 723 1536
f 89 1675 723
f 1853 852 89
f 624 428 385
f 1585 385 428
f 428 624 173
f 173 387 428
f 723 387 173
f 1675 387 723
f 1706 1675 89
f 1706 89 852
f 1478 1962 56
f 867 1478 56
f 56 1601 867
f 867 1862 1478
f 1601 153 867
f 1435 1862 867
f 153 1435 867
f 1844 1853 1862
f 621 1844 1862
f 621 1862 1435
f 92 621 1435
f 621 1611 1844
f 1611 621 92
f 92 496 1611
f 496 801 1611
f 1844 1880 1853
f 1611 1880 1844
f 437 1880 1611
f 437 1611 801
f 709 437 801
f 1012 709 801
f 1880 852 1853
f 437 709 217
f 217 1663 1880
f 217 1880 437
f 709 369 217
f 369 709 1324
f 1531 1601 56
f 268 1757 1531
f 1775 268 1992
f 1601 1939 153
f 1531 1939 1601
f 1757 1939 1531
f 268 1775 1757
f 1775 1426 1757
f 1939 92 153
f 92 1435 153
f 1939 42 496
f 1939 496 92
f 1886 42 1939
f 1886 1939 1757
f 1426 1886 1757
f 1775 1563 1426
f 42 1012 496
f 1012 801 496
f 42 1494 1012
f 1494 503 1012
f 1494 42 1886
f 1886 1512 1494
f 1426 1512 1886
f 1285 1512 1426
f 1563 1285 1426
f 1563 1418 1285
f 1012 503 709
f 503 1324 709
f 472 369 1324
f 472 1324 503
f 1512 1629 1494
f 472 503 1494
f 1629 472 1494
f 875 1629 1512
f 1285 875 1512
f 1285 1734 875
f 1418 1734 1285
f 658 1775 1992
f 1790 1896 1785
f 1896 1790 658
f 658 1563 1775
f 658 1687 1563
f 1790 1687 658
f 1790 1708 1687
f 757 1708 1790
f 1687 1418 1563
f 1687 1081 1418
f 1708 1081 1687
f 1708 1159 1081
f 1159 1708 757
f 757 1596 1159
f 607 1734 1418
f 1081 607 1418
f 407 607 1081
f 1159 407 1081
f 1283 1960 1785
f 1841 1960 1283
f 1841 1283 1607
f 1821 216 1607
f 1960 1790 1785
f 216 1841 1607
f 1079 1960 1841
f 216 1620 1841
f 757 1790 1960
f 1960 1079 757
f 1620 1079 1841
f 216 582 1620
f 711 582 216
f 1079 1414 757
f 1414 1596 757
f 382 1414 1079
f 382 1079 1620
f 582 382 1620
f 582 581 382
f 1408 1596 1414
f 1165 1408 1414
f 1165 1414 382
f 581 1809 382
f 1809 1165 382
f 645 1223 462
f 1223 1821 462
f 645 368 1223
f 1821 1164 216
f 1164 1821 1223
f 368 785 1223
f 785 1164 1223
f 513 785 368
f 1164 711 216
f 1164 23 711
f 23 1164 785
f 785 1072 23
f 513 1072 785
f 711 208 582
f 208 711 23
f 1072 208 23
f 513 1788 1072
f 208 786 582
f 786 208 1072
f 279 786 1072
f 1788 279 1072
f 786 119 582
f 119 581 582
f 119 786 279
f 279 1401 119
f 1788 469 1401
f 1788 1401 279
f 1401 62 581
f 1401 581 119
f 469 62 1401
f 62 1809 581
f 1206 62 469
f 469 1383 1206
f 1510 513 368
f 513 1510 453
f 1747 513 453
f 1493 1747 453
f 1953 1369 1747
f 1747 1788 513
f 1747 469 1788
f 1747 1383 469
f 826 1383 1747
f 1369 826 1747
f 1168 206 763
f 1845 206 1168
f 1048 1845 1168
f 1417 1048 1961
f 672 1048 1417
f 1916 672 1417
f 1845 1048 672
f 1845 1270 206
f 672 859 1845
f 1271 859 672
f 1845 859 1270
f 599 1271 672
f 859 234 1270
f 234 740 1270
f 234 842 740
f 859 203 234
f 203 842 234
f 203 833 842
f 203 859 1271
f 1105 203 1271
f 1105 833 203
f 1105 512 833
f 1105 1271 599
f 1247 1105 599
f 512 1105 1247
f 1244 740 842
f 833 1244 842
f 833 1902 1244
f 512 1902 833
f 512 814 1902
f 1889 672 1916
f 1256 1062 1889
f 1062 1653 385
f 385 1585 1062
f 1585 993 1062
f 1889 599 672
f 614 599 1889
f 1062 1544 1889
f 1544 614 1889
f 890 1544 1062
f 993 890 1062
f 993 39 890
f 39 797 890
f 1247 599 614
f 482 262 614
f 482 614 1544
f 890 1670 1544
f 1944 512 1247
f 262 1247 614
f 1944 1247 262
f 1940 1944 262
f 1940 262 482
f 1544 1670 482
f 1670 1940 482
f 836 1940 1670
f 890 1054 1670
f 1054 836 1670
f 797 1054 890
f 1608 836 1054
f 1940 473 1944
f 836 473 1940
f 473 512 1944
f 1251 1914 57
f 1251 57 473
f 410 1251 473
f 473 836 1608
f 410 473 1608
f 1005 410 1608
f 473 814 512
f 387 1585 428
f 422 387 1675
f 1675 1706 422
f 387 1211 1585
f 1211 993 1585
f 422 1211 387
f 108 1211 422
f 1706 108 422
f 1706 132 108
f 1706 946 132
f 946 1706 852
f 1293 946 852
f 1467 993 1211
f 1467 1211 108
f 132 1467 108
f 39 993 1467
f 1467 516 39
f 132 516 1467
f 946 516 132
f 946 958 516
f 946 1293 958
f 39 178 797
f 39 866 178
f 866 39 516
f 958 866 516
f 958 1442 866
f 1293 1442 958
f 178 1026 797
f 866 1026 178
f 1442 1026 866
f 504 1026 1442
f 1293 606 1442
f 606 504 1442
f 797 1348 1054
f 1348 1608 1054
f 1026 1348 797
f 1151 1348 1026
f 504 1151 1026
f 1151 1345 1348
f 606 1151 504
f 606 1203 1151
f 1345 1608 1348
f 1151 1203 1345
f 1663 852 1880
f 217 971 1663
f 971 217 369
f 1310 1293 852
f 1663 1310 852
f 971 1437 1663
f 971 466 1437
f 840 1310 1663
f 1437 840 1663
f 1261 1437 466
f 466 1148 1261
f 1148 430 1261
f 1231 840 1437
f 1261 1231 1437
f 430 1109 1261
f 1310 606 1293
f 563 1310 840
f 1109 1376 1231
f 1231 1261 1109
f 1864 606 1310
f 563 1024 1864
f 563 1864 1310
f 840 1667 563
f 1667 840 1231
f 1231 480 957
f 1231 957 1667
f 1376 480 1231
f 1864 1203 606
f 563 674 1024
f 1667 674 563
f 674 1667 1353
f 1667 1846 1353
f 1667 957 1846
f 480 329 957
f 1005 1608 1345
f 1287 410 1005
f 1203 973 1345
f 973 1005 1345
f 973 933 1005
f 933 1287 1005
f 901 1251 410
f 1864 973 1203
f 973 1864 1024
f 674 933 1024
f 933 973 1024
f 933 1353 1287
f 1353 933 674
f 1846 410 1287
f 1353 1846 1287
f 1846 901 410
f 957 901 1846
f 329 1251 901
f 329 901 957
f 365 1109 430
f 365 1376 1109
f 748 1376 365
f 748 365 1055
f 1045 748 1055
f 1045 1813 748
f 403 808 1197
f 403 73 1813
f 1197 73 403
f 480 1690 329
f 1376 1690 480
f 748 1690 1376
f 1690 748 557
f 748 73 557
f 73 748 1813
f 1914 1251 329
f 329 1690 684
f 684 1914 329
f 557 1382 1690
f 781 557 73
f 269 781 73
f 1365 269 73
f 472 971 369
f 466 971 472
f 361 466 472
f 1629 361 472
f 1148 466 361
f 618 1148 361
f 1629 618 361
f 1693 618 1629
f 1693 1629 875
f 1941 1693 875
f 1734 1941 875
f 618 1867 1148
f 1867 430 1148
f 365 430 1867
f 677 1867 618
f 677 1306 1867
f 677 618 1693
f 1693 1995 677
f 1941 1995 1693
f 882 1995 1941
f 1867 1306 365
f 1306 1055 365
f 1306 1045 1055
f 1306 342 1045
f 1685 342 1306
f 1685 1306 677
f 1685 677 1995
f 1995 1836 1685
f 882 1836 1995
f 342 1813 1045
f 342 403 1813
f 342 808 403
f 1685 1163 342
f 1163 808 342
f 1163 1685 1836
f 1836 1025 1163
f 1304 1025 1836
f 824 407 1159
f 1596 824 1159
f 1909 1941 1734
f 1909 1734 607
f 407 1909 607
f 1751 1909 407
f 824 988 407
f 1909 882 1941
f 1909 1751 882
f 988 1751 407
f 1354 988 824
f 882 952 1836
f 1751 952 882
f 988 952 1751
f 1679 952 988
f 885 1679 988
f 885 988 1354
f 952 1304 1836
f 1441 1304 952
f 1679 1441 952
f 934 1441 1679
f 885 934 1679
f 1007 824 1596
f 1007 1596 1408
f 1165 822 1408
f 1063 822 1165
f 1809 1063 1165
f 1809 923 1063
f 923 1543 1063
f 1007 1354 824
f 1408 1489 1007
f 822 1489 1408
f 1489 1354 1007
f 1923 1489 822
f 328 1923 822
f 328 822 1063
f 328 1063 1543
f 1489 885 1354
f 1489 802 885
f 802 1489 1923
f 1923 1570 802
f 15 1570 1923
f 15 1923 328
f 15 328 546
f 40 934 885
f 802 40 885
f 802 925 40
f 925 802 1570
f 295 925 1570
f 295 320 925
f 602 1570 15
f 295 1570 602
f 62 923 1809
f 923 62 1206
f 1206 790 923
f 1383 790 1206
f 790 1543 923
f 1383 826 790
f 826 307 790
f 826 321 307
f 1369 321 826
f 790 307 1543
f 307 59 1543
f 321 59 307
f 1369 596 321
f 244 596 1369
f 1953 244 1369
f 1239 536 1953
f 631 328 1543
f 631 1543 59
f 546 328 631
f 36 546 631
f 596 631 59
f 596 59 321
f 36 631 596
f 244 741 596
f 741 36 596
f 244 1017 741
f 136 1017 244
f 136 244 1953
f 536 176 136
f 536 136 1953
f 327 15 546
f 327 1518 15
f 1518 602 15
f 36 327 546
f 741 327 36
f 1017 327 741
f 1518 327 1017
f 165 1120 602
f 165 602 1518
f 165 1518 1017
f 165 1017 136
f 176 165 136
f 1120 165 176
f 536 791 176
f 602 1120 295
f 1120 68 295
f 68 320 295
f 791 68 176
f 68 1120 176
f 1593 1952 1902
f 814 1593 1902
f 814 473 57
f 57 664 814
f 57 915 664
f 1950 915 57
f 684 57 1914
f 684 1382 57
f 1382 1950 57
f 1950 781 915
f 781 269 915
f 269 691 915
f 684 1690 1382
f 557 1950 1382
f 557 781 1950
f 1365 691 269
f 941 1448 319
f 351 1553 1100
f 1312 1553 351
f 1869 1911 1312
f 1686 1786 1970
f 1571 1786 1686
f 846 1786 1571
f 846 1571 1911
f 1592 846 1911
f 1911 1571 1553
f 1571 1686 1448
f 1448 1686 319
f 1571 1448 1100
f 1553 1571 1100
f 1312 1911 1553
f 125 1681 1869
f 125 820 1681
f 289 820 125
f 1638 820 289
f 1031 1569 1638
f 1031 1638 289
f 1672 1569 1031
f 1743 1229 1672
f 1592 1911 1681
f 1638 1592 1681
f 1638 1022 1592
f 1022 1638 1671
f 1671 1564 1022
f 1564 1671 1347
f 186 1671 1638
f 1569 186 1638
f 1638 1681 820
f 1681 1911 1869
f 186 1569 1672
f 1229 186 1672
f 1490 236 863
f 798 236 1666
f 1666 1156 798
f 236 798 863
f 798 1042 863
f 1156 494 798
f 1186 1042 798
f 494 1186 798
f 1156 14 494
f 494 14 1186
f 14 449 1186
f 1156 749 14
f 848 449 749
f 14 749 449
f 1565 441 749
f 1156 1565 749
f 1565 1156 1246
f 848 749 441
f 1565 1252 441
f 441 1252 192
f 192 145 29
f 192 1252 145
f 865 1421 580
f 828 1421 865
f 580 1421 1666
f 1666 1769 1156
f 1421 1769 1666
f 1769 1421 414
f 751 414 1421
f 79 751 1421
f 79 1421 828
f 751 79 532
f 79 659 532
f 751 1482 414
f 117 1482 751
f 532 117 751
f 1482 1769 414
f 117 532 572
f 1769 1246 1156
f 443 589 1482
f 443 1482 117
f 572 443 117
f 443 572 1432
f 1263 1769 1482
f 589 1263 1482
f 1246 1769 1263
f 1429 1229 1743
f 1429 655 1229
f 1432 655 1429
f 443 182 589
f 182 443 1432
f 1255 1564 1347
f 1255 1347 865
f 1347 828 865
f 1347 1671 565
f 1347 565 828
f 79 828 565
f 565 659 79
f 565 1671 659
f 1043 1671 186
f 659 1043 532
f 659 1671 1043
f 1229 1043 186
f 1043 1229 655
f 1043 572 532
f 1043 655 572
f 655 1432 572
f 863 1776 1490
f 51 1776 863
f 106 1776 51
f 1739 106 963
f 51 863 1042
f 963 106 51
f 1042 1186 1423
f 1423 51 1042
f 542 963 51
f 1423 1186 449
f 542 51 1423
f 1723 963 542
f 19 449 848
f 19 1423 449
f 1604 1423 19
f 1423 1604 542
f 848 441 19
f 542 1604 1497
f 1497 1723 542
f 1610 1723 1497
f 567 192 29
f 567 441 192
f 19 441 567
f 1604 19 567
f 1604 567 1064
f 1497 1604 1064
f 1614 567 29
f 1064 567 1614
f 1890 1064 1319
f 1497 1064 1890
f 309 1497 1890
f 309 1610 1497
f 1739 963 1691
f 788 1752 1016
f 1243 1691 963
f 1691 1243 1729
f 1729 1752 1691
f 1752 1729 1016
f 1243 963 1723
f 1243 1723 1610
f 1131 1243 1610
f 1729 1243 1131
f 1729 1127 1407
f 1016 1729 1407
f 1127 1729 1131
f 1486 1131 309
f 1610 309 1131
f 1127 1131 1196
f 1127 1114 175
f 1407 1127 175
f 1655 851 788
f 1502 851 1655
f 739 370 1502
f 732 739 1502
f 1278 788 1016
f 1278 1655 788
f 1640 732 1655
f 732 1502 1655
f 1795 231 732
f 231 739 732
f 1640 1655 1278
f 1795 732 1439
f 1016 1407 1278
f 1430 1640 1278
f 1439 732 1640
f 1430 1278 1407
f 1117 1640 1430
f 1640 1117 1591
f 1439 1640 1591
f 237 1439 1591
f 1265 237 1591
f 1311 1407 175
f 1430 1407 1311
f 1117 1430 1311
f 1117 1311 357
f 263 1591 1117
f 1265 1591 263
f 917 1983 1953
f 1953 1747 1493
f 917 1953 1493
f 917 1445 1983
f 72 1445 917
f 1865 72 917
f 1983 1239 1953
f 1238 1239 1983
f 722 1983 1445
f 1238 1707 1239
f 367 1983 722
f 722 1470 367
f 107 238 739
f 238 370 739
f 238 1053 33
f 107 1053 238
f 1865 33 1053
f 231 107 739
f 1613 611 1053
f 1613 1053 107
f 107 231 1613
f 611 72 1865
f 611 1865 1053
f 110 455 611
f 110 611 1613
f 110 231 1795
f 231 110 1613
f 455 72 611
f 251 1606 455
f 251 455 110
f 110 1795 251
f 1606 72 455
f 1181 1795 1439
f 1181 22 1606
f 1181 1606 251
f 251 1795 1181
f 72 905 1445
f 905 72 1606
f 237 1181 1439
f 22 889 1606
f 889 905 1606
f 22 113 889
f 22 237 113
f 1181 237 22
f 905 48 1445
f 48 905 889
f 889 1292 1340
f 889 1340 48
f 113 1265 1292
f 113 1292 889
f 237 1265 113
f 48 722 1445
f 722 48 1340
f 1265 66 1292
f 1292 534 1340
f 534 1292 66
f 722 1340 1470
f 1340 534 1470
f 1515 345 769
f 1515 280 345
f 1972 280 1515
f 395 280 1972
f 1913 395 1972
f 1913 150 395
f 1100 1448 941
f 1280 941 1985
f 1724 941 1280
f 1100 941 1724
f 1724 351 1100
f 129 351 1724
f 1312 351 129
f 1945 1869 129
f 1869 1312 129
f 1945 125 1869
f 1280 1985 854
f 517 1945 129
f 753 1724 1280
f 129 1724 168
f 345 854 769
f 1280 854 345
f 1280 345 753
f 280 753 345
f 168 753 280
f 168 1724 753
f 395 168 280
f 395 129 168
f 150 517 395
f 517 129 395
f 531 150 1913
f 1737 451 531
f 1737 531 1913
f 1597 1737 591
f 451 1737 719
f 1597 564 1737
f 564 719 1737
f 1743 1672 1031
f 81 289 125
f 81 1031 289
f 1843 1743 324
f 1743 1031 324
f 1798 1743 1843
f 81 125 1945
f 1031 81 324
f 324 81 1349
f 605 1843 324
f 81 1945 442
f 81 442 1245
f 1349 81 1245
f 324 1349 593
f 324 593 856
f 150 1945 517
f 531 442 150
f 442 1945 150
f 451 1245 531
f 1245 442 531
f 451 1349 1245
f 593 1349 451
f 719 593 451
f 719 902 593
f 902 856 593
f 1999 346 1922
f 1099 346 1999
f 1999 525 1099
f 285 1099 525
f 346 1099 94
f 808 398 1197
f 389 1465 539
f 389 1922 1465
f 1922 346 1465
f 1197 398 392
f 1406 392 398
f 1406 1525 392
f 539 1525 1406
f 1465 1525 539
f 1465 346 94
f 1197 392 73
f 392 1365 73
f 392 1525 179
f 992 590 1525
f 1525 1465 992
f 1465 94 992
f 94 1364 992
f 992 1364 937
f 392 179 1365
f 995 179 1525
f 590 995 1525
f 1761 145 1252
f 1252 1246 1761
f 1565 1246 1252
f 408 29 145
f 145 1761 408
f 1246 1847 1761
f 1761 167 408
f 64 167 736
f 64 408 167
f 1847 1047 1761
f 167 1047 736
f 1047 433 736
f 1761 1047 167
f 1118 433 285
f 736 433 1118
f 1454 1047 1847
f 399 1099 285
f 399 285 433
f 433 20 399
f 1047 20 433
f 1047 1454 20
f 1749 1086 1847
f 1847 99 1749
f 1086 1454 1847
f 1099 399 94
f 399 20 292
f 1749 99 76
f 399 292 94
f 1454 292 20
f 1454 1487 292
f 1454 1086 1487
f 1290 290 1892
f 290 646 1892
f 76 103 646
f 76 646 290
f 290 1749 76
f 620 1364 94
f 292 620 94
f 292 1550 620
f 1487 1550 292
f 1487 792 331
f 1487 331 1550
f 792 1487 1086
f 1290 792 1086
f 1290 1749 290
f 1290 1086 1749
f 646 719 564
f 646 103 719
f 1597 591 434
f 434 331 1597
f 331 564 1597
f 331 1892 564
f 646 564 1892
f 1364 620 937
f 620 591 937
f 434 591 620
f 620 1550 434
f 1550 331 434
f 792 1892 331
f 1892 792 1290
f 765 182 1429
f 182 1432 1429
f 182 21 589
f 21 182 765
f 1263 589 21
f 1263 21 86
f 1798 1429 1743
f 1798 765 1429
f 303 765 1798
f 21 303 86
f 303 21 765
f 1263 1524 1246
f 294 1524 1263
f 1263 86 294
f 1798 1843 67
f 1660 303 1798
f 1660 1798 67
f 86 190 294
f 1660 67 190
f 303 1660 86
f 1660 190 86
f 1847 1246 1524
f 67 1843 771
f 294 299 1524
f 299 771 626
f 190 299 294
f 299 190 771
f 190 67 771
f 55 1847 1524
f 605 1415 1578
f 1578 771 605
f 771 1578 626
f 771 1843 605
f 1524 483 55
f 483 1578 640
f 626 1578 483
f 299 483 1524
f 299 626 483
f 55 99 1847
f 869 1415 856
f 605 324 856
f 1415 605 856
f 1415 869 258
f 258 1578 1415
f 1578 258 640
f 55 169 1718
f 1718 99 55
f 640 258 169
f 483 640 55
f 640 169 55
f 902 869 856
f 103 902 719
f 429 902 103
f 429 869 902
f 258 869 429
f 258 429 169
f 11 103 76
f 11 76 99
f 429 103 11
f 1718 429 11
f 11 99 1718
f 1718 169 429
f 426 285 525
f 712 426 938
f 426 525 938
f 712 257 426
f 1308 844 712
f 1226 844 1308
f 839 1226 1308
f 839 1308 1658
f 1899 1922 389
f 1899 938 1922
f 938 1999 1922
f 938 525 1999
f 1899 712 938
f 1899 155 267
f 712 1899 267
f 1308 712 267
f 267 1658 1308
f 1993 398 808
f 1993 1406 398
f 962 1406 1993
f 962 389 539
f 539 1406 962
f 962 1899 389
f 1993 808 1163
f 1163 155 1993
f 962 1993 155
f 1899 962 155
f 1025 155 1163
f 267 155 1025
f 1304 1763 1025
f 1763 267 1025
f 1061 1614 64
f 1614 29 408
f 1614 408 64
f 1319 1614 1061
f 1064 1614 1319
f 1061 736 1118
f 459 1061 1118
f 64 736 1061
f 459 1319 1061
f 1319 459 257
f 844 1319 257
f 844 1890 1319
f 1226 1890 844
f 309 1890 1226
f 839 309 1226
f 426 1118 285
f 426 459 1118
f 257 459 426
f 844 257 712
f 1907 839 1658
f 779 1196 1907
f 1658 267 1763
f 772 1658 1763
f 772 1907 1658
f 772 779 1907
f 779 772 1674
f 481 779 1674
f 1763 1304 1441
f 772 1763 1441
f 772 1441 934
f 1674 772 934
f 225 1674 934
f 1196 1131 1486
f 1114 1127 1196
f 839 1486 309
f 1486 839 1907
f 1196 1486 1907
f 1114 1196 779
f 1114 779 481
f 175 1114 481
f 1871 154 481
f 644 1871 1128
f 700 793 1128
f 793 644 1128
f 481 1674 1579
f 1579 1871 481
f 1579 1128 1871
f 24 1128 1579
f 700 1128 24
f 700 24 1075
f 40 225 934
f 1579 1674 225
f 1746 225 40
f 925 1746 40
f 1746 1579 225
f 24 1579 1746
f 1746 925 320
f 1141 1746 320
f 1141 24 1746
f 475 24 1141
f 475 1075 24
f 1311 175 154
f 357 1311 154
f 644 263 357
f 263 1117 357
f 1265 263 210
f 66 1265 210
f 154 175 481
f 644 357 1871
f 357 154 1871
f 793 210 644
f 210 263 644
f 1983 1065 1238
f 367 1065 1983
f 1065 367 761
f 367 1470 761
f 1222 454 1065
f 1222 460 556
f 1222 1065 761
f 761 460 1222
f 1707 566 1239
f 566 1129 1239
f 488 682 1707
f 1238 488 1707
f 1065 454 1238
f 454 488 1238
f 423 556 700
f 793 700 556
f 556 460 793
f 488 222 682
f 454 699 488
f 699 222 488
f 699 556 423
f 699 454 1222
f 699 1222 556
f 536 354 791
f 536 1239 354
f 1239 1129 354
f 566 1707 682
f 423 700 1075
f 354 540 791
f 354 519 540
f 928 475 519
f 928 519 354
f 928 354 1129
f 427 475 928
f 682 427 566
f 928 1129 566
f 427 928 566
f 1075 475 427
f 912 1075 427
f 222 912 682
f 912 427 682
f 423 1075 912
f 912 222 423
f 222 699 423
f 68 829 320
f 1141 320 829
f 829 519 1141
f 519 475 1141
f 829 68 791
f 540 829 791
f 540 519 829
f 648 66 210
f 648 761 1470
f 534 648 1470
f 648 534 66
f 460 210 793
f 460 648 210
f 648 460 761
f 1593 1515 1952
f 1972 1515 1593
f 814 1913 1593
f 1913 1972 1593
f 1913 814 664
f 1737 1913 664
f 888 591 664
f 591 1737 664
f 915 691 664
f 691 1964 664
f 888 664 1964
f 591 888 436
f 937 591 436
f 995 888 1964
f 995 590 888
f 590 436 888
f 1365 1964 691
f 179 1964 1365
f 995 1964 179
f 992 436 590
f 992 937 436

