# https://github.com/mikedh/trimesh
v 0.38178471 0.24512164 0.01384532
v -0.15697820 0.47136992 0.00756710
v 0.81866848 -0.06712466 -0.04350425
v 0.86868173 -0.47315577 0.01133155
v 0.86570650 0.26987082 0.04085338
v -0.19187351 0.28439257 0.08377904
v 0.37579733 0.17699078 0.04289296
v 0.64488065 -0.36854386 0.02652059
v 0.57608587 0.03452930 0.04129498
v 0.45095077 0.21936554 -0.01805296
v 0.78997833 -0.13838400 -0.05026467
v -0.88457859 0.34221548 0.05989953
v 0.60038209 -0.00465283 -0.05139298
v 0.86853111 -0.32851058 0.01352471
v 0.86800182 -0.45686498 -0.02774527
v 0.74919075 -0.45831573 0.02662380
v 0.41141674 0.14968909 -0.03119959
v 0.81301641 -0.10535403 -0.04774579
v 0.69111329 -0.47200531 0.01882617
v 0.26204959 0.45811212 -0.01262025
v 0.35895440 0.25399411 0.04736325
v 0.71596730 0.45325527 -0.05042110
v -0.21057382 0.47281033 -0.01284542
v -0.19754800 0.12248427 -0.01289949
v -0.62883776 0.32856923 0.08205644
v -0.19822270 0.13334011 0.02215043
v -0.87118292 0.41898742 0.05022216
v 0.21749036 0.24256821 0.05239827
v 0.44535732 0.20617910 -0.02938771
v 0.45540008 0.23484455 -0.03192089
v 0.07889180 0.46560106 0.01250519
v -0.87215173 0.37976196 -0.07766818
v 0.87424505 0.32864127 0.02189028
v 0.32285905 0.17791502 0.02335137
v 0.41581818 0.18974906 0.01765237
v 0.55487937 0.10115740 0.02938969
v 0.71777803 -0.47605121 0.01209454
v 0.54059488 0.13593267 -0.03231372
v 0.56333256 0.11057347 0.04248215
v -0.87900019 0.32313889 0.05963854
v -0.46398973 0.45862129 0.01129268
v 0.15848242 0.45066816 -0.04178601
v 0.35703018 0.19785327 0.04199541
v 0.85707253 -0.47817692 0.00282247
v 0.62972337 -0.36104444 -0.01442850
v -0.28301889 0.27794439 -0.06789509
v 0.88276613 0.30043834 -0.01853948
v 0.68182617 -0.44847801 -0.03095128
v 0.22402079 0.25743005 0.04746872
v 0.40326828 0.19420488 -0.02239711
v -0.20602538 0.20806730 -0.03921528
v 0.34884906 0.20807154 -0.04692370
v 0.73108953 -0.47785670 -0.00888412
v 0.81995881 -0.47605553 0.01205367
v -0.26388130 0.46694636 -0.02253655
v 0.39991415 0.19522333 0.02284745
v -0.17872733 0.12649800 -0.04214935
v -0.39863786 0.45026463 0.02909749
v -0.88590622 0.38482708 -0.06008138
v 0.42724663 0.19009647 0.02424672
v -0.81330895 0.44245639 0.01481760
v 0.87029523 -0.37012121 0.02383794
v 0.43373942 0.18182634 -0.04165571
v -0.31813234 0.46239150 0.01781025
v 0.70889080 -0.46687070 -0.02571257
v 0.83621091 -0.47788787 0.00303809
v 0.88682902 -0.45694512 -0.01095006
v 0.61848736 -0.30037430 -0.01036805
v 0.59374589 -0.04033208 0.04180991
v 0.57484436 -0.02213343 0.02124812
v -0.39932135 0.27720162 0.03714578
v 0.87233114 -0.42270640 -0.02779781
v -0.05514962 0.17661737 -0.07831494
v 0.30921441 0.28921625 0.08290790
v 0.50029790 0.14811167 0.03006416
v -0.40579143 0.28449318 -0.07467075
v 0.81997091 -0.47824433 -0.00422638
v 0.00256598 0.46850601 0.00683602
v 0.76664472 -0.47381902 -0.01638952
v 0.81406152 -0.22547202 0.04037269
v 0.75369048 0.44953793 -0.05746029
v 0.27969086 0.23601875 -0.02024562
v 0.39394680 0.14884835 -0.02327182
v 0.72238755 -0.45894444 -0.02997815
v 0.84326714 -0.15506527 0.00836516
v 0.83071744 0.43511015 -0.05756065
v 0.63260490 -0.37708715 -0.01667242
v 0.41123766 0.15833889 0.03963758
v 0.85610867 -0.31546214 0.02761519
v 0.05710780 0.13336086 0.03753537
v 0.61252767 -0.26331207 -0.00618135
v 0.22861694 0.23638427 -0.03923546
v 0.23957421 0.26791295 0.03074514
v 0.88253671 -0.41372576 -0.00437757
v 0.22878742 0.15216395 -0.04306793
v 0.43485647 0.19869797 -0.01375209
v -0.13995974 0.18838865 -0.08101287
v 0.82941002 -0.16635719 0.03945093
v 0.87066352 -0.35052162 -0.02196946
v -0.35274541 0.28158811 0.07199868
v 0.61159843 0.44382283 0.04687313
v 0.87928623 0.27462828 -0.01408127
v 0.73485768 0.44448158 -0.06050354
v -0.86985737 0.43584213 0.01624130
v 0.85437560 -0.45817253 0.02663361
v 0.31173506 0.26109916 0.05396402
v 0.82661521 -0.47006574 -0.02363505
v 0.80217785 -0.47761649 -0.00000000
v 0.78471655 0.19931090 0.04191265
v 0.30620039 0.23717830 0.04363113
v 0.80034840 0.05727664 -0.04053148
v 0.59580672 -0.06404641 0.04013111
v -0.38827765 0.29292127 -0.08053207
v 0.69057310 0.45569044 -0.04293719
v -0.87203091 0.43627137 -0.01055115
v 0.44971868 0.21770692 0.01159722
v 0.79534537 -0.45631880 0.02725770
v -0.15738870 0.46431932 -0.02912274
v 0.38344246 0.20324787 -0.03492877
v -0.24586640 0.27838865 -0.07090094
v 0.80402523 0.02173643 -0.04210611
v 0.83158594 -0.11216753 0.03756123
v 0.85054547 -0.47155371 -0.02229775
v 0.32274264 0.21634129 0.04295278
v 0.34862116 0.19004877 -0.04985325
v -0.37051824 0.28468686 -0.07652389
v 0.36803091 0.22206607 -0.01337550
v 0.80741233 0.41812998 0.06708837
v 0.63976598 -0.38474920 0.02238791
v -0.15438698 0.27026215 0.07412498
v 0.38475406 0.16491465 -0.04610976
v 0.41271466 0.18916056 0.02653799
v 0.47068715 0.25107965 0.03882555
v 0.37422445 0.15505996 0.03445741
v 0.58729708 -0.09064741 0.02361872
v -0.17291433 0.26522201 -0.06430428
v -0.18249027 0.47444361 -0.01154988
v 0.78347772 0.17690422 0.03422477
v 0.82571787 -0.21928596 -0.04472758
v 0.36351466 0.24315114 -0.04164833
v 0.44836974 0.23148227 0.00441411
v 0.20238943 0.23318957 -0.07532138
v 0.85503799 -0.29814011 0.02794310
v -0.77537900 0.29359737 -0.05637874
v 0.61418819 -0.26259145 0.01667722
v -0.82498246 0.29126403 0.04431769
v 0.32639411 0.25612214 -0.05359682
v 0.37652656 0.24108420 -0.00000085
v 0.88671786 -0.45774013 0.00418167
v 0.60877573 0.02767952 0.04698838
v -0.22028860 0.26607168 0.02283515
v -0.89084327 0.30852407 0.00023397
v 0.45366850 0.15771936 -0.04364765
v 0.84206867 -0.20888004 -0.03728340
v 0.69302756 0.46121767 -0.00570241
v -0.42349184 0.29351240 -0.07895020
v 0.41276857 0.18812601 -0.02974620
v -0.53391999 0.28540567 -0.06472678
v 0.81388426 0.28480026 0.06366514
v -0.67648536 0.30253682 0.06930576
v 0.60016751 0.06680521 -0.05250295
v 0.83786792 -0.45749825 -0.03093553
v 0.87945324 0.28836039 0.03514807
v 0.78294486 0.22173056 0.05176472
v 0.77996701 -0.46662208 -0.02604152
v -0.07567333 0.28893584 0.09077908
v -0.50921232 0.45411140 -0.02818123
v 0.31638542 0.23478530 -0.05004734
v 0.45421255 0.22185026 0.02008994
v 0.64794266 -0.43115231 0.01840802
v 0.46449801 0.15284204 0.03693147
v -0.19766885 0.18291810 -0.06922282
v 0.04236258 0.46768555 -0.01824068
v -0.37932566 0.45120487 -0.03789718
v 0.43297157 0.25837737 -0.02559017
v 0.82820815 -0.06309903 0.01485799
v 0.27014291 0.24949411 0.02260598
v 0.20294683 0.45108417 -0.04081592
v 0.81959009 -0.07628431 0.04052468
v -0.39525315 0.32284799 0.08606890
v -0.20670910 0.23521318 0.02819675
v 0.62796593 -0.26179510 0.03069177
v 0.64640129 -0.45709240 -0.00889402
v 0.23412758 0.25687018 0.00888084
v 0.24627633 0.26870993 -0.00881716
v 0.64295334 -0.30691209 0.03135396
v 0.87364173 -0.36015737 0.01232988
v 0.61322820 -0.23310478 -0.02537983
v 0.21753961 0.28885731 0.09071138
v 0.23386981 0.25753665 -0.02003067
v 0.24304274 0.26658413 0.00880749
v -0.87246412 0.30987248 -0.06215374
v 0.84656477 -0.47603139 0.01207998
v -0.65592706 0.45232108 -0.00434932
v 0.24148552 0.15061991 -0.00462369
v 0.82489383 -0.04169021 -0.00182527
v -0.84223771 0.43876359 -0.02636231
v 0.56194758 0.05754049 -0.03607935
v -0.49493861 0.28382638 -0.06617022
v 0.59735364 -0.15543032 -0.02590025
v -0.23064005 0.29258633 0.08621425
v 0.35577041 0.22700843 -0.03997234
v 0.84561628 -0.46765259 0.02296972
v 0.83073372 -0.12866575 -0.04149896
v 0.77601445 0.07581677 -0.05052078
v 0.18465382 0.12521046 0.00150336
v 0.87992597 -0.39998782 0.00899197
v 0.64187384 -0.43116972 0.00382480
v 0.34668958 0.24328190 -0.04646045
v 0.72226644 -0.46979693 -0.02390075
v 0.25208396 0.28918180 -0.08896973
v 0.56826013 0.00764034 0.00088541
v 0.75414926 0.13157663 0.04689663
v 0.55247754 0.12108613 0.03044210
v 0.53459448 0.15146343 0.04034144
v 0.30675161 0.20693250 0.03836838
v 0.86975300 -0.47386050 -0.00401073
v 0.77833009 0.14634092 0.04020823
v 0.80218345 -0.47603500 0.01210829
v -0.24681869 0.31065747 0.08779076
v 0.34015393 0.20400321 0.04389492
v 0.41047543 0.17225146 0.04163643
v -0.79205185 0.42389718 -0.05744501
v 0.81503135 0.41408405 -0.07158522
v 0.61511493 -0.25618458 -0.02320086
v 0.66123408 -0.47478911 0.00003409
v 0.38347015 0.18905114 0.04276435
v 0.62613779 -0.33795899 -0.01278229
v 0.58739322 0.01962066 -0.04855281
v 0.84149170 -0.28904355 0.03620380
v 0.36698005 0.23355302 -0.00576439
v 0.41129431 0.15117435 0.03038222
v 0.62155432 -0.20933479 -0.03977492
v 0.66366881 0.45122102 -0.04670428
v 0.34280157 0.16123229 0.00035293
v 0.43345198 0.16442266 -0.04453220
v -0.70858574 0.28130358 0.03712673
v 0.81078070 0.20994478 -0.02429410
v -0.58083779 0.45327422 -0.02187211
v 0.39795899 0.19001468 0.03780594
v 0.54422611 0.13028783 0.02085379
v -0.88646847 0.36777011 -0.06421648
v -0.22038111 0.27394485 -0.05807205
v -0.75280970 0.36789340 -0.08431258
v 0.81116140 -0.01375298 -0.04288038
v -0.19745409 0.45831329 0.02353194
v 0.44741464 0.25123620 -0.03401701
v 0.88204265 -0.42680246 0.01250420
v 0.79570735 0.32669976 -0.08273899
v 0.55958629 0.11022521 -0.04334208
v 0.34484419 0.43457794 -0.05647413
v 0.40595448 0.19357437 0.00450873
v 0.84322578 -0.24561383 -0.03893395
v 0.14693959 0.44728458 0.03696549
v 0.32575318 0.18375078 0.03773218
v -0.36305723 0.45017466 0.02965009
v 0.39396474 0.25064483 0.00480396
v -0.19199830 0.15171461 -0.05958069
v 0.22680314 0.24685889 0.02199970
v 0.57342911 0.09253152 -0.05065504
v 0.44234589 0.15204214 -0.03821193
v 0.44732973 0.24839106 0.02222583
v 0.26885030 0.29726541 -0.08997507
v -0.23846406 0.27592328 -0.02687373
v 0.73109037 -0.47762880 0.00000000
v -0.10519246 0.45481855 -0.03704358
v 0.57518160 0.05728602 0.04359436
v 0.35799822 0.18623373 0.04477371
v -0.67705888 0.30311012 -0.07367170
v 0.39750966 0.26621974 0.04798844
v -0.47451997 0.30407235 0.08123674
v 0.85071933 -0.23529743 0.02750189
v 0.65012068 -0.28868029 0.03548305
v 0.73554623 -0.46662173 -0.02603949
v 0.54836524 0.12710078 -0.02838151
v -0.48675615 0.40160033 0.07181527
v 0.77381307 0.16405484 -0.04359410
v 0.80389255 0.20628135 0.03139294
v -0.13954270 0.47207394 0.00645672
v 0.31780496 0.45468482 -0.02489705
v 0.77524084 0.09535708 -0.04973242
v -0.04448935 0.12305585 -0.03302854
v 0.44884819 0.21886417 -0.00882967
v 0.22421314 0.24208263 0.03971673
v 0.87976366 -0.43970731 -0.02215204
v -0.41933769 0.30383095 0.08309570
v -0.31821859 0.28016123 -0.07332221
v 0.69557434 -0.47737032 0.00888707
v -0.86418819 0.42036623 -0.05588844
v -0.56642258 0.30397174 -0.07969431
v 0.42401323 0.27870625 -0.06207519
v 0.30368945 0.25201681 -0.05239799
v 0.33222628 0.17236884 -0.03718879
v 0.78806198 0.14851370 0.01102746
v 0.56182891 0.13138767 0.04276387
v 0.88743430 -0.44425681 0.00619680
v 0.43345398 0.33872539 0.08436982
v 0.39806661 0.17330909 -0.04673728
v 0.34868065 0.17512192 -0.04492695
v 0.85066879 0.30938298 0.05686448
v 0.44807845 0.20291115 0.03146049
v 0.81060505 0.01193840 0.03077351
v 0.61114335 -0.13832590 -0.04306858
v -0.17507303 0.47112241 0.00639109
v -0.20029712 0.15019265 -0.02686526
v 0.77996707 -0.47792009 0.00454818
v 0.44286335 0.20789117 -0.01335168
v 0.62544465 0.43047389 -0.06559828
v 0.87605321 -0.36940408 0.00079861
v 0.83182335 -0.11154025 -0.04052516
v 0.53547329 0.14079820 0.02231550
v 0.60717845 -0.15592737 0.03541383
v 0.41200632 0.19102794 -0.01402590
v -0.82848942 0.28484124 -0.03786350
v 0.73108840 -0.47740054 0.00888415
v -0.15591453 0.24789059 -0.07115017
v 0.62446630 0.18561991 -0.05291080
v 0.37134328 0.18953639 0.04359074
v 0.82131654 -0.02856998 0.02147026
v 0.20837744 0.25989598 0.07354484
v 0.78329909 0.03555920 -0.05112261
v 0.37666306 0.21135069 -0.01260102
v 0.64218760 -0.38769767 -0.02561544
v 0.88030297 -0.41362002 0.01278588
v 0.79285359 0.19265784 -0.00359573
v 0.10522062 0.45627445 -0.03678898
v 0.79329306 -0.46662182 -0.02604171
v 0.31603843 0.18790981 0.02954288
v 0.55305624 0.10144007 -0.00511109
v 0.61749703 -0.17387712 0.03771060
v 0.78898197 0.20130765 -0.04233350
v -0.08573069 0.24659249 0.08979326
v 0.64953655 -0.46474576 0.00361279
v 0.83680069 0.38197064 0.05744467
v 0.33132279 0.16996948 0.01338721
v 0.63759804 -0.40032443 0.01542021
v -0.22469360 0.27338761 0.04752940
v 0.50007552 0.14682810 -0.03084639
v 0.44424623 0.18197666 -0.04448214
v 0.23665190 0.27514905 0.06795753
v 0.66796249 -0.29221171 -0.04213925
v 0.80217761 -0.47634190 -0.01282897
v 0.18056414 0.25509840 0.08963844
v 0.21868785 0.23450083 -0.05627199
v 0.22932456 0.24769145 0.00456122
v 0.58010590 0.03901123 -0.04819458
v 0.28047499 0.45699859 0.00992293
v 0.33190528 0.20616877 -0.04938557
v 0.48242366 0.14427947 -0.02104293
v 0.63362515 -0.36903057 0.01854891
v -0.22681047 0.45760500 -0.03395776
v 0.24048799 0.26308048 -0.00888414
v -0.30821937 0.29113838 -0.08324159
v 0.86515844 -0.29712492 -0.00728474
v 0.50721258 0.14306663 0.00383082
v -0.37740257 0.46576962 -0.00831159
v 0.20257017 0.17656559 0.06309931
v -0.12175882 0.46568385 -0.02802218
v 0.83756870 -0.15575752 0.03320011
v 0.80086988 -0.04194103 0.04508968
v 0.36535498 0.20917360 0.03700829
v -0.22745541 0.27198288 -0.00736110
v 0.23969322 0.15438223 -0.02289890
v -0.19589904 0.23622887 -0.05550430
v -0.08876441 0.46422929 -0.02927152
v 0.82928181 -0.14596598 -0.04266603
v 0.39307043 0.17766264 0.04177339
v 0.70889395 -0.47605082 0.01209674
v -0.22995627 0.27816102 -0.07125297
v -0.21299613 0.24617282 0.00494041
v 0.25186142 0.26807138 0.02205891
v 0.81610894 0.00011966 0.01901326
v 0.84902400 -0.19301742 -0.00906303
v 0.71109104 -0.44627741 0.02889039
v 0.84395027 -0.22719695 -0.03814552
v -0.74761033 0.43854460 -0.03733169
v 0.83463418 -0.10030895 0.01196732
v 0.61064386 -0.09378711 0.04274686
v 0.23412941 0.25669071 -0.00000093
v 0.63443244 -0.38675749 0.01136247
v 0.29487136 0.25218141 0.04725175
v 0.67808282 -0.46440527 0.02368451
v 0.22681224 0.25186202 -0.02622667
v -0.21340290 0.26636952 -0.04668505
v 0.85135680 -0.33231735 0.02939051
v 0.86434180 0.34778497 0.03745989
v 0.84116405 -0.17291728 0.02797544
v 0.40701336 0.18168624 -0.04282643
v -0.08466353 0.19962013 0.08537221
v -0.14825259 0.25279319 0.07062647
v -0.24356864 0.30417088 -0.08965450
v -0.20703164 0.28818452 -0.08802811
v -0.20804824 0.26733848 0.05240887
v 0.67776376 -0.47625259 -0.01237324
v -0.63109469 0.45068076 -0.02292601
v 0.44928154 0.23187594 -0.01374525
v -0.48367664 0.45926714 0.00660851
v -0.82836586 0.29818177 -0.05844118
v 0.37686810 0.21109691 0.01350606
v 0.69555491 -0.47762224 0.00000029
v 0.37096262 0.23761807 0.01185620
v 0.53130859 0.14572074 -0.03112347
v 0.29085913 0.22151922 0.02155800
v 0.78349286 0.05755732 -0.04966532
v 0.56361079 0.04792095 0.03499531
v -0.07741600 0.47399822 -0.00440168
v 0.56045210 0.07501377 -0.03818517
v 0.76369065 0.20813906 -0.05649475
v 0.67760020 -0.47736198 0.00000437
v -0.19835752 0.18103462 0.05477946
v -0.89156753 0.39604649 0.01558408
v 0.42466742 0.18007939 -0.04166077
v 0.41888499 0.19121541 0.00436266
v -0.29714972 0.27729374 0.05591219
v -0.10604300 0.46069425 0.02198451
v -0.49620852 0.45042053 0.02556716
v 0.79148281 0.11076453 0.03076791
v -0.74751538 0.29788473 0.05947733
v -0.19377126 0.47141972 -0.01821524
v 0.30372632 0.20082211 -0.02757828
v 0.38942781 0.14844958 -0.00214360
v 0.79184836 0.07603399 0.04027105
v 0.16591656 0.46318474 -0.01532208
v 0.39560476 0.45050770 -0.03036090
v 0.39924178 0.26692814 -0.05336027
v 0.60787493 -0.06283460 -0.04958093
v 0.69545811 -0.45813265 0.02616928
v 0.86270994 -0.33298600 0.02455652
v 0.44673833 0.24259152 0.00465772
v 0.78861481 0.23348759 -0.05758142
v -0.21813346 0.26179457 0.00446097
v 0.83779186 -0.13800636 0.02686945
v 0.82600707 -0.18234672 -0.04462748
v 0.73110682 -0.45930138 0.02613219
v 0.84801441 0.24718188 0.03742930
v 0.73109812 -0.47190991 0.01910176
v -0.05959624 0.46481568 -0.02858259
v 0.45963025 0.23423637 0.02679888
v 0.86722475 0.35299119 0.00481090
v 0.85861295 -0.36897290 -0.03515003
v -0.86890167 0.28972563 -0.03689212
v -0.36736932 0.28710794 0.07697598
v 0.58793879 0.02210527 0.04428164
v 0.83063388 0.23049054 -0.03354880
v 0.28709888 0.23817408 -0.03927359
v -0.39717191 0.46379390 0.00707232
v -0.46806875 0.45962644 -0.01770223
v 0.87903327 -0.45712313 -0.02141181
v 0.58379900 -0.05621075 0.03712600
v -0.31281823 0.46847022 -0.00407685
v 0.83219504 -0.18237452 0.03864804
v -0.88310671 0.29794198 0.01994839
v 0.85361421 -0.44089597 0.02933742
v 0.85507601 -0.26463199 0.02477716
v -0.67297035 0.42602220 0.05104891
v 0.23839903 0.28416502 -0.08802121
v 0.87528169 -0.42230761 0.02311819
v 0.21141300 0.46024036 0.01002941
v -0.51236212 0.28863704 0.06791183
v -0.43295684 0.46239784 -0.01903407
v -0.25423121 0.28028241 0.07568271
v 0.38899812 0.19809751 0.03532000
v -0.18313326 0.18378825 0.07141318
v 0.39205834 0.20055442 -0.01372497
v -0.33923593 0.27821106 -0.06273472
v 0.67764163 -0.46658328 -0.02483579
v -0.28336176 0.31023619 0.08764774
v 0.87389314 -0.45547888 0.02330497
v 0.24308345 0.26626921 -0.00001587
v 0.19550297 0.13845810 0.03741932
v 0.61209542 -0.24490096 0.01715299
v 0.56634957 0.03120871 0.03284197
v 0.18681480 0.21252534 -0.08505278
v -0.19175710 0.27087632 -0.06596819
v 0.46467364 0.41165394 -0.07549760
v 0.84651762 0.26421985 0.04549063
v 0.57304579 0.43651271 -0.05409310
v -0.85509384 0.40053186 0.06869410
v 0.64234567 -0.40374807 -0.02305373
v 0.84016091 -0.17283818 -0.03658949
v 0.44856223 0.24287330 -0.02024822
v 0.69714504 0.44028249 -0.06159281
v 0.76663888 -0.47739473 0.00888413
v 0.36466584 0.23314731 -0.02937714
v -0.16357803 0.15851776 0.06596510
v -0.17485876 0.20933750 -0.07640855
v -0.65255159 0.44466260 -0.03650353
v 0.36417440 0.23269518 0.01823724
v 0.71334130 -0.47763088 0.00000000
v -0.20358206 0.18439621 0.02715816
v 0.58158469 -0.04025544 -0.03971095
v 0.75970846 -0.44454774 -0.03456468
v -0.20765921 0.27495247 0.06587558
v 0.87705785 0.27663556 -0.03485272
v 0.24588469 0.18670484 0.01332422
v 0.78256220 0.18586260 0.03745981
v 0.74886578 -0.47739774 0.00888413
v 0.83143973 -0.20616825 0.03884960
v 0.78791118 0.38884151 0.07896203
v 0.71335322 -0.47639772 -0.01271255
v 0.83370650 0.46449780 0.00781311
v 0.62857759 -0.15343077 0.04215644
v 0.73818165 0.46278626 -0.04079391
v 0.57527733 0.01299673 0.03751852
v 0.57761776 0.16447930 -0.05211015
v 0.61580795 -0.28074369 0.00438444
v -0.60597759 0.31433403 -0.08200029
v 0.66133678 -0.46540213 -0.02331935
v -0.19039077 0.22332731 -0.06639750
v 0.62595099 -0.11984004 0.04399425
v 0.79367578 0.00690211 -0.04899426
v 0.79608417 0.19593450 -0.02275749
v 0.86991733 -0.40451062 0.02626024
v 0.39508873 0.15760311 0.04021657
v 0.88236934 0.30147105 0.00917593
v 0.85030580 -0.22079764 0.02481678
v 0.37117881 0.44970497 -0.03797586
v 0.58747858 -0.10844023 -0.01291875
v 0.28074047 0.23401637 0.00474879
v 0.23234002 0.15305986 0.03594024
v 0.62598908 -0.18611322 -0.04330951
v 0.53879696 0.13502581 -0.01343991
v 0.79116350 0.13279045 -0.01971844
v 0.85943890 -0.35118148 -0.03384596
v 0.76442873 0.10011136 0.04664810
v -0.40512225 0.29066110 0.07629467
v -0.58325809 0.38841301 0.07617059
v 0.25159904 0.26897985 -0.03056346
v 0.78440911 -0.47634527 -0.01282865
v 0.62605429 -0.24452880 0.03297242
v 0.42020673 0.16440064 -0.04424724
v 0.81557137 -0.05804345 0.04168657
v 0.87845838 -0.38691887 0.00451387
v 0.57822973 -0.05121509 0.01014450
v 0.64426130 -0.33418140 0.02979753
v 0.05024646 0.45525047 -0.03775716
v -0.21059331 0.47003022 0.00638363
v 0.33080027 0.19488376 -0.04711570
v 0.51127672 0.14517102 0.02179717
v -0.19283138 0.47058177 0.00639381
v 0.39239442 0.31157738 -0.08682522
v -0.12545407 0.11953266 -0.03113276
v 0.60724998 -0.00042272 0.04669566
v 0.30127397 0.20504199 0.02286396
v 0.67103952 -0.39848140 0.02946341
v -0.49183360 0.30257294 -0.08197500
v 0.53152895 0.43348229 -0.05578461
v 0.78343081 0.16442676 -0.03365867
v -0.21812233 0.26402256 -0.02373951
v -0.70762855 0.41257361 -0.06822677
v 0.31559578 0.41665179 -0.07128783
v 0.86520398 0.32501847 -0.04851466
v 0.87180692 -0.46927357 -0.01913936
v 0.88670427 -0.44522822 -0.00947601
v -0.26827207 0.46028626 0.02092363
v 0.45111841 0.19814746 -0.04155357
v 0.81680924 0.47151905 -0.02616962
v 0.78885108 -0.47791851 0.00454857
v 0.14045291 0.12409163 0.00982401
v 0.83885205 -0.26200110 -0.04048048
v -0.85366309 0.29663041 -0.05434513
v 0.00687434 0.13683280 -0.05042141
v -0.56962258 0.30177361 0.07577426
v 0.84964681 0.41293406 0.00563403
v 0.79086363 0.19366881 0.02946046
v 0.43186036 0.43248153 -0.05817896
v 0.61019987 -0.11811330 -0.04466588
v 0.58360082 -0.08520942 0.00662414
v 0.59813136 -0.15038720 0.02342518
v 0.42143968 0.25981560 -0.01363294
v 0.63606673 -0.35123667 -0.02647767
v 0.71340609 -0.46661386 0.02344598
v 0.43793225 0.25618452 0.02009348
v 0.72926569 0.18354718 -0.05280760
v 0.79567522 0.19622976 0.01399422
v 0.59481204 -0.12025104 -0.03483338
v 0.42540351 0.25708532 0.00409024
v -0.62688005 0.30169007 0.07211328
v 0.42669037 0.26252505 0.02654523
v -0.83734441 0.42607927 -0.05436864
v 0.35907277 0.15649904 -0.03358590
v 0.83144933 -0.08365108 0.02091204
v -0.63895696 0.28379440 -0.05390925
v 0.22918178 0.44628668 -0.04633182
v 0.84272969 -0.19148244 -0.03505112
v -0.61677706 0.28416035 -0.05648557
v 0.26136374 0.25943601 0.02346905
v 0.22667010 0.25357741 -0.03536485
v 0.88623673 -0.43692848 -0.00517945
v 0.06062862 0.12105913 0.00307892
v 0.82492745 0.44946748 0.04668926
v 0.02234040 0.37871820 0.08019996
v 0.86207473 -0.27649936 0.00451599
v 0.23713025 0.19078480 -0.04871969
v 0.60914111 -0.07407590 0.04367282
v 0.20190738 0.19975920 0.07218077
v 0.78827256 0.46622813 0.03883825
v 0.35796615 0.17758298 0.04244509
v 0.62277216 -0.29466996 0.02147103
v 0.46912238 0.22493251 -0.03957353
v -0.56271452 0.28602555 -0.06309760
v -0.18418922 0.21158952 0.06487789
v 0.33073550 0.18463910 -0.04350335
v 0.48231450 0.15257746 0.03694680
v 0.18867083 0.45622969 0.02483599
v -0.01090981 0.47055742 -0.01495188
v 0.63926208 -0.41549140 -0.01326395
v 0.48280725 0.37833533 -0.08517890
v 0.48830912 0.44070154 0.04404563
v -0.26300865 0.29091784 -0.08556684
v 0.60581344 -0.22284031 -0.00622450
v 0.53191161 0.14202018 0.00476560
v -0.38797709 0.28055793 -0.06825902
v -0.58626616 0.43913299 -0.04575704
v 0.22775444 0.13403501 -0.00436894
v 0.60940504 -0.24466090 -0.00444886
v 0.74886048 -0.47762576 -0.00000000
v 0.42910615 0.15062878 0.03029458
v -0.17548688 0.11512475 -0.00253312
v 0.87876230 -0.39589286 -0.01281107
v 0.52124429 0.20724994 0.04153478
v 0.27201119 0.27981392 -0.07736083
v 0.82233000 -0.09366057 0.03973043
v 0.79508483 0.21386158 0.04391081
v 0.02280959 0.18046141 -0.07854380
v 0.37477079 0.24024157 -0.01349007
v 0.80896878 0.44170514 -0.06201252
v -0.35705274 0.46566021 0.00377485
v -0.15213783 0.11985134 0.02718178
v -0.23550953 0.27547240 -0.04951598
v 0.25445437 0.26156825 0.00491738
v 0.79478329 0.10873844 -0.02764758
v 0.11011069 0.13557048 -0.04193430
v -0.70684022 0.39805517 0.07197425
v -0.89144683 0.34475005 -0.04348379
v 0.69558972 -0.46689877 -0.02550769
v -0.61207181 0.40546253 0.06817992
v 0.48943672 0.14405882 0.01273619
v 0.51386273 0.43484518 0.04948603
v 0.88454181 -0.42686960 -0.00435399
v 0.80760795 0.04733646 0.00903741
v -0.17976899 0.12373161 0.03252709
v 0.60497671 -0.17357783 -0.03732667
v 0.39443517 0.25263396 0.02664418
v 0.86853576 -0.35153627 0.02230505
v 0.23746166 0.44815767 0.03660764
v -0.18629171 0.16497272 0.06273948
v 0.22879639 0.13823032 -0.02479989
v 0.44296902 0.20926887 0.00597820
v 0.29959545 0.21765214 0.03891543
v 0.31317949 0.45510763 0.01340517
v 0.01457235 0.46917093 -0.01629203
v 0.83536071 -0.24437132 0.03765987
v 0.27412111 0.24833472 -0.03466502
v -0.29053816 0.46958271 -0.00429781
v 0.44655207 0.16465756 0.04245842
v 0.85323125 -0.29749048 -0.03730914
v 0.80907696 0.21938032 0.03954228
v 0.65028727 -0.44924656 0.01872199
v 0.78298372 0.16445895 0.02258721
v -0.29942727 0.28180665 0.07526661
v 0.42266098 0.30464751 -0.08284495
v 0.34122324 0.18344259 0.04314167
v 0.15932654 0.41383579 -0.07246468
v 0.62186068 -0.31388545 0.00970059
v -0.21919222 0.26697120 0.03779592
v 0.73114538 -0.47382224 -0.01638853
v 0.44227970 0.16415258 -0.04536564
v 0.19177273 0.16907337 -0.06564061
v -0.17389232 0.16028124 -0.07191924
v 0.81987208 -0.46659061 0.02343896
v -0.41841206 0.28148115 0.06518687
v 0.80204475 0.03954618 -0.04150483
v 0.87453926 -0.38683465 0.01988064
v 0.64450967 -0.44462505 -0.01191989
v 0.60816771 -0.15541799 -0.04005279
v -0.82714963 0.34314251 -0.08289514
v 0.85099703 -0.38655728 -0.03726641
v 0.37113470 0.16209599 -0.04353759
v 0.66076016 -0.37616742 -0.03405369
v 0.66456288 -0.21034586 0.04121085
v 0.36576140 0.23299453 -0.01769183
v 0.56068140 0.14512978 -0.05045729
v 0.24165998 0.16673551 0.02774432
v 0.54886675 0.16713718 -0.05087972
v 0.55936933 0.09319390 -0.03995353
v 0.80794477 -0.02309779 0.04196860
v 0.85338730 -0.23940648 -0.02683068
v 0.29818162 0.20772278 0.00301697
v 0.86401075 0.32840028 0.04590048
v 0.03386327 0.45557901 0.02785041
v 0.53473455 0.24108402 -0.05054678
v -0.06028176 0.11678633 -0.00612360
v 0.58701789 0.40948036 0.07340438
v 0.79757559 0.03968719 0.04161706
v 0.66225189 0.32675368 0.07955546
v 0.69970661 0.44061413 0.05634392
v 0.22866872 0.25815392 0.03531408
v 0.80316019 0.23645620 0.05035475
v 0.85627246 -0.35488302 0.02960385
v 0.46855786 0.24407673 -0.04250010
v 0.21169321 0.24873497 -0.06441098
v -0.87633777 0.36205670 0.07424448
v 0.30473375 0.21618697 -0.04365953
v 0.53319120 0.15765834 -0.04652330
v 0.78764379 0.18217637 -0.01398289
v 0.83097571 -0.12877347 0.03847716
v 0.23822547 0.26583922 -0.03925350
v 0.43482178 0.19155078 -0.03550958
v -0.37853402 0.35849413 -0.08595244
v -0.27737927 0.45581797 -0.03504072
v -0.62439173 0.29913092 -0.07366421
v 0.61577660 -0.20146354 0.03229460
v 0.46695155 0.44732094 0.02453665
v 0.80704272 0.03696951 0.02852574
v 0.64014030 -0.12077773 -0.05115768
v 0.87059247 -0.33264473 -0.00580483
v 0.77999550 0.12859809 0.04186347
v 0.83876258 -0.15658848 -0.03642530
v 0.46041775 0.27124509 0.04900239
v 0.54932296 0.12440878 -0.01379390
v 0.79755527 0.09670471 0.02003446
v 0.47329170 0.16359997 -0.04665969
v 0.77223504 0.12654725 -0.04909385
v 0.21720913 0.21637268 -0.06517803
v -0.21059410 0.46452296 -0.02799051
v 0.37496552 0.21043403 0.02541998
v 0.37068400 0.44652641 0.03768814
v 0.43916175 0.25234964 -0.00438487
v -0.19979344 0.22420755 0.05146125
v 0.71779883 0.43092644 -0.06760217
v 0.25072274 0.27940178 -0.07478596
v 0.58974266 0.41942012 -0.07156899
v 0.31091568 0.19535361 0.03396111
v 0.82890093 -0.14522199 0.03923941
v 0.82238233 0.23298678 0.04120113
v -0.40556559 0.31193200 -0.08781473
v 0.42478028 0.14629589 0.01389561
v 0.34292948 0.28718519 -0.08071230
v 0.88065970 0.27873224 0.00751070
v 0.20367865 0.12829094 -0.01189366
v -0.54656857 0.43331778 0.04504365
v 0.81835479 -0.00779039 0.00181754
v 0.45286849 0.28645480 -0.06925730
v 0.28887391 0.23645596 0.03665414
v 0.36080375 0.23294847 0.03003538
v 0.34319481 0.21514574 0.04068077
v 0.59890461 -0.17840140 -0.01398600
v -0.46497214 0.44526246 -0.04236285
v 0.64468479 -0.36857441 -0.02937859
v -0.24520186 0.46984810 -0.01808161
v 0.22375292 0.30680501 -0.08980215
v 0.36259446 0.30844063 -0.08765945
v -0.88776845 0.35939559 0.05780483
v -0.23183130 0.27396467 0.01572314
v 0.63375044 -0.28850818 0.02873973
v 0.87317562 -0.35139874 -0.00352162
v -0.17112151 0.13714105 -0.05653639
v 0.36681613 0.18141176 -0.04933869
v -0.33495304 0.28023523 0.06984033
v -0.11985928 0.47177413 0.00684693
v 0.36727715 0.22498384 -0.00000355
v -0.89131021 0.33404708 0.04013619
v -0.52138805 0.27910489 0.04741948
v 0.80240357 0.00420464 0.04135153
v 0.19348472 0.46098197 -0.01912988
v 0.23009065 0.41318914 -0.07328787
v 0.55934805 0.06327122 -0.00944042
v -0.89076585 0.40015319 -0.03759950
v 0.59838474 -0.02259040 0.04455375
v 0.84000963 -0.35167283 -0.03925769
v 0.37587541 0.31237531 0.08555828
v -0.53476381 0.45814797 0.00003991
v 0.63348871 -0.02554955 0.04703464
v 0.21825512 0.14051661 0.03407926
v 0.44515541 0.20684229 0.01804171
v 0.81198835 -0.46885678 -0.02465586
v 0.77867067 0.45373338 -0.05577469
v -0.48961136 0.44458809 -0.04264584
v -0.43702313 0.28701210 0.07249200
v -0.47637165 0.28118321 -0.06244171
v 0.59495515 -0.08911600 0.03595500
v -0.19471104 0.13835143 -0.04870171
v 0.60737568 -0.19201089 -0.03376967
v 0.80258518 0.07271152 -0.02305477
v 0.65583551 0.43032503 -0.06688619
v 0.11158178 0.20029177 -0.08712778
v -0.31273648 0.29428554 0.08297999
v 0.67792881 -0.47564510 0.01179573
v 0.45275202 0.23653291 0.01678899
v 0.77108133 -0.45931819 0.02612818
v 0.85998106 -0.47182086 0.01905343
v 0.85525930 0.37245488 0.04164322
v 0.66018915 -0.44785082 -0.02702851
v 0.88119161 -0.46867293 -0.00436566
v 0.42547792 0.18924099 -0.02868593
v 0.86449260 -0.44040564 -0.03221139
v 0.83827031 0.44387737 -0.03792877
v 0.24597567 0.17501424 -0.01018293
v -0.24934424 0.45731494 -0.03402917
v 0.57246900 0.02112889 -0.03908315
v 0.42554164 0.19113548 -0.01434606
v -0.77585804 0.28448650 0.03739250
v -0.28051451 0.29700786 -0.08901118
v 0.46690941 0.26328802 -0.05006620
v 0.26056156 0.28074589 0.07740290
v 0.23280329 0.13875893 0.01584698
v 0.43070087 0.19443502 0.00405567
v 0.63351989 -0.38775170 -0.00558444
v 0.05147061 0.40155631 -0.07953608
v 0.12234857 0.46494120 0.00006099
v 0.62454671 -0.33352700 0.00435545
v 0.21837872 0.37480646 -0.08550714
v 0.23341110 0.25761640 0.01776112
v 0.36597338 0.21977286 -0.02868365
v 0.80264205 -0.08414274 -0.05101030
v 0.78576720 0.18217650 -0.03304960
v 0.55708557 0.42506853 -0.06561509
v 0.26384035 0.45186242 0.02998821
v 0.86404085 -0.32902202 -0.02595943
v 0.22119837 0.26351994 0.06268916
v -0.15460216 0.27151510 -0.07655294
v 0.84686220 -0.25374022 0.03283736
v 0.21193850 0.13091035 0.01220620
v 0.37749588 0.20217925 0.03770746
v 0.42360511 0.26727307 -0.03956243
v 0.25178269 0.27513328 0.05696164
v 0.44578862 0.24388063 -0.00794116
v 0.60183758 -0.18820068 0.01773006
v 0.45452124 0.22013354 -0.03078599
v -0.19023885 0.14946939 0.05432925
v -0.88265681 0.42186654 -0.03138899
v -0.78456140 0.36876518 -0.08409416
v 0.60932642 -0.22763389 0.01556529
v -0.39491346 0.46355352 -0.02089726
v 0.38491675 0.15410374 -0.03780905
v 0.76768667 0.47016177 0.00871836
v 0.80082202 -0.42557368 0.03046253
v -0.09404549 0.27251151 -0.09017947
v -0.60756350 0.45325312 0.00796655
v 0.06780795 0.46767306 -0.00958084
v 0.24183559 0.26604810 -0.02139315
v -0.31792474 0.28023735 0.07197737
v 0.46742874 0.18125072 0.04321987
v -0.21218555 0.25364745 0.02260860
v 0.12340096 0.46308315 -0.02460780
v -0.22835784 0.46946102 0.00636003
v 0.45571983 0.21348043 0.02778452
v 0.83623290 0.45487830 0.03286666
v 0.83956498 -0.13842273 -0.02476663
v 0.59693801 -0.13801339 -0.03396135
v 0.02485570 0.45951909 -0.03405617
v 0.59728897 -0.10344486 -0.03999544
v 0.65122920 -0.43894756 -0.02369761
v 0.37961367 0.15133439 0.02007080
v 0.79647166 0.05731068 0.04082473
v 0.75557601 0.10542792 -0.05245638
v 0.49441472 0.24915878 0.04084906
v -0.17464402 0.11782613 -0.02333894
v 0.42354590 0.41193813 -0.07496782
v -0.46839404 0.32419503 -0.08784069
v -0.69023913 0.45047060 -0.00184928
v 0.44671625 0.15326171 0.03686750
v 0.78729707 -0.06701931 0.04707386
v 0.87604660 0.27005291 0.02501122
v 0.31209773 0.18856068 0.01297684
v -0.52549553 0.31192601 0.08170246
v 0.63840652 -0.31321791 -0.03413836
v -0.72084761 0.43457180 -0.04556542
v -0.20112562 0.14843415 0.00385558
v 0.56675011 0.24041954 0.05988823
v -0.78683996 0.43866637 0.02768639
v -0.30404308 0.45533448 -0.03519889
v 0.82599998 0.43225792 0.05339723
v 0.67249113 -0.42280897 -0.03205689
v 0.76663363 -0.45871934 -0.03007652
v -0.64143068 0.28547910 0.05149860
v 0.30001140 0.39671299 0.07734016
v -0.10485734 0.47548652 -0.01065034
v 0.81013310 -0.11503073 0.04385575
v 0.39188510 0.20100129 0.00507268
v 0.64565402 -0.35129547 0.02866369
v 0.63446045 -0.19927777 0.03934402
v -0.12139627 0.38214698 0.07922968
v 0.79083359 0.44931880 0.05228130
v 0.78823030 0.28343287 -0.07331386
v 0.84545934 -0.17052175 -0.01112513
v 0.75656563 0.16019616 0.04576546
v 0.81696635 -0.16201919 -0.04725458
v 0.38731882 0.40138501 -0.08037257
v 0.46223527 0.20911826 -0.04126136
v 0.24118079 0.28290576 0.08324019
v 0.17984392 0.13152608 0.02638263
v 0.34453949 0.45005882 -0.03871796
v -0.22933054 0.27689496 0.05956989
v -0.84554505 0.43695334 0.02574234
v 0.60794795 -0.08756480 -0.04700202
v -0.54860926 0.36889866 0.07993955
v -0.87655091 0.28577533 0.00735237
v -0.29642811 0.45268264 0.02786758
v 0.58174068 -0.02258365 0.03833687
v 0.83039951 -0.07205972 -0.00391964
v 0.78524196 0.14626858 0.02995174
v -0.19762896 0.20004055 -0.07035408
v 0.58021891 -0.04036537 0.03330066
v -0.18483774 0.11951775 0.01518374
v -0.63777769 0.40615761 -0.07270677
v -0.75283831 0.31765699 0.07416549
v 0.76161492 0.45004517 0.05134882
v 0.14738673 0.46290487 -0.02383399
v 0.21263525 0.44754869 0.03724746
v 0.83270955 -0.10138451 0.03060272
v -0.00178790 0.45994034 -0.03357994
v 0.55609453 0.42985231 0.05543388
v 0.29279992 0.44329765 -0.04897460
v -0.24374937 0.27705243 0.03564461
v 0.84088594 0.23653226 -0.00536745
v 0.44678208 0.14618002 0.02123367
v 0.62114376 -0.31603822 -0.00400962
v 0.33995178 0.22592303 -0.04562858
v 0.27688566 0.26524302 -0.05176207
v 0.21253546 0.22396643 0.06434425
v 0.82268149 -0.08421597 -0.04228839
v 0.37586576 0.25700763 0.04658831
v -0.58675963 0.27869239 0.03730251
v -0.22836287 0.47122371 -0.01662959
v -0.13950618 0.46719646 -0.02643409
v 0.78716701 0.18304123 0.01543862
v -0.53022200 0.44987786 0.02494592
v 0.61879915 -0.18874058 0.03678792
v 0.81255054 0.46471071 0.04084660
v 0.77604347 0.07270818 0.04543907
v 0.86085832 -0.27612722 -0.01400464
v 0.85132486 -0.21226707 -0.02191920
v -0.15374555 0.29309291 -0.09055973
v 0.64542848 -0.41389859 0.01930850
v -0.22848450 0.27931651 0.07438407
v 0.34265947 0.16273768 -0.02598457
v 0.88314402 -0.45751530 0.01547684
v 0.84138370 -0.19250177 0.03135874
v 0.15720047 0.12652810 -0.01966915
v -0.60121232 0.29058841 -0.06600037
v -0.49935776 0.31203762 0.08286439
v -0.18604411 0.26147446 0.05843262
v 0.87139142 -0.34223983 0.01335769
v 0.62296855 -0.02644712 -0.05250272
v 0.22602275 0.25834048 -0.05026016
v 0.82354230 -0.04862740 0.02892401
v -0.88474673 0.38284045 0.05767307
v 0.66125596 -0.47501168 -0.01189453
v 0.86413872 -0.38672882 0.02784958
v 0.27351797 0.45102188 -0.03946040
v 0.42969829 0.17289093 0.04072013
v 0.79817432 0.46361744 -0.04962311
v -0.86988145 0.33667752 0.07391776
v 0.82000381 -0.01884799 -0.02664262
v 0.85294414 0.24773210 -0.02081300
v 0.81113893 0.21057968 0.01365409
v 0.64678419 0.18393572 0.04725717
v 0.70442766 0.40426332 0.07519295
v 0.34298003 0.17010659 0.03735407
v 0.43360466 0.29358804 0.07427238
v -0.13230537 0.26985234 0.07717816
v 0.34101924 0.19511057 0.04316238
v 0.40384957 0.16341439 -0.04578990
v 0.46651161 0.14365284 0.00015378
v 0.37203139 0.19659305 -0.04489911
v -0.20626618 0.22657982 -0.04108306
v 0.84294724 0.34152326 -0.06262779
v -0.24405080 0.46286476 0.01879884
v 0.37370327 0.24176057 -0.02855115
v 0.27092752 0.27206159 0.05778784
v -0.29488617 0.46514973 0.01323622
v 0.42132917 0.15340389 -0.03905670
v 0.84672636 -0.18686117 0.01478394
v -0.87353206 0.39937082 -0.06910329
v 0.35982668 0.15644610 0.02579864
v 0.58932668 -0.00027251 0.04343649
v 0.50664765 0.43077236 -0.05944439
v -0.44911724 0.46256664 -0.00550896
v 0.67203557 -0.35562980 0.03267742
v -0.73800498 0.43213800 0.04231969
v 0.47702861 0.33941650 -0.08679949
v 0.04943952 0.46658596 0.01029114
v -0.37232703 0.31069300 0.08637466
v 0.39342496 0.15173654 0.03055872
v -0.12078143 0.12064302 0.02726074
v -0.84743029 0.42384529 0.05080505
v -0.88878042 0.40332606 0.03724424
v -0.41495621 0.46303377 -0.01983301
v -0.17087172 0.27135250 0.07034203
v -0.88652295 0.30228516 -0.01916945
v 0.56303638 0.09220710 0.04141686
v -0.02386677 0.46293232 -0.03085760
v -0.88218516 0.30487332 -0.04361216
v 0.48622492 0.22731765 0.03439626
v -0.26607373 0.27706566 0.05484409
v 0.33146730 0.31970227 -0.08899798
v 0.24525638 0.20705338 -0.01857993
v 0.78644884 0.09400540 0.04088333
v 0.32349437 0.20053583 0.04288437
v 0.80164766 0.07778811 0.01213950
v 0.63606560 -0.40233505 -0.00658590
v -0.58685917 0.33342409 0.08348043
v -0.49565229 0.27740839 -0.02991789
v -0.79802918 0.39877281 0.07088471
v -0.77729690 0.31413072 -0.07491845
v 0.51735693 0.17649296 -0.04915117
v 0.39312154 0.19107807 -0.04207408
v -0.13815525 0.45442128 -0.03713669
v 0.76663733 -0.47785071 -0.00888413
v -0.84590244 0.29791859 0.05264869
v 0.43681076 0.19113925 0.03485163
v 0.65682995 0.44392759 0.05197342
v 0.34611753 0.43972224 0.04550061
v 0.63438797 -0.33380768 -0.02751079
v 0.37667120 0.21178269 -0.00000134
v 0.01857002 0.13231747 0.03817640
v 0.42460275 0.15843368 0.03957891
v 0.56372410 0.44429481 0.03722241
v -0.17669211 0.28448075 -0.08958131
v -0.58524328 0.30563700 -0.07963106
v 0.25507513 0.27251294 -0.05163790
v 0.43288898 0.38192335 -0.08473557
v 0.23683989 0.27092814 0.05042772
v 0.24182793 0.20340514 0.02987887
v 0.54327685 0.33145803 0.07963276
v -0.19435012 0.13812397 0.03878863
v -0.17223664 0.18727119 -0.07764930
v 0.84244549 0.42731628 0.03326352
v 0.38081202 0.25255641 -0.04282820
v 0.10228228 0.13851413 0.04246712
v -0.02010222 0.13366006 -0.04726263
v -0.10403012 0.46678728 -0.02655763
v 0.40244466 0.14808093 0.01526145
v -0.19839828 0.12421613 0.00445604
v -0.08023573 0.47017291 -0.01987533
v 0.50039881 0.15701158 -0.04455812
v 0.86804593 -0.38690218 -0.02987413
v 0.42909870 0.14659010 -0.02322687
v 0.15687342 0.13662846 0.03762361
v 0.79793543 0.08565845 0.03186904
v 0.35796785 0.16572191 -0.04262148
v 0.63578552 0.44903079 0.04224631
v -0.25820264 0.41108391 0.06729198
v 0.48628548 0.43719861 -0.05248543
v -0.18914807 0.29867902 -0.08988239
v -0.27277407 0.46993309 -0.00050864
v 0.22488417 0.18661694 0.05508610
v 0.63013738 -0.32390207 0.02258434
v 0.17754641 0.23779902 -0.09054895
v -0.05607630 0.47050670 0.00597734
v 0.81259632 -0.03146002 -0.04445717
v 0.63079792 0.38492242 0.07986056
v 0.77158076 0.18427223 -0.04625283
v 0.54386365 0.14636914 -0.04432061
v 0.78992879 0.38712090 -0.08361769
v -0.80511165 0.34761420 0.07985885
v -0.82817578 0.37954673 0.07730613
v 0.63127553 -0.34688279 0.01965578
v 0.82298082 0.45944917 -0.04868819
v 0.03493398 0.12045150 -0.01227233
v 0.78399593 0.11031672 -0.04401616
v -0.73040581 0.28379557 -0.04620470
v -0.87297142 0.35492560 -0.07910316
v 0.37922952 0.24714436 0.03176811
v 0.77738374 0.46914390 -0.03059237
v 0.39185551 0.16669033 0.04350226
v 0.64929253 -0.45657867 -0.01827137
v 0.87643903 -0.37811282 -0.01247060
v 0.84015161 0.44525930 0.00756718
v 0.60461849 0.07004806 0.04705641
v -0.76516020 0.42882279 0.04646881
v -0.19526885 0.12623009 -0.02991425
v 0.26684538 0.25042829 -0.01331956
v -0.54711360 0.32194462 -0.08620790
v 0.23875737 0.27169770 -0.05890477
v -0.07310680 0.21282764 -0.09039620
v 0.85298401 -0.31563368 -0.03753652
v 0.80253297 -0.06456533 -0.05048477
v -0.17495243 0.46389797 -0.02926961
v -0.06574170 0.13740225 0.04944979
v 0.58175677 0.11056679 0.04696850
v 0.42466170 0.27639678 0.05346531
v 0.38352984 0.17991869 -0.04810421
v -0.49495256 0.28722993 0.06813642
v 0.57058150 0.07579830 0.04391959
v -0.54502475 0.29686376 -0.07574291
v -0.34036240 0.32289049 -0.08838598
v 0.07768317 0.12611610 -0.02803724
v 0.51777166 0.15604351 -0.04351248
v 0.11387541 0.12490272 0.01794173
v 0.31806675 0.44334781 -0.04897155
v 0.81569469 0.36059955 0.07637213
v 0.15494907 0.20282662 -0.08736349
v 0.76117498 0.41120893 0.07230158
v -0.70379061 0.35694915 0.08119635
v -0.61454695 0.44052732 -0.04350840
v 0.55657834 0.08286793 0.02399318
v -0.64944208 0.27788535 0.02145289
v 0.65082967 -0.35157076 -0.03458335
v 0.14174515 0.46384600 0.01370146
v -0.12551594 0.28752711 -0.09041388
v 0.78839552 -0.10258217 -0.05197442
v 0.86529672 -0.31442377 0.01426607
v -0.43935719 0.45957270 0.01265035
v 0.54581892 0.13784026 0.03757877
v -0.08801948 0.11602309 0.00622490
v 0.64273995 -0.43217805 -0.01226866
v -0.07430967 0.45749202 -0.03509136
v 0.37237725 0.40628791 0.07434166
v -0.55613995 0.40528080 0.06856665
v 0.49557441 0.25850576 -0.04809647
v 0.77156961 0.00885534 -0.05248996
v 0.79426503 -0.01136727 0.04500034
v 0.35755000 0.16489342 0.03857709
v 0.37784928 0.45240879 0.00748727
v 0.61704111 -0.21697615 0.03151605
v 0.81328970 0.01792287 -0.02005566
v -0.40184367 0.27730677 -0.04496102
v 0.68101513 -0.43143436 0.02801932
v 0.39800784 0.19466431 -0.03135517
v -0.70245284 0.29557785 -0.06378807
v 0.78682345 0.12833814 -0.03845993
v 0.46434495 0.16431804 0.04299023
v 0.48127732 0.14631319 0.02453075
v 0.83400410 -0.33125082 0.03525928
v 0.40847790 0.25885013 -0.02856389
v 0.61557758 -0.28039056 -0.01518442
v 0.45510739 0.17257160 -0.04794997
v -0.31785524 0.37624502 -0.08417794
v -0.59731758 0.30612946 0.07624999
v -0.72381669 0.30143645 -0.06965350
v 0.85652328 -0.24935247 0.01557222
v 0.77975464 -0.06309728 -0.05257411
v 0.87617797 0.30205348 -0.04076892
v 0.84687144 0.35653698 0.05459828
v -0.64190853 0.36996102 -0.08418348
v -0.20653020 0.18913956 -0.00826608
v 0.80316323 -0.46772513 0.02296355
v 0.39835307 0.44744745 0.03548635
v 0.83063525 -0.09755345 -0.03777386
v 0.29971579 0.27145264 -0.06604642
v -0.24649365 0.28920883 -0.08523647
v 0.63845360 -0.41453013 0.00463891
v -0.75255662 0.44700730 -0.01298413
v -0.69614518 0.29507291 0.05982666
v 0.24584487 0.45665887 -0.02846309
v 0.78538418 0.17386730 0.00424650
v 0.23034716 0.20556760 0.04978049
v -0.52143586 0.43966782 -0.04652256
v 0.73383093 0.46411479 0.03103501
v 0.60159081 -0.11128253 0.03834895
v 0.81852973 0.47238261 -0.00193803
v -0.84684622 0.32013527 0.07053842
v 0.22501294 0.28665790 -0.09030508
v 0.59150606 -0.13364114 -0.00953358
v -0.15729205 0.47503868 -0.01291943
v 0.87167007 -0.40508854 -0.02790922
v -0.20122796 0.21652769 -0.05749665
v 0.55873489 0.27655199 -0.07317334
v 0.21671528 0.26732299 -0.07484777
v -0.33817691 0.46782789 -0.01026441
v 0.66293234 0.45673510 0.02673668
v 0.47135115 0.18581319 -0.04750260
v 0.40705356 0.18666837 0.03704021
v -0.88161510 0.40917683 -0.05142958
v -0.69605631 0.43730041 -0.04337300
v 0.37809941 0.28394464 -0.07516929
v -0.54822350 0.29922456 0.07530243
v -0.34754702 0.45672151 -0.03352138
v -0.15312673 0.11908870 -0.03190364
v 0.46732372 0.29630435 0.07232124
v 0.56887275 0.01080291 0.02230251
v -0.02754509 0.40704224 -0.07610822
v -0.88772303 0.41709605 0.01623140
v -0.28686467 0.46654776 -0.02166829
v -0.72726536 0.44794855 0.00589476
v 0.30347210 0.32097349 0.08742018
v 0.19633447 0.27881202 -0.08874295
v -0.72146046 0.31534532 0.07495868
v 0.82472289 -0.44743967 0.02896060
v -0.16304356 0.23298712 0.06890606
v 0.48981643 0.16873212 -0.04860596
v 0.80144894 -0.08938161 0.04595182
v 0.45443612 0.25245312 0.03546882
v -0.41005075 0.44673601 -0.04157594
v 0.78856182 0.12852202 0.03047326
v 0.25423276 0.44347447 -0.04881731
v 0.43598688 0.19772591 -0.02782524
v 0.58172083 0.13264711 0.04707953
v -0.53037822 0.39985818 -0.07644741
v -0.61569268 0.27881318 0.03571063
v 0.81302303 -0.13309576 -0.04792214
v -0.87810194 0.28815305 -0.01653744
v 0.47131792 0.40757528 0.07379900
v 0.18472701 0.46201277 0.00423427
v -0.64548171 0.40145531 0.07060353
v 0.61748970 -0.04924022 0.04635847
v -0.89144248 0.37597799 -0.04319571
v -0.86535984 0.30786246 0.05809099
v 0.65416735 -0.31917572 0.03323218
v -0.86148888 0.28030309 -0.00929588
v -0.88643694 0.35017207 -0.06365104
v 0.76230818 0.46475840 0.03764109
v 0.23555061 0.17683439 0.04229964
v -0.01465164 0.12838483 0.03478638
v 0.44362283 0.44033009 0.04445067
v -0.69548833 0.32120749 0.07800303
v 0.02465570 0.46766683 0.00806113
v -0.84698910 0.40629601 -0.07104845
v -0.39723927 0.40558773 -0.07479764
v 0.68017632 0.44537935 0.05247449
v 0.60631251 -0.20802169 0.01445621
v -0.14731508 0.17797932 0.07492755
v -0.43239200 0.33992514 -0.08710232
v 0.86984307 -0.46556857 0.02190699
v 0.14408264 0.22105698 0.09171984
v -0.41860312 0.41561285 0.06217998
v -0.82446450 0.41055793 0.06250773
v -0.39740920 0.28097096 0.06439897
v 0.48221800 0.16413884 0.04315662
v 0.66226572 -0.47387180 0.01069954
v 0.37121958 0.43362814 -0.05746767
v 0.65000772 -0.39651284 0.02408313
v -0.55821675 0.44772270 -0.03745018
v 0.69387436 0.45919934 0.02931121
v -0.47928664 0.43263853 0.04635032
v -0.88156641 0.42860362 0.00442311
v 0.78538293 0.16150929 -0.01240558
v -0.81599575 0.31689367 -0.07458422
v -0.19169784 0.25203842 -0.05360032
v 0.43964744 0.25240207 0.00733272
v -0.03803716 0.46505451 0.01769985
v 0.74543923 0.13611570 -0.05249413
v 0.25550199 0.27123106 0.03933645
v 0.39045197 0.24910051 -0.01517168
v 0.73639452 0.45265573 0.04774119
v 0.03665185 0.12266432 0.01997751
v -0.60315746 0.44241446 0.03446636
v 0.88274294 -0.43848303 0.01371832
v -0.42700303 0.44924584 0.02960486
v 0.83761227 -0.47640094 -0.01266189
v 0.55975020 0.06205502 0.01488444
v 0.23927163 0.45928812 0.00832484
v -0.45991588 0.28831598 0.07160404
v 0.84446937 -0.20890018 0.02838388
v -0.65195066 0.31353199 -0.07961415
v 0.62685454 -0.27166578 -0.03498179
v -0.45405889 0.27966186 0.05738087
v -0.20802885 0.25678179 0.03863202
v -0.44602704 0.27743608 -0.04381402
v -0.13605078 0.20607165 0.08108248
v 0.85110724 -0.20859931 0.01178855
v 0.22395189 0.24961983 -0.04671317
v 0.70000392 -0.47199088 0.01901715
v -0.02067918 0.45347679 0.02956295
v 0.80217665 -0.44773525 -0.03417164
v -0.08097158 0.46648568 0.01600990
v -0.73744589 0.42193496 -0.05943584
v -0.04897773 0.14158200 -0.05708611
v 0.19635917 0.26597071 0.08111529
v 0.31872106 0.17930377 -0.01118599
v -0.01432100 0.15718076 -0.06673201
v -0.65201902 0.29407579 -0.06573998
v -0.48971602 0.36699560 -0.08491725
v 0.60830015 -0.20873618 -0.02592492
v -0.17854197 0.24451925 0.05612995
v 0.34156770 0.32203516 0.08688176
v -0.53079647 0.28939959 0.06702871
v 0.84272963 -0.27126908 0.03561555
v 0.44252014 0.44728553 -0.03860755
v 0.04298194 0.15037166 -0.05979187
v 0.46784887 0.22230214 0.03026762
v 0.81845850 -0.02226498 0.03363770
v 0.86324191 -0.29831570 0.01389180
v 0.09195034 0.45242155 0.03126146
v -0.70678031 0.42550281 0.05120533
v 0.81712914 -0.03956284 0.03890371
v -0.78160906 0.44580239 -0.00124038
v 0.54541802 0.44406942 0.00722811
v 0.84717631 0.39151332 -0.05044836
v -0.29118460 0.29012862 -0.08344293
v -0.84710580 0.38154852 -0.08077288
v 0.82458723 -0.04510979 -0.02764552
v 0.24502514 0.21862438 0.00527763
v 0.63652796 -0.21925972 0.03848464
v 0.40609640 0.28393486 -0.07280753
v 0.86878443 0.26113918 0.00027574
v -0.78713560 0.31932822 0.07352271
v 0.41575858 0.17914008 -0.04146777
v 0.81405693 -0.00766357 0.03586440
v -0.87672156 0.33092675 -0.07264774
v 0.29115894 0.22212693 -0.03224918
v 0.08762883 0.12205615 0.00023019
v -0.03052595 0.11797080 0.00633337
v 0.61800081 0.45109630 -0.03143813
v -0.74455237 0.28252006 0.03695842
v 0.21274607 0.15958636 0.05083517
v 0.83333486 0.40999222 0.05419368
v -0.01891082 0.12086037 -0.02404046
v 0.47295615 0.44694388 -0.03318675
v 0.41088712 0.25831851 0.00249541
v 0.57782078 -0.04859973 -0.01810572
v -0.77940178 0.43949327 -0.03194322
v 0.51548821 0.27588868 0.05104186
v 0.19858974 0.24312490 0.07594588
v 0.31464893 0.20076109 -0.04255844
v -0.07030605 0.12643950 -0.04119852
v 0.83327204 -0.47015628 0.02139935
v 0.80491322 0.20434311 -0.00474888
v 0.32152084 0.23866053 0.04438890
v 0.06050938 0.45533621 0.02820327
v 0.85812473 -0.25227687 -0.00964172
v 0.08251644 0.45193785 -0.04062706
v -0.57891631 0.28805014 0.06051150
v 0.37344941 0.15226060 -0.02541830
v -0.15348779 0.11381263 -0.00004178
v 0.31777573 0.18545701 -0.03438987
v 0.12490084 0.27612793 0.09198631
v 0.56431580 0.03347692 0.01291986
v -0.29995698 0.27914977 -0.07123583
v -0.54871178 0.33059296 0.08383809
v 0.33383894 0.17123276 0.03057299
v -0.74419445 0.40123776 -0.07430679
v 0.86057699 0.28959310 -0.05062040
v 0.58489883 0.43489143 0.05351641
v -0.88399184 0.31308854 0.04301610
v 0.26184475 0.40963736 0.07188160
v 0.16439082 0.46200144 0.01903616
v 0.63711363 -0.27300295 0.03400586
v 0.77947390 0.01325250 0.04687040
v 0.19634272 0.41809905 0.06485119
v -0.19639996 0.24740022 0.04745230
v -0.27493384 0.27931014 0.07199726
v 0.63063693 -0.36905673 0.00416121
v 0.24500497 0.30669576 -0.08979257
v -0.76745266 0.40615311 0.06644478
v 0.36541304 0.22063363 0.02395521
v 0.41974846 0.18446837 0.03546298
v -0.44987243 0.37865180 0.07857582
v 0.18260598 0.23197763 0.08841164
v 0.78441066 -0.44778088 -0.03424722
v -0.55241704 0.27746451 0.02203398
v 0.31808996 0.44292891 0.04216328
v 0.55150020 0.11283480 0.01471042
v -0.77321446 0.27831692 0.01021952
v -0.87652284 0.42765173 0.03368155
v 0.21855514 0.17032509 -0.05925519
v 0.66181087 -0.11893103 0.04599308
v 0.21790600 0.19512077 -0.06557933
v -0.45907465 0.28427783 -0.07049855
v 0.43345878 0.15827960 0.03960441
v 0.29138219 0.44746816 0.03712032
v 0.62690485 -0.30756202 0.02168303
v -0.13901305 0.13279533 -0.05226862
v 0.81202406 0.32185397 0.07535127
v -0.13453247 0.29198462 0.09049820
v -0.58374333 0.28803921 -0.06370868
v 0.20315291 0.14850177 -0.04988547
v -0.08778275 0.12509127 0.03512901
v 0.79413539 0.09270587 -0.03957380
v -0.42099544 0.34329715 0.08361852
v 0.65124494 -0.46864629 -0.01372173
v -0.74808985 0.30159649 -0.06802808
v -0.26451758 0.30443916 -0.08963451
v -0.50150526 0.40838331 -0.07235809
v 0.64438349 -0.44460359 0.00375818
v 0.51724631 0.37341222 0.08146705
v 0.76663995 -0.47189626 0.01911528
v -0.36492947 0.46343467 -0.02291244
v 0.55718124 0.15783945 0.04521044
v -0.27262536 0.28338778 -0.07946124
v -0.71759021 0.44671491 -0.02279081
v 0.64831805 -0.33201265 -0.03590301
v 0.24104246 0.26597965 0.01773555
v -0.58494353 0.42371538 0.05380170
v 0.73505473 0.46633157 -0.00653269
v 0.39713183 0.43664190 -0.05479211
v 0.38717732 0.20284970 0.02253908
v 0.66171497 -0.37858996 0.02947770
v 0.79256660 0.12441215 0.01220464
v 0.86294973 -0.30842313 -0.02139635
v 0.28814709 0.22342683 -0.01177407
v -0.13591078 0.41411635 0.06579396
v -0.21731375 0.40753204 0.07077765
v 0.43627664 0.19690569 0.02220224
v -0.67755347 0.39916447 0.07158919
v 0.59011203 -0.11140095 0.01932873
v 0.52729207 0.30077761 0.06946748
v 0.36560047 0.21224567 -0.03899052
v -0.51598054 0.29828519 -0.07871622
v -0.75518030 0.28496659 -0.04554375
v -0.21169691 0.27706692 -0.07275996
v 0.82683671 -0.20005317 -0.04437522
v -0.05141913 0.12306590 0.02840864
v -0.23184419 0.40938655 -0.07326321
v 0.82361603 0.46914029 0.02325202
v 0.81406730 -0.04930198 -0.04539386
v -0.50473863 0.35262236 0.08228888
v 0.69557065 -0.47638586 -0.01265736
v 0.33496568 0.41613087 0.06794970
v 0.44747543 0.18308979 0.04087376
v -0.76549864 0.42404425 -0.05756394
v 0.76538742 0.18614790 0.04500424
v -0.01684190 0.46866295 0.00948532
v 0.62755936 -0.35126770 0.00425995
v 0.86518586 -0.42224142 0.02777888
v -0.73991513 0.38036093 0.07732540
v 0.79352301 0.07508950 -0.04311296
v -0.47313169 0.29431948 -0.07736728
v -0.00147829 0.15385155 0.05989049
v 0.60314584 0.44032916 -0.05463727
v 0.17553851 0.15310381 0.05235530
v 0.83246607 -0.35598686 0.03401701
v -0.84860420 0.31785083 -0.07382409
v 0.82947671 0.24864641 0.04534787
v 0.17784269 0.20525260 0.08581058
v 0.59985018 -0.12897106 0.03519706
v 0.56440157 0.03933526 -0.03707099
v 0.22957648 0.24691987 -0.01393310
v 0.82833862 -0.06696086 -0.02867321
v 0.87946337 -0.41876745 -0.01709168
v 0.87116182 -0.36835641 -0.02457056
v -0.44111738 0.28442270 -0.07243860
v 0.28228691 0.29168826 0.08511754
v -0.88874120 0.41758958 -0.00977763
v -0.25289959 0.47066665 -0.00040882
v -0.53480309 0.45354939 -0.02708678
v 0.44670343 0.26287746 -0.04639876
v 0.36773068 0.24000992 0.03340645
v 0.83914065 0.41557112 -0.05373449
v 0.53414190 0.41221121 -0.07478280
v 0.67541969 -0.32831949 0.03502618
v 0.23447315 0.22814871 0.03116579
v 0.53351504 0.37504777 -0.08533307
v 0.23350216 0.29187772 0.09039249
v 0.31702915 0.29593599 -0.08734582
v 0.41208062 0.26038340 0.02641105
v 0.85991502 0.37738240 -0.02459590
v -0.25720459 0.37705147 0.07958164
v -0.12300880 0.15512571 -0.06972714
v -0.18960421 0.17002425 -0.07090894
v -0.71414703 0.44230551 0.02761107
v -0.38860992 0.29393491 0.07892762
v 0.14617904 0.38173696 0.08012978
v -0.59897625 0.37677136 -0.08311903
v 0.51092142 0.44538641 0.02572365
v 0.83535987 0.46110928 -0.01348935
v 0.22590451 0.41166130 0.07068653
v 0.59528488 -0.15879320 0.00164159
v 0.17684205 0.13015650 -0.02769082
v 0.16304338 0.12514585 0.00927215
v 0.40576962 0.28556183 0.07075986
v 0.29521126 0.42324302 0.06080033
v 0.23384392 0.17152354 -0.04991932
v 0.83802581 -0.12131289 -0.01037565
v 0.62657267 -0.31645793 -0.02125994
v 0.54814756 0.21284619 0.05002975
v 0.58323324 -0.08253977 -0.01569556
v 0.10633331 0.12301788 -0.01726006
v 0.75689173 0.24740744 -0.06659576
v 0.86822456 -0.31577262 -0.00441979
v -0.03895098 0.26523045 -0.09225514
v 0.61880928 -0.27944887 0.02136599
v 0.54764128 0.26904768 0.06128547
v -0.55120504 0.42692924 -0.05673239
v 0.79986721 0.47373098 0.01776008
v 0.26622033 0.25052032 0.00486242
v -0.69827688 0.32325956 -0.08161731
v -0.86209255 0.28592038 0.02796513
v -0.82036650 0.31468940 0.06913546
v 0.80118549 0.02301137 0.04103764
v 0.42628956 0.44784778 0.03088994
v 0.44911966 0.14657304 -0.02837465
v -0.20700233 0.21458322 0.02539306
v -0.80537182 0.28140029 0.02628911
v -0.79933089 0.28646231 -0.04385126
v 0.17802465 0.26735115 -0.09051765
v -0.33455753 0.27724007 0.04815682
v 0.20312148 0.13487227 -0.03315876
v 0.58130383 0.09104286 0.04650027
v 0.81707031 0.39295977 0.07258384
v -0.67508686 0.28704271 -0.05524236
v 0.64023805 -0.07936528 0.04705791
v -0.41826740 0.46333027 0.00544128
v 0.61014128 0.02697979 -0.05248138
v -0.75034851 0.34725967 0.08080337
v 0.52691048 0.14351815 -0.01466590
v 0.59251994 0.11479901 -0.05248041
v 0.76663762 -0.47762278 -0.00000000
v 0.80823123 0.04377241 -0.01984444
v 0.05206923 0.12895101 -0.03518509
v 0.10389774 0.46495220 0.01262690
v -0.63256019 0.44932112 0.02058644
v -0.48783639 0.45851228 -0.01807210
v 0.29150251 0.29804254 -0.08970414
v 0.78218716 0.11110695 0.04179511
v 0.44235399 0.14449894 -0.00794441
v -0.22133075 0.27027065 -0.03925708
v 0.13099228 0.12438293 -0.01795835
v -0.18046311 0.29673338 0.08977483
v -0.51297885 0.43446279 0.04432838
v 0.12222216 0.45547855 0.02811179
v 0.60186660 -0.19859652 -0.00550659
v 0.77179569 0.04386159 0.04689682
v 0.83372647 0.46316463 -0.03213055
v 0.81265259 0.02083657 0.01062158
v 0.21998617 0.45952815 -0.02134579
v 0.63095802 -0.28976661 -0.03426317
v 0.52092522 0.27281827 -0.05525649
v 0.63625270 0.42836228 0.06224925
v 0.57296669 0.37169790 0.08085008
v 0.82577109 -0.06698211 0.03042291
v -0.27813467 0.40713221 -0.07452204
v -0.42193216 0.28116369 -0.06585526
v 0.83296221 -0.08768714 -0.02100809
v 0.22447792 0.22633584 0.04901650
v 0.37524509 0.21128049 -0.02639215
v 0.83994198 -0.30910388 0.03594468
v -0.61403817 0.27750629 -0.02109651
v 0.52319020 0.24638058 0.04245462
v 0.57587844 -0.00478320 0.03474413
v -0.51083696 0.33044466 -0.08726970
v 0.49536568 0.32215720 0.08105548
v 0.87929469 -0.46836242 0.01038911
v -0.11155953 0.18147202 0.07745669
v -0.54639482 0.27794892 -0.03814889
v -0.86564833 0.43221411 -0.03602796
v 0.64869910 0.35668787 -0.08561011
v 0.17019105 0.29525235 -0.09059247
v 0.09479295 0.46547255 -0.01897709
v -0.21116115 0.22778845 -0.01494252
v -0.80627882 0.27848235 -0.01127927
v 0.64715952 0.39974955 -0.08085295
v 0.65320379 -0.25218290 0.03836975
v -0.07396621 0.40867475 -0.07464672
v 0.75576591 0.16407607 -0.05099205
v 0.58619583 -0.07483142 -0.03877829
v 0.58911145 0.33590037 -0.08510616
v 0.58055747 0.44701892 -0.03349450
v -0.04184660 0.46801519 -0.02320129
v 0.55386001 0.11278153 -0.03300070
v -0.05716261 0.47307968 -0.01238643
v 0.35660836 0.25928885 -0.05443322
v 0.80057126 0.07273488 0.03328815
v 0.54706419 0.44322333 -0.03771889
v -0.88747823 0.32540029 -0.05131001
v 0.85331607 -0.26271164 -0.03392123
v -0.67803425 0.44664311 -0.02767658
v 0.45455328 0.31386918 -0.08443323
v 0.87333196 -0.44021294 0.02443680
v 0.55008674 0.12169665 0.00402192
v 0.52225083 0.17649080 0.04491562
v 0.59253651 -0.13186651 0.01368785
v 0.57222593 0.13075227 -0.05164552
v 0.61180395 -0.13870032 0.03872142
v -0.60048991 0.28999707 0.06046202
v 0.43813616 0.20298956 0.00264063
v 0.34737965 0.45379040 -0.01049849
v 0.26264018 0.26185000 -0.03653178
v 0.46031183 0.43606648 -0.05435044
v 0.53083485 0.41772228 0.06743830
v 0.34730738 0.16109394 0.02497616
v 0.12149400 0.41275597 0.06914516
v 0.16282319 0.41355574 0.06854008
v -0.61896151 0.29046690 0.05947499
v 0.40917873 0.31185693 0.08351444
v 0.56604731 0.28931147 0.07135834
v -0.17066309 0.47443894 -0.01288116
v 0.28801572 0.25247341 -0.04881889
v -0.19714731 0.19864231 0.05660694
v -0.70142907 0.28131884 -0.04156222
v 0.68413949 0.36983863 0.08107726
v 0.00709453 0.12112440 -0.02250798
v 0.13238351 0.13521793 0.03648415
v -0.58653682 0.33941188 -0.08675403
v 0.84854406 0.41328692 -0.02895013
v 0.82674426 0.38932312 -0.06933618
v 0.08581484 0.38015008 0.08018307
v 0.83313769 0.31114081 -0.06688672
v -0.33552849 0.28556329 -0.07834055
v -0.13954140 0.47548825 -0.01298671
v 0.10605349 0.15344441 -0.05954165
v 0.68861723 0.40194982 -0.08013700
v 0.71248686 0.45466056 0.04354930
v 0.62236452 -0.22690734 -0.03826910
v 0.74891204 -0.46661437 -0.02604629
v 0.65799439 -0.21227030 -0.04650821
v -0.55963552 0.45722851 -0.00498495
v 0.19350299 0.28453484 0.09092008
v -0.20828348 0.29721388 0.08924883
v 0.81612021 0.24846564 -0.05323977
v 0.25392538 0.29559356 0.08929574
v 0.60635370 0.18715805 0.04794192
v 0.07569840 0.14233316 -0.05304445
v -0.36874446 0.30960673 -0.08805765
v 0.84269470 0.24816954 -0.04155831
v 0.59253448 0.04395847 0.04648896
v -0.86960649 0.38310656 0.07372751
v -0.65964687 0.36661392 0.07994642
v 0.79883987 -0.19084099 -0.04762539
v 0.23210451 0.26498961 0.04711969
v 0.66457307 0.41593254 0.07041772
v 0.83786160 -0.22623900 0.03657466
v -0.66509438 0.33919886 -0.08584543
v -0.52124059 0.40248913 0.07097297
v 0.65684956 -0.46517268 0.02041986
v 0.75534600 0.06024316 -0.05248602
v -0.75527555 0.44438419 0.01945724
v 0.49996895 0.40972406 -0.07656348
v 0.86282706 0.29138726 0.04791256
v 0.12641118 0.40594995 -0.07745489
v 0.41752478 0.44621339 -0.04352317
v -0.31387490 0.32396957 0.08631445
v 0.71439457 0.46261713 -0.03080495
v 0.84083164 0.33747026 0.06184167
v -0.35301813 0.37465599 0.07970578
v -0.83846760 0.27898535 0.01166818
v -0.50803602 0.45949432 0.00015987
v 0.08284970 0.12764268 0.02612213
v 0.43346989 0.15252377 -0.03810528
v -0.12179474 0.47521722 -0.01304566
v 0.21956727 0.27533552 0.08035602
v 0.67619610 0.43941209 -0.06114246
v 0.36342803 0.15353511 0.00201201
v 0.58039558 0.00395868 -0.04376272
v -0.20183115 0.24774520 -0.04673965
v -0.30834275 0.27711859 -0.04660645
v 0.81677717 0.35724002 -0.07815856
v 0.19252481 0.40212053 -0.07904958
v -0.33889753 0.46070948 0.01940401
v -0.66361111 0.33053523 0.08135558
v 0.77238387 0.25319868 0.06273147
v 0.07759292 0.41386133 0.06775031
v 0.73915118 0.31428832 -0.08162007
v 0.67394298 -0.28892073 0.03720705
v -0.13012420 0.25388846 -0.07867462
v 0.82185698 -0.44700325 -0.03399986
v 0.51756376 0.14630871 -0.03042198
v 0.70780510 -0.44507191 -0.03383888
v 0.81326908 -0.26551139 0.03847357
v -0.03465233 0.13958026 0.05019664
v -0.24568367 0.27694845 0.05827250
v 0.54221958 0.13128054 0.00482883
v -0.32690090 0.45853484 -0.03219335
v 0.81241238 0.00358415 -0.03905709
v 0.76007253 0.46355262 -0.04300389
v -0.25610030 0.37190953 -0.08492039
v 0.28037059 0.23731852 0.02337208
v -0.81612194 0.37800333 -0.08219145
v -0.10067266 0.18065509 -0.08006912
v -0.45088732 0.40871412 0.06705388
v 0.02742930 0.13105348 -0.04038345
v 0.55432439 0.12897655 -0.04159351
v -0.16101518 0.29106274 0.09046450
v 0.52496719 0.14469424 0.02325007
v 0.36723837 0.22506015 0.00876196
v 0.82161880 0.22102889 0.02650257
v -0.47691941 0.28457740 0.06585524
v 0.77870876 0.16417733 0.03759970
v -0.09572516 0.12001429 -0.02889105
v -0.37964460 0.28089777 0.06722235
v -0.48785058 0.27773446 0.04154504
v 0.01140351 0.37286174 -0.08539174
v 0.41299847 0.14622022 -0.01116176
v 0.76236087 0.35837707 -0.08568319
v -0.28446817 0.28728679 0.08125349
v -0.77933747 0.40222433 -0.07374576
v 0.53784603 0.29909879 -0.07542427
v -0.13081421 0.15224877 0.06248386
v -0.16500436 0.41002321 -0.07321301
v -0.43278685 0.41048935 -0.07123967
v 0.57458091 -0.02401257 -0.02823794
v -0.77196467 0.27913058 -0.02244858
v -0.10404630 0.13330698 -0.05130224
v 0.58855188 -0.09071176 -0.03356570
v 0.76664472 -0.46978804 -0.02389494
v -0.73708022 0.41108838 0.06274626
v 0.29752445 0.23301400 -0.04454568
v -0.43228358 0.27737027 0.04185812
v 0.33378050 0.25868437 0.05225029
v 0.64973462 -0.42150453 -0.02421552
v 0.34530914 0.23704641 0.04042737
v 0.56126362 0.06618146 0.03507894
v -0.72820175 0.33387858 -0.08401231
v 0.73339456 0.18480471 0.04768782
v -0.84238094 0.35009941 0.07911603
v 0.25311172 0.26386020 -0.01448344
v 0.23425996 0.25661075 -0.00888162
v 0.53498250 0.21130168 -0.04785196
v 0.80356926 0.05810061 0.02868440
v 0.33980060 0.28993797 0.08082590
v -0.26196927 0.29166886 0.08438244
v 0.83957362 0.27118725 -0.05272222
v 0.17709003 0.17969066 0.07044981
v -0.25493282 0.27694350 0.00281133
v 0.78440881 -0.47189471 0.01911638
v -0.25839669 0.27702460 -0.04574497
v 0.85168892 0.39826286 0.03531901
v 0.25918931 0.38842878 -0.08373729
v 0.56660497 0.01921570 -0.02080881
v -0.89152676 0.31760231 0.02250815
v -0.37355882 0.41260812 0.06485859
v 0.07719480 0.15394357 0.05670534
v -0.11402702 0.21481355 -0.08630509
v -0.14756896 0.22100829 -0.08091562
v 0.84568781 -0.41791809 0.03060643
v 0.80728787 0.22066583 -0.04340555
v 0.65913129 -0.39995071 -0.03113385
v 0.85846871 -0.40409598 -0.03520637
v 0.66190177 -0.44182712 0.02466974
v 0.14595816 0.15443404 -0.05867215
v 0.12955634 0.15498103 0.05537596
v -0.56734025 0.40250981 -0.07514194
v -0.21164924 0.28333488 0.08077505
v 0.27306366 0.42191654 -0.06671899
v 0.83694220 -0.12103783 0.02068972
v -0.89164358 0.32229993 -0.02600133
v 0.20091520 0.25764382 -0.07666631
v -0.63460267 0.43010166 0.04716905
v 0.85456663 -0.22822723 0.00065683
v 0.42546782 0.45008367 -0.00347147
v 0.83448237 -0.28240189 -0.04187234
v 0.67779136 0.18425512 -0.05265745
v -0.01114660 0.26805624 0.09237213
v 0.77936417 0.34334517 0.08107079
v -0.84897625 0.35174069 -0.08362818
v 0.37628460 0.16582832 0.04247335
v -0.22875983 0.29061198 -0.08756376
v -0.05435654 0.16899067 0.07094064
v 0.57497442 0.05719673 -0.04780007
v 0.06230345 0.26617467 -0.09215985
v -0.68587470 0.44375864 0.02756196
v 0.64459842 -0.15861146 -0.04918870
v 0.46651709 0.43364349 0.05155654
v -0.37687072 0.46219546 0.01451082
v -0.65015841 0.30116823 0.07042406
v 0.37199584 0.35448709 -0.08694592
v -0.75894910 0.33455196 -0.08316530
v -0.33575296 0.41204107 0.06597752
v -0.20940270 0.25753292 -0.03995966
v -0.16817275 0.45825559 0.02380803
v 0.08886690 0.41233164 -0.07305092
v -0.21475402 0.30542076 -0.08961711
v 0.53786367 0.44047445 0.04062429
v -0.63891977 0.43082476 -0.05252992
v -0.13503568 0.45909774 0.02327653
v -0.44268212 0.30723810 -0.08543895
v 0.77092361 -0.43945768 0.02966585
v 0.55517298 0.08848830 -0.02118978
v 0.86031669 0.37683815 0.01651973
v -0.17353396 0.38679066 0.07813790
v 0.09227315 0.37366730 -0.08545585
v 0.60227877 -0.17281924 0.02675346
v 0.14443547 0.19736549 0.08306942
v -0.06150511 0.45630094 0.02662560
v 0.03468485 0.41310480 0.06816730
v 0.85513592 -0.45888698 -0.03011258
v 0.65901828 0.45719758 -0.01702533
v -0.31263953 0.46599212 -0.02067919
v 0.06912871 0.46251425 -0.02969185
v -0.19386987 0.45760983 -0.03416837
v -0.09417950 0.47331133 0.00135920
v -0.17725855 0.13707806 0.05054809
v 0.82744491 -0.31423417 -0.04127590
v 0.38285077 0.42982709 0.05556062
v -0.62762767 0.33431739 -0.08635196
v -0.84287632 0.44365457 -0.00047851
v -0.66505450 0.28878912 0.05414276
v -0.60172683 0.41195688 -0.06929761
v -0.34848672 0.31238046 0.08693171
v -0.45903331 0.44628465 0.03286456
v -0.69681102 0.27754852 -0.00275041
v -0.73508233 0.27749723 -0.00306517
v -0.61473876 0.36395210 0.08059434
v -0.35278299 0.28642732 -0.07910125
v 0.39561388 0.35560504 0.08369194
v -0.51382631 0.28157601 -0.06051755
v 0.69523752 -0.39533654 -0.03694933
v 0.50530845 0.14361471 -0.01495812
v 0.45672286 0.31764877 0.08192617
v 0.62461603 -0.22855936 0.03445300
v 0.10843007 0.20436558 0.08927699
v 0.61034173 0.38855472 -0.08384980
v 0.40139785 0.15371118 -0.03935295
v 0.35495389 0.22463234 0.03407373
v 0.64877814 -0.17437936 0.04293442
v 0.61151201 0.42349517 0.06501624
v 0.00341918 0.11999328 0.01221608
v 0.37634063 0.28410563 0.07339855
v -0.16175824 0.19983646 0.07575294
v -0.66116351 0.27811235 -0.02620419
v -0.80078405 0.30178759 -0.06408629
v 0.74888593 -0.47636160 -0.01279802
v -0.15152390 0.15538545 -0.07066627
v -0.12141359 0.13231345 0.04552465
v 0.79658014 0.10614781 -0.00126077
v -0.00833252 0.20278129 0.08850991
v 0.46593300 0.36655587 0.08243523
v -0.45014629 0.45732623 -0.02596422
v 0.79225749 -0.01349192 -0.05117484
v 0.57262689 -0.01930527 0.00058481
v 0.74330205 0.07399611 0.04704126
v -0.08089562 0.15054931 -0.06496796
v -0.16647655 0.25713232 0.06225140
v -0.02197300 0.20576628 -0.08989947
v -0.58092660 0.45329532 0.01304625
v 0.44057709 0.41249639 0.07168727
v 0.03405724 0.20347922 0.08910371
v 0.49555278 0.18458319 0.04433097
v -0.55259013 0.28396791 0.05836456
v 0.65828121 -0.25368103 -0.04408145
v 0.85635203 -0.28026897 0.02520796
v 0.29062384 0.27209547 0.06413018
v 0.69148129 0.18366574 0.04720532
v 0.60414284 0.32919896 0.07979468
v 0.34287110 0.45196170 0.02365272
v -0.87810773 0.40357852 0.05743004
v -0.56433868 0.44637957 0.03036371
v 0.23533945 0.21105348 -0.04559249
v 0.23271766 0.27619717 -0.07435913
v -0.43670231 0.44551790 -0.04240448
v -0.36519757 0.27751637 -0.05445025
v 0.73750871 -0.44633633 -0.03429059
v -0.20440653 0.26596665 -0.05573450
v 0.73938626 0.37589079 0.08073920
v -0.46817228 0.40677598 -0.07363451
v -0.32658932 0.29922566 -0.08741180
v -0.80923504 0.44410086 -0.01530557
v -0.36605614 0.27755117 0.05225222
v -0.60512197 0.45248029 -0.02068731
v -0.89195591 0.38848194 -0.01772476
v 0.48649210 0.21058603 -0.04353046
v 0.77224547 0.42454094 -0.07081731
v 0.00721390 0.45781621 0.02560123
v 0.72798663 0.43060482 0.06202985
v -0.89180452 0.36842164 0.03447617
v -0.21729234 0.33237985 0.08536904
v 0.85239291 -0.33407640 -0.03789010
v -0.81154740 0.43101606 -0.04746633
v -0.87522757 0.29846033 0.04226358
v -0.35884404 0.40438801 -0.07566625
v 0.34280616 0.37697524 0.08106375
v 0.68807971 -0.33713713 -0.04009874
v -0.77397639 0.29863077 0.05845085
v -0.14470424 0.37209111 -0.08519164
v 0.58282292 -0.01777373 -0.04348951
v 0.80611885 -0.15560171 0.04371409
v 0.21216398 0.24763690 0.06295738
v 0.86490601 0.35136035 -0.03679335
v -0.79259467 0.42458406 0.05140187
v 0.85007423 0.36659315 -0.05432506
v 0.48220825 0.15118940 -0.03854879
v 0.73788786 0.39576167 -0.08205682
v 0.79716128 0.47390175 -0.01270994
v -0.72205824 0.29436380 0.05699212
v 0.49995950 0.15915783 0.04241392
v 0.13120589 0.45017362 -0.04230600
v 0.44939414 0.21880427 -0.00003209
v -0.30371904 0.39202595 0.07632885
v -0.33681509 0.29238105 0.08111034
v 0.24178374 0.15669586 0.01300687
v 0.59252852 0.44880933 0.02743358
v -0.21476464 0.25366506 -0.01246966
v 0.07009743 0.20236102 -0.08914709
v -0.84255147 0.28013924 -0.02050782
v 0.20395042 0.29465157 -0.09033462
v 0.78395009 0.14672786 -0.03995113
v -0.54775459 0.36225700 -0.08535571
v 0.34712020 0.40057778 -0.08047558
v -0.81818193 0.42908469 0.04428894
v -0.81489688 0.40903538 -0.06980028
v 0.86492568 0.25924119 -0.03413525
v 0.17975998 0.45317084 -0.03861871
v 0.43833742 0.26597410 0.03868460
v -0.17896816 0.41566920 0.06384082
v -0.67426002 0.40092048 -0.07512298
v 0.78161228 0.29237843 0.07196983
v -0.32019183 0.41159365 -0.07105841
v 0.50040793 0.41435146 0.07002734
v 0.22142489 0.26139373 -0.06259948
v 0.58284146 0.15694991 0.04691591
v 0.13965537 0.13668314 -0.04220457
v 0.58490735 -0.05836467 -0.04069954
v 0.47331086 0.23836470 0.03353496
v 0.84591562 -0.38689783 0.03189720
v 0.66066349 -0.41758186 0.02610573
v 0.21548977 0.27736372 -0.08396989
v 0.46456647 0.14640920 0.02321536
v 0.57140428 -0.00121538 -0.02984390
v -0.03200367 0.47256848 -0.00701382
v -0.05568555 0.41288486 0.06744657
v -0.09442880 0.41001907 0.06991308
v 0.03802447 0.15151167 0.05663429
v -0.67150533 0.42806053 -0.05467764
v 0.48661047 0.27387619 0.05115100
v 0.42094490 0.34104195 -0.08743999
v -0.20003137 0.16748734 -0.05028003
v -0.71715909 0.37441623 -0.08339479
v 0.56998324 0.11025176 -0.04959921
v 0.58299643 -0.06974415 0.02676693
v -0.68862772 0.36188951 -0.08528943
v -0.67916399 0.28072295 0.03867766
v -0.20247208 0.19548592 -0.05176556
v 0.87514079 0.32599717 -0.02399649
v 0.17855172 0.44407037 0.04043683
v -0.78088444 0.37218171 0.07891411
v -0.24173260 0.28069404 0.07694006
v 0.19494145 0.43310907 -0.05674247
v -0.19905597 0.15272138 0.03541923
v -0.12172306 0.11466617 0.00010954
v -0.04877291 0.37969348 0.07982928
v 0.63808703 0.44742054 -0.05001583
v 0.15801583 0.37332088 -0.08558150
v 0.80814898 -0.18821763 0.04228903
v -0.79803979 0.34232736 -0.08368694
v 0.01426772 0.41215444 -0.07270853
v 0.31164727 0.36529198 -0.08624425
v -0.11206288 0.21906024 0.08535351
v 0.85441107 -0.28036371 -0.03483541
v -0.80056477 0.29775602 0.05566342
v 0.24314457 0.17514814 -0.03208792
v 0.77494144 -0.02707979 0.04704320
v 0.52285981 0.33546120 -0.08540216
v 0.29498726 0.39621586 -0.08140937
v 0.61864120 -0.29770011 0.00557334
v 0.79156774 -0.03509162 -0.05206667
v 0.26099014 0.43422818 0.05071469
v 0.25209737 0.37817305 0.08084319
v 0.17151719 0.14186792 -0.04768668
v 0.73719835 -0.43739295 0.02983830
v -0.29569864 0.41821611 0.06075364
v 0.76262891 0.21005706 0.05249257
v -0.19890366 0.16283832 0.04905351
v 0.07404805 0.20391409 0.08929449
v -0.01058854 0.41104004 0.06960537
v 0.82260531 0.22032854 -0.00732529
v 0.12707078 0.22948650 -0.09211367
v -0.09511407 0.14638047 0.05818480
v 0.27335808 0.25926220 0.04081282
v 0.70351493 0.35935465 -0.08578674
v -0.39971167 0.39048555 0.07631133
v 0.85705519 -0.47750494 -0.01136685
v 0.55531240 0.40923011 0.07317891
v -0.65922683 0.44465092 0.02792360
v 0.27109596 0.31160432 0.08832560
v 0.56399399 0.20654453 -0.05680897
v -0.10783432 0.28046578 0.08883785
v 0.46724802 0.20226775 0.03821623
v 0.62537920 -0.24936950 -0.03681673
v -0.11566068 0.40510330 -0.07706263
v 0.56891578 0.39133257 -0.08322412
v 0.29236418 0.45600501 -0.02328798
v -0.46557572 0.33549899 0.08437528
v 0.57404935 0.07498471 -0.04925881
v 0.76776701 0.14639214 -0.04876241
v 0.51147437 0.44484547 -0.03789815
v -0.06136969 0.37216991 -0.08531482
v 0.64124876 -0.08200185 -0.05254848
v -0.04279959 0.45419776 -0.03799171
v -0.04911008 0.21160200 0.09106580
v 0.69689947 -0.37818864 0.03270586
v -0.17649242 0.23919033 -0.06482112
v 0.46432626 0.15146869 -0.03855161
v 0.64595282 -0.45350221 0.00363096
v -0.20947911 0.24574526 -0.03109195
v 0.83893293 0.23596892 0.02743404
v 0.41017389 0.40638661 0.07455996
v 0.57345349 0.24263696 -0.06565700
v 0.74886948 -0.47190076 0.01911182
v 0.41690388 0.43339953 0.05201064
v -0.58444315 0.27852711 -0.04027209
v 0.32184917 0.21662791 -0.04833377
v 0.46454698 0.14509638 -0.02323156
v 0.23268142 0.25829774 0.02664281
v -0.44569570 0.30995867 0.08427944
v -0.22300893 0.45663777 0.02492912
v 0.77687955 -0.11743505 0.04601416
v 0.19250318 0.18976897 -0.07590657
v 0.81367224 -0.24989446 -0.04461871
v 0.02478285 0.21457216 -0.09150729
v 0.51775205 0.15333371 0.03873243
v -0.19976538 0.38961720 -0.08243026
v 0.87612122 0.30970442 0.03711097
v -0.30365390 0.30584675 -0.08943698
v -0.15220450 0.13343990 0.04830233
v -0.43287230 0.37931439 -0.08309376
v 0.49461779 0.30309954 -0.07720734
v 0.19564778 0.38346475 0.07996203
v 0.85107142 -0.42292550 -0.03591960
v 0.72544593 0.32492000 0.07913551
v -0.26218462 0.27837181 -0.07032530
v 0.86091781 0.25553522 0.02876936
v 0.59792358 -0.03656894 -0.04847123
v 0.62347549 -0.30014190 -0.02414000
v 0.62501371 0.45308211 0.00827121
v 0.05577783 0.27113420 0.09225108
v 0.66566461 0.31447253 -0.08159776
v 0.57047850 0.18633544 0.04781037
f 635 1548 1719
f 1200 242 1204
f 1200 1204 635
f 635 1719 1833
f 1833 1200 635
f 769 1200 1833
f 1427 769 1833
f 441 1195 992
f 995 441 992
f 992 1719 995
f 152 1719 992
f 1548 192 995
f 1548 1293 192
f 1548 995 1719
f 1204 1065 1293
f 635 1204 1548
f 1204 1293 1548
f 242 1065 1204
f 32 1065 242
f 59 32 242
f 1200 59 242
f 976 32 59
f 769 1167 59
f 1167 976 59
f 769 59 1200
f 832 1167 769
f 1427 832 769
f 441 192 561
f 995 192 441
f 441 1203 1195
f 1293 1416 192
f 1167 289 976
f 115 832 1427
f 289 1167 832
f 1529 289 832
f 1529 832 115
f 1534 314 1478
f 1867 314 1534
f 1534 1478 1675
f 1775 1675 1393
f 1393 1064 1775
f 1867 441 314
f 441 561 314
f 1867 1203 441
f 192 1416 561
f 1065 1728 1293
f 1728 1416 1293
f 1728 1065 32
f 1284 1728 32
f 976 1284 32
f 976 1211 1284
f 1211 976 289
f 289 580 1211
f 314 561 398
f 398 1416 1231
f 1416 398 561
f 1416 677 1231
f 677 1416 1728
f 1728 1651 677
f 1284 1651 1728
f 1211 1873 1651
f 1211 1651 1284
f 580 1873 1211
f 398 1794 1478
f 1478 314 398
f 1231 1794 398
f 1917 1231 677
f 1651 1917 677
f 1231 1007 1794
f 1917 1007 1231
f 1651 833 1917
f 1669 833 1651
f 1873 1669 1651
f 223 1669 1873
f 1478 1794 144
f 144 1675 1478
f 1794 1007 144
f 1740 1007 1917
f 833 1740 1917
f 223 1404 1669
f 144 1365 1393
f 1393 1675 144
f 1007 1365 144
f 1740 1365 1007
f 244 1740 833
f 244 833 1669
f 1325 244 1669
f 1404 1325 1669
f 1393 1365 1064
f 1686 1365 1740
f 244 1686 1740
f 1404 1260 1325
f 1064 1365 1133
f 1133 1365 1686
f 244 1900 1686
f 1900 244 1325
f 1325 550 1900
f 1260 550 1325
f 1529 580 289
f 197 580 1529
f 197 1529 115
f 115 1769 197
f 1841 1873 580
f 1841 580 197
f 197 1830 1841
f 1769 1830 197
f 223 1873 1841
f 1305 223 1841
f 1830 1305 1841
f 1280 1305 1830
f 1305 1404 223
f 1305 376 1404
f 1146 376 1305
f 1146 1305 1280
f 376 1260 1404
f 376 869 1260
f 376 1374 869
f 1146 1374 376
f 1146 1178 1374
f 1774 1064 1573
f 1775 1064 1774
f 1793 1573 1484
f 1774 1573 1793
f 1521 1793 583
f 1521 583 586
f 586 942 1973
f 1521 586 1973
f 1973 942 1359
f 1064 1133 1123
f 1573 1064 1123
f 1133 1470 1123
f 1470 1133 1686
f 1686 1903 1470
f 1900 1903 1686
f 1484 1123 269
f 1484 1573 1123
f 1470 269 1123
f 550 1878 1900
f 1878 1903 1900
f 550 1896 1878
f 1470 1606 269
f 1606 1248 269
f 1903 1606 1470
f 1265 1484 269
f 583 1484 1265
f 1484 583 1793
f 1248 1265 269
f 1903 1138 1606
f 1878 1138 1903
f 907 1138 1878
f 1896 907 1878
f 583 1265 712
f 1248 712 1265
f 1768 712 1248
f 1768 1248 1606
f 1768 1606 1138
f 586 583 712
f 1768 507 712
f 1138 1447 1768
f 907 1447 1138
f 907 1771 1447
f 942 586 712
f 507 942 712
f 1022 942 507
f 1577 507 1768
f 1447 1577 1768
f 1359 942 1022
f 1577 1022 507
f 1771 1715 1447
f 869 550 1260
f 869 1168 550
f 1374 1168 869
f 1168 1896 550
f 1374 1550 1168
f 862 1550 1374
f 1550 1896 1168
f 487 1896 1550
f 862 194 1550
f 1747 907 1896
f 487 1747 1896
f 194 487 1550
f 487 395 1747
f 395 487 194
f 1747 1771 907
f 1747 1098 1771
f 395 1098 1747
f 395 1832 1098
f 1098 614 1771
f 1832 614 1098
f 614 1715 1771
f 239 614 1832
f 1528 1973 601
f 1973 1359 601
f 1344 1973 1528
f 601 158 1528
f 1779 1528 158
f 1528 1779 1005
f 1005 1779 199
f 781 1005 199
f 781 1352 1252
f 1005 781 1252
f 1252 1352 1425
f 601 1022 290
f 1359 1022 601
f 1577 290 1022
f 1577 1076 290
f 1577 1870 1076
f 1447 1870 1577
f 1447 1715 1870
f 158 601 1088
f 601 290 1088
f 290 1076 1088
f 1192 1870 1715
f 1467 1192 1715
f 1088 1392 158
f 1076 1392 1088
f 1524 1392 1076
f 1870 1524 1076
f 1779 158 1392
f 1870 1266 1524
f 1192 1266 1870
f 1367 1266 1192
f 199 1392 546
f 199 1779 1392
f 546 1392 1524
f 199 546 1411
f 781 199 1411
f 546 861 1411
f 1524 861 546
f 1266 861 1524
f 1828 1266 1367
f 1352 781 1411
f 1749 1352 1411
f 861 1749 1411
f 1266 1216 861
f 1266 1988 1216
f 1828 1988 1266
f 1425 1352 1749
f 861 1216 1749
f 1828 1673 1988
f 1467 1715 614
f 614 1226 1467
f 1226 614 239
f 1590 1226 239
f 1590 1429 1226
f 1590 773 1429
f 1151 1192 1467
f 1151 1467 1226
f 1226 1429 1151
f 1367 1192 1151
f 167 1151 1429
f 773 167 1429
f 773 1620 167
f 1151 779 1367
f 167 779 1151
f 167 1496 779
f 1620 1496 167
f 779 1828 1367
f 779 749 1828
f 1496 447 749
f 1496 749 779
f 447 1801 749
f 1801 447 980
f 41 980 447
f 749 1673 1828
f 749 1823 1673
f 1823 749 1801
f 1801 460 1823
f 460 1801 980
f 1120 1252 1516
f 1252 1425 1516
f 1516 76 1120
f 1120 76 613
f 1824 613 126
f 1824 1120 613
f 465 1824 1777
f 1824 126 1777
f 465 1777 1582
f 1629 1824 465
f 465 1582 287
f 1629 465 287
f 1629 287 1322
f 156 1516 1425
f 156 1425 1749
f 1749 737 156
f 1216 737 1749
f 76 1516 156
f 737 76 156
f 1216 710 737
f 1988 710 1216
f 1988 1212 710
f 1673 1212 1988
f 113 613 76
f 113 76 737
f 737 1597 113
f 710 1597 737
f 126 613 113
f 1597 126 113
f 1843 710 1212
f 1777 126 1597
f 1597 1089 1777
f 1089 1597 710
f 1843 1131 710
f 1089 1829 1777
f 1829 1582 1777
f 1131 1089 710
f 1843 1880 1131
f 1829 1986 353
f 1829 287 1582
f 1829 353 287
f 1089 1986 1829
f 353 1986 1283
f 1322 287 353
f 1283 1322 353
f 1131 1986 1089
f 1880 1515 1131
f 1823 1187 1673
f 460 990 1187
f 460 1187 1823
f 1187 1212 1673
f 990 835 1187
f 1187 174 1212
f 835 174 1187
f 174 1843 1212
f 1371 174 835
f 1371 835 356
f 1171 1843 174
f 1371 1171 174
f 356 628 1371
f 1163 1171 1371
f 628 1163 1371
f 1880 1843 1171
f 1171 1646 1880
f 1163 1646 1171
f 1646 873 1880
f 1761 873 1646
f 1761 1646 1163
f 1163 450 1761
f 873 1515 1880
f 1761 1177 873
f 450 655 1177
f 450 1177 1761
f 1074 783 57
f 1074 57 859
f 24 1074 859
f 619 24 859
f 57 783 758
f 859 57 1172
f 1318 859 1172
f 1318 619 859
f 57 758 1172
f 758 1356 1172
f 1699 1629 46
f 1629 1322 46
f 1629 1699 1697
f 46 1373 1993
f 1699 46 1993
f 1699 1993 120
f 1699 120 630
f 1699 630 264
f 362 1697 264
f 1697 1699 264
f 1500 630 243
f 630 120 369
f 630 369 243
f 549 264 1500
f 264 630 1500
f 549 1865 362
f 264 549 362
f 305 783 1074
f 305 1074 24
f 305 24 870
f 258 783 1899
f 1899 783 305
f 1139 305 870
f 1905 172 1899
f 1899 305 1139
f 1139 1905 1899
f 904 172 1905
f 1905 1139 51
f 968 1160 51
f 1160 904 1905
f 1160 1905 51
f 1533 968 51
f 1533 51 1139
f 1628 364 968
f 364 1160 968
f 1967 968 1533
f 1967 1628 968
f 1742 1628 1967
f 1967 549 1742
f 549 1500 1742
f 1865 1967 1533
f 549 1967 1865
f 1826 243 1394
f 243 369 1394
f 1826 1742 384
f 384 243 1826
f 384 1500 243
f 384 1742 1500
f 1899 1443 258
f 1443 1899 172
f 486 904 509
f 509 904 1160
f 509 1160 364
f 1628 1232 364
f 1628 1742 1826
f 1628 1826 1232
f 474 1394 392
f 392 1021 474
f 474 1826 1394
f 474 1232 1826
f 758 783 258
f 258 670 758
f 1443 670 258
f 172 1029 1443
f 1029 670 1443
f 1029 172 904
f 904 486 1029
f 1964 486 509
f 364 1964 509
f 1964 364 1232
f 1232 136 1964
f 474 1021 136
f 136 1232 474
f 670 1796 758
f 1796 1356 758
f 1029 1796 670
f 97 1796 1029
f 486 1707 97
f 486 97 1029
f 1707 486 1964
f 1964 316 1707
f 136 316 1964
f 822 1021 935
f 136 1021 822
f 822 316 136
f 1283 1986 804
f 1283 1373 46
f 46 1322 1283
f 1283 804 1373
f 1986 1366 804
f 1131 1649 1986
f 1649 1366 1986
f 1131 1515 1649
f 610 804 1366
f 804 610 1373
f 610 1993 1373
f 1144 1366 391
f 610 1366 1144
f 120 1993 610
f 1144 120 610
f 1649 391 1366
f 1515 1397 1649
f 1144 391 1730
f 369 120 1144
f 1730 369 1144
f 1745 1730 391
f 1649 1745 391
f 1397 1984 1649
f 392 1730 1745
f 1394 369 1730
f 392 1394 1730
f 1984 1745 1649
f 392 1047 1021
f 1047 392 1745
f 1984 1047 1745
f 1984 1847 1047
f 1672 1847 1984
f 1047 935 1021
f 1847 935 1047
f 711 1515 873
f 711 873 1177
f 655 1048 1177
f 800 1515 711
f 1177 55 711
f 55 800 711
f 1048 55 1177
f 1048 1428 55
f 1397 1515 800
f 55 751 800
f 1428 751 55
f 351 1397 800
f 751 351 800
f 751 926 351
f 1763 1397 351
f 726 1763 351
f 926 726 351
f 23 726 926
f 1672 1984 1397
f 1397 1763 1672
f 726 419 1763
f 419 726 23
f 1763 1081 1672
f 419 1081 1763
f 137 1081 419
f 1570 1081 137
f 1081 1010 1672
f 118 1010 1081
f 118 1081 1570
f 1158 118 1570
f 1912 1172 542
f 1912 1318 1172
f 1356 542 1172
f 1356 1676 542
f 1108 1912 1662
f 1912 542 1662
f 1676 1662 542
f 1676 1805 1309
f 1676 1309 1662
f 693 1662 1309
f 693 1108 1662
f 1805 1261 1309
f 693 1309 282
f 282 1309 1261
f 1296 282 1301
f 1296 693 282
f 1033 282 1261
f 1301 282 1033
f 1796 1442 1356
f 97 1442 1796
f 316 1638 1707
f 822 935 1103
f 1638 316 822
f 822 1103 1638
f 1442 1676 1356
f 1652 1442 97
f 1706 1652 97
f 1706 97 1707
f 1638 1706 1707
f 1442 1805 1676
f 1805 1442 1652
f 839 1078 1706
f 839 1706 1638
f 1103 839 1638
f 1706 1078 1652
f 73 1805 1652
f 73 1652 1078
f 1464 1078 839
f 73 1261 1805
f 1078 1807 73
f 1261 1264 1033
f 73 1264 1261
f 1464 1807 1078
f 1807 1264 73
f 1672 1952 1847
f 1103 935 1847
f 1959 1103 1847
f 1952 1959 1847
f 1959 839 1103
f 1537 1959 1952
f 1959 1464 839
f 1537 1175 1959
f 1665 1464 1959
f 1175 1665 1959
f 1010 1952 1672
f 927 1010 118
f 927 118 1158
f 1583 927 1158
f 266 1952 1010
f 358 266 1010
f 358 1010 927
f 358 927 1583
f 1623 358 1583
f 1034 266 358
f 1034 358 1623
f 879 1034 1623
f 266 1537 1952
f 1110 1537 266
f 365 1110 266
f 365 266 1034
f 365 1034 879
f 1037 365 879
f 879 1764 1037
f 1764 406 1037
f 1037 1110 365
f 1037 437 1110
f 1544 437 1037
f 406 1544 1037
f 1961 1175 1537
f 1961 1537 1110
f 437 1961 1110
f 1542 1961 437
f 1544 1542 437
f 1542 994 1961
f 1544 1892 1542
f 1892 994 1542
f 913 1175 1961
f 994 913 1961
f 994 606 913
f 606 994 1892
f 899 1195 1203
f 1703 1719 152
f 1719 1703 1838
f 1833 1719 1838
f 1838 1703 763
f 1833 1838 411
f 411 1838 989
f 1176 1427 411
f 1427 1833 411
f 152 1195 899
f 152 899 452
f 992 1195 152
f 1703 152 452
f 1328 1703 452
f 1328 452 1842
f 763 1703 1328
f 40 763 1328
f 12 763 40
f 12 40 955
f 763 12 754
f 1838 763 754
f 12 955 703
f 754 12 703
f 1838 754 949
f 949 754 703
f 1600 949 703
f 989 1838 949
f 1819 989 949
f 1176 411 989
f 27 1348 989
f 1348 1176 989
f 27 989 1819
f 1471 452 899
f 1842 452 1471
f 1201 1328 1842
f 1201 40 1328
f 955 40 1201
f 478 1819 1600
f 1819 949 1600
f 27 1819 478
f 1427 1176 1229
f 1229 115 1427
f 1348 104 1176
f 104 1229 1176
f 1229 104 115
f 1203 1867 1619
f 1619 899 1203
f 1471 899 1619
f 1477 1619 1534
f 1619 1867 1534
f 1347 1477 1534
f 1347 1534 1675
f 803 1477 1347
f 1298 803 1347
f 1347 1675 1775
f 1298 1347 1775
f 237 1298 1775
f 1012 1842 1471
f 1201 1842 1012
f 1155 1201 1012
f 1155 955 1201
f 955 1155 1688
f 703 955 1688
f 1600 703 1688
f 1600 1688 1059
f 1600 1059 478
f 988 27 478
f 146 1471 1619
f 1012 1471 146
f 1012 146 1472
f 1472 1155 1012
f 1155 1472 1688
f 1059 1220 478
f 1220 1872 988
f 1220 988 478
f 146 1619 1477
f 1472 146 1922
f 1688 1472 1058
f 1059 1688 1058
f 1059 1006 1220
f 1922 1477 803
f 1922 146 1477
f 1290 1472 1922
f 1058 1472 1290
f 1059 1058 1908
f 1006 1059 1908
f 1220 1852 1872
f 1852 1220 1006
f 1846 1922 803
f 1290 1922 1846
f 1488 1058 1290
f 1058 1488 1908
f 1338 1006 1908
f 1852 1338 1073
f 1852 1006 1338
f 803 1298 418
f 1846 803 418
f 908 1846 418
f 1290 1846 908
f 1488 1290 908
f 1908 1488 1409
f 1338 1908 1409
f 1338 1409 1679
f 1338 1679 1073
f 1679 982 1073
f 1857 1298 237
f 418 1298 1857
f 1181 418 1857
f 908 418 1181
f 1097 1488 1181
f 1488 908 1181
f 1097 1409 1488
f 1409 634 1679
f 1679 1278 982
f 104 1769 115
f 896 1769 104
f 896 104 1348
f 1348 988 896
f 988 1348 27
f 896 61 1769
f 988 1872 896
f 61 896 1872
f 1769 61 1830
f 872 61 1872
f 1872 1852 872
f 61 1280 1830
f 61 872 1280
f 1852 1073 872
f 1280 872 1610
f 1073 1610 872
f 1610 1146 1280
f 982 1610 1073
f 1610 1178 1146
f 1610 982 1444
f 1178 1610 1444
f 237 1775 1774
f 1904 237 1774
f 1100 1774 1793
f 1904 1774 1100
f 877 1770 1100
f 1770 1904 1100
f 1793 1521 1100
f 877 1100 1193
f 1193 1100 1521
f 925 1193 1521
f 925 1521 1344
f 1521 1973 1344
f 1857 237 1147
f 1147 1181 1857
f 1181 1147 1209
f 1097 1181 1209
f 634 1409 1097
f 1278 1679 634
f 1904 1147 237
f 1209 1147 160
f 1388 634 1097
f 455 634 1388
f 455 1278 634
f 1147 1904 1770
f 160 1147 1770
f 1633 1209 160
f 1633 1097 1209
f 1601 1097 1633
f 1388 1097 1601
f 1738 1770 877
f 160 1770 1738
f 1633 160 1738
f 1388 1601 1198
f 455 1198 1721
f 455 1388 1198
f 578 1738 877
f 1738 578 25
f 1633 1738 25
f 1601 1633 25
f 1601 25 1776
f 1198 1601 1776
f 1567 877 1193
f 1567 578 877
f 637 1198 1776
f 637 1721 1198
f 1193 925 1558
f 1558 1567 1193
f 925 1316 1558
f 1132 578 1567
f 1132 1567 1558
f 25 578 1132
f 1004 25 1132
f 1776 25 1004
f 637 1776 527
f 1377 1721 637
f 563 1132 1316
f 1132 1558 1316
f 1132 563 1004
f 527 1776 1004
f 1377 637 527
f 982 1278 1444
f 1178 862 1374
f 1444 862 1178
f 1278 1734 1444
f 1278 455 1734
f 1734 862 1444
f 455 1946 1734
f 1734 194 862
f 1946 194 1734
f 455 1721 1946
f 1721 1495 1946
f 1495 395 194
f 1495 194 1946
f 1721 1240 1495
f 840 1832 395
f 840 395 1495
f 1495 1240 840
f 1240 1721 1377
f 1377 1820 1240
f 239 1832 840
f 1808 239 840
f 1240 1808 840
f 1808 1240 1820
f 1812 925 1344
f 1316 925 1812
f 764 1812 1344
f 1270 1812 764
f 1664 1344 1005
f 1344 1528 1005
f 764 1344 1664
f 1086 459 764
f 1086 764 1664
f 1660 1086 1664
f 1681 1005 1252
f 1681 1664 1005
f 1664 1681 1250
f 1660 1664 1250
f 780 1250 1681
f 1316 1812 563
f 1323 1004 563
f 1004 1323 898
f 898 527 1004
f 527 898 1112
f 1112 742 1377
f 1377 527 1112
f 563 1812 1170
f 1323 563 1170
f 1170 1812 1270
f 867 1170 1270
f 1323 1170 867
f 898 1323 1400
f 1607 1112 898
f 1112 1607 742
f 1607 1503 742
f 1270 764 459
f 867 1270 459
f 867 459 943
f 867 943 1400
f 1323 867 1400
f 1607 898 1400
f 943 459 1086
f 276 1607 1400
f 1607 276 1503
f 276 1228 1503
f 271 1086 1660
f 943 1086 271
f 1955 943 271
f 1400 943 1955
f 1341 1400 1955
f 276 1400 1341
f 1246 1660 1250
f 1246 271 1660
f 271 1246 1977
f 1955 271 1977
f 1653 276 1341
f 1653 1228 276
f 780 1246 1250
f 1977 1246 780
f 1955 1977 1363
f 1341 1955 1363
f 742 1820 1377
f 1590 239 1808
f 1820 1590 1808
f 1820 773 1590
f 929 773 1820
f 1820 742 929
f 1503 929 742
f 1620 773 929
f 416 1620 929
f 929 1503 416
f 1228 416 1503
f 397 1496 1620
f 416 397 1620
f 397 447 1496
f 416 1773 41
f 416 41 397
f 416 1228 1773
f 447 397 41
f 1228 1653 1773
f 1242 1773 1219
f 1773 1653 1219
f 1773 1106 41
f 1773 1242 1106
f 980 41 1106
f 1252 1120 71
f 1681 1252 71
f 672 780 1681
f 672 1681 71
f 672 71 1221
f 1221 71 1663
f 1120 1824 71
f 1663 71 1831
f 1663 1831 442
f 1831 1824 1480
f 71 1824 1831
f 100 1831 1480
f 442 1831 100
f 1480 1824 1629
f 760 100 1480
f 843 1480 414
f 843 760 1480
f 1697 414 1629
f 414 1480 1629
f 661 843 414
f 286 780 672
f 1977 780 286
f 1363 1977 286
f 1341 1363 1943
f 1943 1219 1341
f 1219 1653 1341
f 526 672 1221
f 526 286 672
f 180 286 526
f 180 1363 286
f 1221 1663 1445
f 526 1221 1445
f 985 180 1445
f 180 526 1445
f 1943 1363 180
f 1219 1943 1704
f 1445 1663 442
f 985 1445 442
f 1618 180 985
f 1618 1943 180
f 1704 1943 1618
f 1862 442 100
f 442 1862 1772
f 985 442 1772
f 1618 985 1772
f 1618 1741 1704
f 1862 100 760
f 1615 1618 1772
f 1862 760 843
f 788 1862 843
f 1615 1772 1862
f 1615 1862 788
f 1861 1618 1615
f 1741 1618 1861
f 1741 1861 1933
f 1668 788 661
f 788 843 661
f 788 1668 467
f 467 1615 788
f 1242 1486 1106
f 1106 1486 980
f 1486 990 460
f 1486 460 980
f 58 1242 1219
f 58 446 1486
f 58 1486 1242
f 1486 835 990
f 446 835 1486
f 58 1219 1704
f 58 1737 446
f 446 356 835
f 446 1737 356
f 256 58 1704
f 58 256 1737
f 1737 628 356
f 256 1704 1741
f 256 1632 628
f 628 1737 256
f 256 1741 1632
f 628 1632 1163
f 1741 1933 900
f 1632 1741 900
f 64 1632 900
f 1632 450 1163
f 1632 64 450
f 64 973 450
f 973 655 450
f 973 64 900
f 906 26 1036
f 26 906 642
f 26 642 1028
f 1036 24 619
f 906 1036 619
f 1765 1028 642
f 629 619 1318
f 629 642 906
f 906 619 629
f 1987 642 629
f 1987 1765 642
f 997 414 1697
f 1335 414 997
f 661 414 1335
f 1668 661 1335
f 916 997 1697
f 1335 997 461
f 916 1697 755
f 1644 997 916
f 461 997 1644
f 461 1644 1909
f 755 362 431
f 362 1865 431
f 755 1697 362
f 755 431 151
f 337 916 666
f 755 151 666
f 916 755 666
f 895 916 337
f 1644 916 895
f 937 1644 895
f 1909 1644 937
f 870 24 1036
f 1911 870 26
f 870 1036 26
f 1911 26 1028
f 490 870 1911
f 1935 490 1911
f 1139 870 490
f 490 1935 410
f 1476 1139 490
f 490 410 1572
f 1572 1476 490
f 1533 1139 1476
f 1476 1572 730
f 1533 1476 370
f 370 1476 181
f 1334 181 730
f 181 1476 730
f 1865 1533 370
f 431 1865 370
f 845 370 181
f 431 370 845
f 151 431 845
f 1251 181 1334
f 845 181 1251
f 1251 151 845
f 666 151 1251
f 666 1251 393
f 393 337 666
f 493 895 337
f 493 337 393
f 937 895 493
f 1716 937 493
f 831 1911 1028
f 831 1028 1765
f 1935 1911 831
f 647 1935 831
f 410 1935 647
f 410 647 463
f 410 463 1572
f 602 1572 463
f 730 1572 602
f 730 1268 1334
f 393 1251 1334
f 944 393 1334
f 493 393 944
f 493 944 6
f 6 1716 493
f 485 831 1765
f 647 831 485
f 463 647 485
f 463 1792 602
f 1183 602 1792
f 1268 602 1183
f 730 602 1268
f 1806 944 1268
f 944 1334 1268
f 991 944 1806
f 6 944 991
f 485 1765 1987
f 1215 463 485
f 1792 463 1215
f 1806 1268 1183
f 1806 1183 390
f 1806 390 130
f 130 991 1806
f 1656 991 130
f 1615 467 1441
f 1441 1861 1615
f 1861 1045 1933
f 1045 1861 1441
f 1335 461 1694
f 1668 1335 1694
f 220 467 1694
f 467 1668 1694
f 1441 467 220
f 201 461 1909
f 201 1694 461
f 1694 201 220
f 1839 1441 220
f 201 1909 937
f 220 201 1839
f 1386 1045 1441
f 201 937 1716
f 1592 201 1716
f 1839 201 1592
f 1386 1839 1753
f 1441 1839 1386
f 6 1592 1716
f 1592 6 1502
f 1839 1592 1502
f 1386 1753 1877
f 1502 6 1656
f 6 991 1656
f 1753 1839 1502
f 1753 1502 1656
f 1753 1385 1877
f 973 1048 655
f 555 1048 973
f 555 973 900
f 555 1933 1045
f 900 1933 555
f 555 1428 1048
f 970 1045 1978
f 555 1045 970
f 970 1428 555
f 1386 1978 1045
f 970 847 1428
f 926 751 1428
f 847 926 1428
f 970 1978 847
f 1386 246 1978
f 23 926 847
f 537 23 847
f 1978 537 847
f 1978 246 537
f 1877 246 1386
f 540 137 419
f 419 23 537
f 540 419 537
f 246 540 537
f 246 1877 1743
f 304 1570 137
f 304 137 540
f 246 304 540
f 246 1743 304
f 1877 1385 1743
f 1158 1570 304
f 2 1158 304
f 1743 2 304
f 1318 1912 987
f 629 1318 987
f 1797 629 987
f 1987 629 1797
f 1671 1987 1797
f 1361 987 1108
f 987 1912 1108
f 1797 987 1361
f 1797 1361 1940
f 1940 1361 1082
f 1108 693 1396
f 1396 1361 1108
f 1361 1396 1082
f 693 1296 1396
f 1643 1082 1396
f 1396 1296 1207
f 1643 1396 1207
f 1296 1301 1790
f 1207 1296 1790
f 1671 485 1987
f 1215 485 1671
f 1792 1215 1253
f 1253 1183 1792
f 390 1183 1253
f 130 390 963
f 1358 1656 130
f 1358 130 963
f 1527 1215 1671
f 1920 1253 1527
f 1253 1215 1527
f 1920 390 1253
f 963 390 1920
f 1949 1358 963
f 1671 1797 1940
f 1527 1671 1940
f 389 1920 1527
f 963 1920 332
f 1949 963 332
f 1527 1940 1731
f 1527 1731 389
f 1920 389 332
f 1949 332 166
f 1731 1940 1082
f 332 389 1962
f 1082 1643 1731
f 389 1731 1962
f 1726 332 1962
f 166 332 1726
f 1962 1731 1799
f 1412 1643 1207
f 1412 1731 1643
f 1799 1731 1412
f 1726 1962 1799
f 884 1753 1656
f 884 1656 1358
f 1385 1753 884
f 1358 1949 166
f 1358 166 884
f 1894 1385 884
f 1913 884 166
f 1894 884 1913
f 1893 1894 1913
f 1913 166 1726
f 1913 1937 1893
f 592 1913 1726
f 1937 1913 592
f 1743 1385 1748
f 1583 1158 2
f 279 1583 2
f 2 1748 279
f 1748 2 1743
f 1748 1385 415
f 1623 1583 279
f 761 1623 279
f 1748 761 279
f 1748 415 761
f 1894 415 1385
f 879 1623 761
f 761 1764 879
f 415 1764 761
f 1757 1259 415
f 415 1894 1757
f 1764 1259 406
f 1259 1764 415
f 1893 1757 1894
f 1052 1544 406
f 1259 1052 406
f 1259 1757 1052
f 1757 1234 1052
f 1257 1757 1893
f 1893 1937 1257
f 1257 1234 1757
f 1892 1544 1052
f 1052 1234 1892
f 1234 1406 1892
f 1406 606 1892
f 1406 1234 1257
f 1069 1364 183
f 1069 183 675
f 854 1069 675
f 1109 854 675
f 950 1364 508
f 508 1364 1069
f 1069 794 508
f 794 1069 854
f 394 508 466
f 950 508 394
f 794 466 508
f 794 48 466
f 794 875 48
f 1401 466 636
f 394 466 1401
f 48 636 466
f 48 1641 636
f 479 607 1003
f 809 479 1003
f 323 479 809
f 87 323 809
f 228 571 45
f 1016 571 228
f 1458 1016 228
f 1458 228 919
f 919 68 1458
f 68 1996 1458
f 1683 854 1109
f 607 1683 1109
f 479 1683 607
f 45 750 87
f 750 323 87
f 750 45 571
f 1101 750 571
f 1016 1101 571
f 1375 1101 1016
f 868 1375 1016
f 868 1016 1458
f 1510 868 1996
f 868 1458 1996
f 1683 794 854
f 875 794 1683
f 1710 875 1683
f 1710 1683 479
f 1710 479 323
f 323 680 1710
f 680 323 750
f 1101 680 750
f 868 341 1375
f 1510 341 868
f 1710 1780 875
f 680 1780 1710
f 1845 680 1101
f 1845 1101 1375
f 341 1845 1375
f 875 1641 48
f 875 1780 1641
f 680 1845 1780
f 748 784 1505
f 676 643 200
f 200 643 748
f 200 748 1451
f 1129 1996 68
f 225 1129 91
f 225 91 616
f 616 188 225
f 188 616 611
f 1587 188 1267
f 233 1587 1267
f 1505 1267 611
f 1267 188 611
f 784 233 1267
f 1267 1505 784
f 643 784 748
f 1510 1996 1129
f 1129 1249 1510
f 1249 1129 225
f 225 1951 1249
f 188 1587 1951
f 188 1951 225
f 521 233 784
f 521 784 643
f 676 521 643
f 1735 521 676
f 1951 1813 1249
f 1587 1813 1951
f 1589 1813 1587
f 233 1589 1587
f 521 1589 233
f 1249 341 1510
f 341 1249 1813
f 1589 521 1735
f 1304 1885 1539
f 1304 1539 1460
f 1304 491 1885
f 491 1304 1674
f 1674 1848 491
f 1803 1674 1304
f 1891 1848 1674
f 1803 1891 1674
f 851 676 200
f 200 1451 1157
f 851 200 1157
f 576 851 1157
f 518 576 1157
f 1677 853 518
f 853 576 518
f 1460 1677 518
f 1677 1460 1539
f 491 1995 1885
f 1848 1995 491
f 303 676 851
f 303 851 576
f 567 303 576
f 567 576 853
f 853 897 567
f 1539 897 1677
f 897 853 1677
f 1885 426 1539
f 426 897 1539
f 1995 426 1885
f 13 946 1995
f 13 1995 1848
f 303 1735 676
f 567 716 303
f 897 1960 716
f 897 716 567
f 426 1960 897
f 1995 946 426
f 716 1735 303
f 946 1960 426
f 500 636 65
f 65 210 500
f 1401 636 500
f 1641 65 636
f 84 210 65
f 1641 84 65
f 210 274 667
f 500 210 667
f 53 500 667
f 84 274 210
f 84 1825 274
f 1825 84 1641
f 1795 274 1588
f 1795 53 667
f 667 274 1795
f 1825 1588 274
f 1825 492 1588
f 79 1588 1678
f 1795 1588 79
f 1011 1795 79
f 492 876 1588
f 876 1678 1588
f 529 1678 165
f 165 327 529
f 529 1011 79
f 79 1678 529
f 165 1678 876
f 876 1343 165
f 1343 327 165
f 1343 876 492
f 327 777 342
f 529 327 342
f 1343 1258 327
f 1258 777 327
f 77 777 107
f 77 342 777
f 1258 1639 777
f 1639 107 777
f 107 123 1243
f 1243 77 107
f 1639 162 107
f 162 123 107
f 1639 1991 162
f 1825 1641 1780
f 1780 492 1825
f 1780 771 492
f 1845 771 1780
f 1766 771 1845
f 1981 1766 1845
f 492 771 1343
f 771 678 1343
f 678 1258 1343
f 678 1991 1258
f 1991 1639 1258
f 1766 1840 771
f 1079 1840 1766
f 657 1079 1766
f 1724 657 1766
f 1602 1813 1589
f 1589 11 1602
f 11 1589 1735
f 341 1981 1845
f 1981 341 1813
f 1981 1813 1602
f 1724 1766 1981
f 1602 139 1981
f 889 1602 11
f 560 1724 1981
f 1602 1395 139
f 1602 433 1395
f 889 433 1602
f 253 560 1981
f 253 1981 139
f 375 253 139
f 375 688 253
f 154 375 139
f 1395 154 139
f 934 375 154
f 585 154 1395
f 433 585 1395
f 585 934 154
f 373 934 585
f 889 480 433
f 480 585 433
f 373 585 480
f 887 373 480
f 366 719 889
f 719 480 889
f 887 480 719
f 719 850 887
f 850 85 887
f 716 11 1735
f 716 1104 11
f 1960 1104 716
f 1135 1104 1960
f 946 1135 1960
f 946 1114 1135
f 1114 1928 1135
f 1802 1928 1114
f 1135 816 1104
f 1194 889 11
f 1104 18 1194
f 1104 1194 11
f 816 18 1104
f 1080 816 1135
f 1928 1080 1135
f 1928 1399 1080
f 1053 1399 1928
f 1802 1053 1928
f 245 1053 1802
f 1194 366 889
f 1194 204 366
f 18 310 204
f 18 204 1194
f 18 1142 310
f 923 1142 18
f 923 18 816
f 923 1517 1142
f 923 816 1080
f 3 923 1080
f 1422 1517 923
f 1422 923 3
f 1422 902 1517
f 3 1080 1399
f 1422 3 1399
f 1285 1422 1399
f 1285 902 1422
f 196 902 1285
f 1285 1399 1053
f 1053 956 1285
f 956 196 1285
f 956 1053 245
f 743 196 956
f 204 850 366
f 850 719 366
f 310 850 204
f 310 1457 850
f 1142 1457 310
f 1142 1517 1457
f 1944 1243 123
f 1759 123 162
f 1991 797 162
f 797 1759 162
f 795 217 553
f 1944 123 553
f 217 1944 553
f 553 123 1759
f 15 553 1759
f 448 553 15
f 448 795 553
f 67 795 448
f 797 448 15
f 15 1759 797
f 285 448 797
f 285 67 448
f 285 589 554
f 554 67 285
f 678 1711 1991
f 1039 1711 678
f 771 440 678
f 440 1039 678
f 524 440 771
f 1840 524 771
f 820 524 1840
f 820 1840 1079
f 1079 1383 820
f 1383 1463 820
f 657 1383 1079
f 657 354 1383
f 354 1463 1383
f 72 285 797
f 72 797 1991
f 1423 589 285
f 1423 285 72
f 1423 94 640
f 640 589 1423
f 72 1991 1711
f 1159 72 1711
f 1423 72 1159
f 1159 620 1423
f 620 94 1423
f 1159 1711 1039
f 620 1159 1039
f 1039 1070 620
f 1424 1039 440
f 1070 1039 1424
f 1424 309 1070
f 1424 440 524
f 99 1424 524
f 99 309 1424
f 757 309 99
f 99 524 820
f 820 717 99
f 717 757 99
f 1463 717 820
f 1921 657 1724
f 354 657 1921
f 933 354 1921
f 1921 1724 560
f 1549 1921 560
f 1549 560 253
f 933 1921 1549
f 1549 1314 933
f 688 1549 253
f 1314 1549 688
f 375 934 688
f 1722 1314 688
f 934 1722 688
f 183 1364 333
f 1966 183 333
f 659 1966 333
f 659 333 1608
f 1368 183 1966
f 208 1109 675
f 675 183 1368
f 208 675 1368
f 170 208 1368
f 1368 1966 659
f 170 1368 659
f 226 1364 950
f 333 1364 226
f 1223 333 226
f 1608 333 1223
f 1712 659 1608
f 1712 170 659
f 409 950 394
f 789 1223 226
f 226 950 409
f 789 226 409
f 382 1608 1223
f 382 1223 789
f 382 1712 1608
f 1712 382 1121
f 400 394 1401
f 288 789 409
f 409 394 400
f 288 409 400
f 19 789 288
f 19 288 1256
f 19 382 789
f 427 382 19
f 19 1256 427
f 374 1121 427
f 1121 382 427
f 336 1003 1145
f 1003 607 1145
f 1003 336 380
f 809 1003 380
f 380 336 129
f 809 380 1336
f 1336 45 87
f 87 809 1336
f 380 129 350
f 1336 380 350
f 1407 45 1336
f 1407 228 45
f 1060 1336 350
f 1407 1336 1060
f 812 228 1407
f 812 1407 1060
f 1050 812 1060
f 919 228 812
f 919 812 665
f 665 1927 68
f 665 68 919
f 665 812 1050
f 1355 665 1050
f 599 1927 665
f 599 665 1355
f 1145 607 1109
f 1145 1109 208
f 936 1145 208
f 936 208 170
f 1225 336 936
f 336 1145 936
f 129 336 1225
f 350 129 8
f 882 350 8
f 1060 350 882
f 535 1060 882
f 535 1050 1060
f 186 1050 1202
f 1050 535 1202
f 186 1355 1050
f 273 756 186
f 756 599 1355
f 756 1355 186
f 1888 170 1712
f 1888 936 170
f 545 1225 1888
f 1225 936 1888
f 1381 1225 545
f 1381 129 1225
f 981 8 1381
f 8 129 1381
f 882 8 981
f 882 981 1434
f 535 882 1434
f 1434 1202 535
f 273 186 1202
f 273 1202 1637
f 1888 1712 1121
f 1888 1121 545
f 1963 1381 545
f 981 1381 1963
f 1434 1637 1202
f 1963 545 1121
f 1451 748 829
f 748 1505 829
f 1755 1451 829
f 569 1451 1755
f 506 68 1927
f 1129 68 506
f 1465 1927 599
f 506 1927 1465
f 91 1129 506
f 91 506 145
f 145 506 1465
f 91 145 471
f 616 91 471
f 616 471 834
f 611 616 834
f 611 834 1214
f 1214 1505 611
f 713 1214 1118
f 1214 834 1118
f 829 1505 1214
f 829 1214 713
f 930 829 713
f 330 829 930
f 1755 829 330
f 569 1755 312
f 312 1755 330
f 1331 1465 756
f 1465 599 756
f 1465 1331 182
f 145 1465 182
f 530 145 182
f 471 145 530
f 1783 471 530
f 834 471 1783
f 1118 834 1783
f 883 1118 1287
f 1118 1783 1287
f 883 713 1118
f 930 713 883
f 312 330 502
f 1331 756 273
f 1536 182 1331
f 530 182 1536
f 530 1536 1287
f 1783 530 1287
f 1788 930 883
f 330 930 1788
f 502 330 1788
f 273 1637 1536
f 1331 273 1536
f 681 1287 1536
f 681 883 1287
f 1788 883 681
f 534 1304 1460
f 534 1460 568
f 1902 534 568
f 905 534 449
f 534 1902 449
f 1803 1304 534
f 70 534 905
f 70 1803 534
f 901 70 905
f 1523 70 901
f 1157 1451 1555
f 1419 1555 569
f 1555 1451 569
f 1389 1157 1555
f 1389 518 1157
f 1389 1555 1419
f 1153 1389 1419
f 568 518 1389
f 1460 518 568
f 135 568 1389
f 782 135 1389
f 782 1389 1153
f 1902 568 135
f 1902 135 782
f 1902 782 112
f 449 1902 112
f 69 905 449
f 770 901 69
f 901 905 69
f 978 901 770
f 978 1523 901
f 1557 569 312
f 1557 1419 569
f 378 782 1153
f 595 782 378
f 112 782 595
f 112 595 1199
f 1199 69 112
f 69 449 112
f 770 69 1199
f 543 978 770
f 510 1557 502
f 1557 312 502
f 510 1153 1419
f 1419 1557 510
f 378 1153 510
f 1485 595 378
f 1199 595 1485
f 774 770 1199
f 543 770 774
f 1350 510 502
f 1485 510 1350
f 1485 378 510
f 774 1199 1485
f 1350 502 1788
f 489 1401 500
f 37 368 489
f 368 288 400
f 400 1401 489
f 368 400 489
f 572 368 37
f 1256 288 368
f 572 1256 368
f 427 1256 572
f 374 427 572
f 265 500 53
f 315 37 489
f 489 500 265
f 315 489 265
f 436 37 315
f 436 572 37
f 434 572 436
f 434 374 572
f 1932 374 434
f 617 53 1795
f 497 315 265
f 265 53 617
f 497 265 617
f 1971 315 497
f 436 315 1971
f 16 436 1971
f 434 436 16
f 1932 434 16
f 1491 1795 1011
f 483 497 617
f 617 1795 1491
f 483 617 1491
f 1370 497 483
f 1971 497 1370
f 791 1971 1370
f 16 1971 791
f 1750 16 791
f 1750 1932 16
f 306 1011 529
f 306 529 558
f 306 483 1491
f 1491 1011 306
f 1698 483 306
f 306 558 1698
f 1370 483 1698
f 791 1370 1698
f 791 1698 117
f 838 1750 117
f 1750 791 117
f 108 529 342
f 558 529 108
f 219 558 108
f 1698 558 219
f 1140 1698 219
f 117 1698 1140
f 54 219 108
f 108 342 77
f 54 108 77
f 671 1140 219
f 671 219 54
f 1182 117 1140
f 1182 1140 671
f 1182 838 117
f 66 77 1243
f 66 54 77
f 203 1310 193
f 1310 54 66
f 1310 66 193
f 1310 671 54
f 105 1310 203
f 105 1182 1310
f 1182 671 1310
f 1182 105 453
f 1963 1121 374
f 1963 374 1932
f 1434 981 1963
f 1637 1434 1642
f 1750 1963 1932
f 838 1963 1750
f 1415 1963 838
f 1127 1963 1415
f 1127 1434 1963
f 1642 1434 1127
f 1642 1127 1520
f 1708 838 1182
f 1887 838 1708
f 1887 1415 838
f 230 1642 1520
f 1182 453 1708
f 681 1536 1637
f 1788 681 1350
f 1979 681 1916
f 1350 681 1979
f 80 681 1637
f 80 1637 1642
f 1916 681 80
f 1849 1979 1916
f 653 80 1642
f 498 1916 80
f 451 1916 498
f 98 1916 451
f 98 1849 1916
f 735 1849 98
f 1271 1642 230
f 823 653 1271
f 653 1642 1271
f 272 653 823
f 516 1605 272
f 1605 653 272
f 80 653 1605
f 1605 516 1247
f 498 1605 1247
f 498 80 1605
f 975 1254 373
f 975 1247 1254
f 940 1247 975
f 940 498 1247
f 451 498 940
f 887 975 373
f 887 85 975
f 85 387 975
f 387 940 975
f 387 451 940
f 387 98 451
f 359 387 85
f 359 98 387
f 359 735 98
f 1924 1350 864
f 1924 1485 1350
f 774 1485 1924
f 864 1350 1979
f 864 1979 1185
f 360 1924 864
f 880 1979 1849
f 1185 1979 880
f 532 864 179
f 864 1185 179
f 360 864 532
f 687 1924 360
f 1292 1115 687
f 1115 1924 687
f 707 880 1849
f 707 1849 735
f 122 880 707
f 623 880 122
f 623 1185 880
f 902 377 1517
f 582 377 902
f 623 912 582
f 582 179 623
f 179 1185 623
f 176 582 902
f 1514 582 176
f 179 582 1514
f 1514 532 179
f 196 176 902
f 196 948 176
f 948 1514 176
f 948 532 1514
f 948 1279 532
f 1279 360 532
f 319 948 196
f 1279 948 319
f 319 1275 1279
f 1275 687 1279
f 687 360 1279
f 743 319 196
f 743 372 319
f 372 1292 1275
f 372 1275 319
f 1292 687 1275
f 1457 85 850
f 1457 1718 85
f 1718 432 85
f 432 359 85
f 432 707 735
f 735 359 432
f 707 432 1718
f 1718 122 707
f 1517 377 1457
f 377 1718 1457
f 912 1718 377
f 912 377 582
f 122 1718 912
f 912 623 122
f 44 1243 1944
f 66 1243 44
f 193 66 44
f 193 44 792
f 792 203 193
f 203 792 105
f 1526 217 795
f 1526 4 217
f 44 1944 217
f 4 44 217
f 1217 4 1526
f 792 44 4
f 1217 792 4
f 939 1217 1526
f 468 1217 939
f 105 792 1217
f 468 105 1217
f 1241 468 939
f 1241 939 296
f 1552 468 1241
f 1552 105 468
f 453 105 1552
f 149 1526 795
f 149 795 67
f 939 1526 149
f 589 296 554
f 149 67 554
f 296 149 554
f 1241 296 589
f 296 939 149
f 1708 453 1408
f 1708 1408 513
f 513 1887 1708
f 1887 513 951
f 700 1887 62
f 1887 951 62
f 700 1415 1887
f 385 1415 700
f 385 700 428
f 1127 1415 385
f 1105 14 1463
f 1105 428 14
f 89 428 1105
f 89 1127 385
f 385 428 89
f 1520 1127 89
f 354 1105 1463
f 1276 1105 354
f 1276 89 1105
f 143 89 1276
f 143 1520 89
f 143 230 1520
f 640 1241 589
f 94 324 248
f 248 1241 640
f 94 248 640
f 248 1552 1241
f 457 1552 248
f 324 457 248
f 1408 453 1552
f 1408 1552 457
f 620 207 94
f 207 324 94
f 513 457 324
f 207 513 324
f 1408 457 513
f 1070 533 620
f 533 207 620
f 674 513 207
f 674 207 533
f 951 513 674
f 309 533 1070
f 187 62 309
f 674 533 309
f 62 674 309
f 951 674 62
f 757 187 309
f 757 945 187
f 645 62 187
f 945 645 187
f 645 700 62
f 717 945 757
f 717 14 945
f 14 717 1463
f 14 428 945
f 428 700 645
f 428 645 945
f 593 1276 354
f 593 354 933
f 1814 143 1276
f 1814 1276 593
f 1814 230 143
f 1814 1271 230
f 1314 593 933
f 1314 1134 593
f 1134 454 593
f 454 1814 593
f 454 1271 1814
f 823 1271 454
f 1722 1134 1314
f 272 823 1134
f 823 454 1134
f 272 1134 1722
f 1722 516 272
f 934 1254 1722
f 1254 934 373
f 516 1722 1254
f 1254 1247 516
f 1575 1301 1033
f 1575 1033 562
f 1575 562 1654
f 1654 1062 1575
f 1493 1654 1273
f 1654 1493 1062
f 1062 1493 590
f 1295 590 1090
f 590 1493 1090
f 1090 1493 1596
f 1295 1090 1461
f 1461 1090 633
f 1090 1596 633
f 1501 633 1884
f 1501 1461 633
f 562 1033 1264
f 1807 625 1264
f 1807 1982 625
f 1982 1807 1464
f 1273 1654 562
f 1264 625 562
f 625 1273 562
f 1733 1982 1464
f 1273 1596 1493
f 1866 1273 625
f 1982 1866 625
f 1733 1866 1982
f 1596 1273 1866
f 1596 1584 633
f 1596 1866 1584
f 787 1584 1866
f 1939 787 1866
f 1733 1939 1866
f 1884 1584 1713
f 1884 633 1584
f 787 1713 1584
f 1175 1918 1665
f 1665 1733 1464
f 1918 810 1665
f 1665 1754 1733
f 810 1754 1665
f 810 1744 1754
f 1754 1531 1733
f 1744 1613 1754
f 1531 1939 1733
f 1754 1915 1531
f 1613 1915 1754
f 1918 1175 913
f 606 652 913
f 913 852 1918
f 652 852 913
f 1918 536 810
f 536 1918 852
f 173 536 852
f 173 852 652
f 173 1762 536
f 841 1762 173
f 536 1744 810
f 536 1315 1744
f 1762 1315 536
f 1532 326 1315
f 1532 1315 1762
f 1532 1762 841
f 1744 1859 1613
f 326 1859 1744
f 326 1744 1315
f 1532 846 326
f 1532 811 846
f 326 846 1859
f 941 1501 1884
f 941 559 1501
f 941 1884 1931
f 941 1931 1452
f 1453 559 941
f 206 941 1452
f 1452 1931 1481
f 741 1452 1481
f 741 206 1452
f 615 741 648
f 741 1481 648
f 1095 1713 787
f 787 1939 1095
f 1531 1479 1939
f 1713 1931 1884
f 1095 669 1713
f 1980 669 1095
f 1051 1095 1939
f 1479 1051 1939
f 669 1931 1713
f 1095 473 1980
f 1051 473 1095
f 1931 669 1360
f 1360 1481 1931
f 142 725 473
f 1351 1980 473
f 725 1351 473
f 142 473 1051
f 1479 1720 1051
f 1720 142 1051
f 702 142 1720
f 1180 1720 1479
f 1360 1349 95
f 95 1481 1360
f 648 1481 95
f 1349 1360 669
f 1349 1456 95
f 1980 1349 669
f 1980 1351 1349
f 702 344 142
f 344 725 142
f 1720 1162 1882
f 702 1720 1882
f 1882 1255 702
f 1255 92 344
f 1255 344 702
f 1882 947 1255
f 588 383 92
f 588 92 1255
f 1180 1162 1720
f 1180 1889 1162
f 363 648 95
f 195 615 648
f 363 195 648
f 1456 1923 95
f 1923 363 95
f 1923 799 363
f 799 195 363
f 1351 594 1456
f 1351 1456 1349
f 594 1923 1456
f 1351 1821 594
f 999 1923 594
f 1821 999 594
f 799 1923 999
f 725 1821 1351
f 1821 725 344
f 1821 344 92
f 92 999 1821
f 1421 1286 999
f 1421 999 92
f 1421 92 383
f 190 588 708
f 588 1255 947
f 588 947 708
f 190 383 588
f 1421 383 190
f 1690 1421 190
f 456 1822 1156
f 1822 1889 1156
f 1077 1882 1162
f 1162 1889 1822
f 1077 1162 1822
f 1077 947 1882
f 1077 708 947
f 842 190 708
f 842 1690 190
f 842 185 352
f 352 1690 842
f 1023 1077 732
f 1822 456 732
f 1077 1822 732
f 1023 708 1077
f 528 1023 1561
f 528 708 1023
f 528 842 708
f 528 1561 1689
f 185 842 1689
f 842 528 1689
f 1561 921 654
f 654 82 1075
f 1561 654 1075
f 1689 1561 1075
f 921 1023 622
f 1023 732 622
f 1023 921 1561
f 1613 664 1915
f 1180 1479 1531
f 664 1631 1915
f 664 1910 1631
f 1531 1868 1180
f 1868 1531 1915
f 752 1868 1915
f 1915 813 752
f 1631 813 1915
f 1868 1156 1889
f 1889 1180 1868
f 752 1156 1868
f 1631 767 813
f 1910 767 1631
f 752 456 1156
f 1337 456 752
f 813 1337 752
f 767 1701 813
f 211 732 456
f 211 456 1337
f 1701 1337 813
f 767 1717 1701
f 622 732 211
f 211 263 622
f 263 211 1337
f 1701 1919 263
f 1701 263 1337
f 1859 664 1613
f 42 664 1859
f 846 910 1859
f 910 42 1859
f 811 910 846
f 910 423 42
f 1910 664 42
f 42 1875 1910
f 423 1875 42
f 423 766 1875
f 423 1197 766
f 178 1910 1875
f 766 178 1875
f 1910 584 767
f 178 584 1910
f 766 1509 178
f 1509 584 178
f 1509 1148 584
f 1509 1245 1148
f 584 1189 767
f 1189 1717 767
f 1189 584 1148
f 1245 20 1148
f 1189 952 1717
f 952 1189 1148
f 1148 20 952
f 1294 704 420
f 420 689 1384
f 1294 420 1384
f 82 445 1294
f 445 1680 1294
f 82 654 445
f 82 1294 1384
f 921 1571 654
f 1571 445 654
f 1143 921 622
f 1143 1571 921
f 1308 1319 420
f 704 1308 420
f 689 420 1263
f 420 1319 1263
f 704 1294 1680
f 168 704 1680
f 292 168 1680
f 1680 445 1571
f 292 1680 1571
f 292 1571 1143
f 1319 603 293
f 1263 1319 293
f 1308 603 1319
f 1308 348 538
f 538 603 1308
f 1974 348 1308
f 1974 1308 704
f 1974 704 168
f 292 147 168
f 147 1143 739
f 1143 1438 739
f 147 292 1143
f 938 299 1043
f 1043 581 938
f 293 299 938
f 1263 293 938
f 235 1263 938
f 603 125 299
f 603 299 293
f 538 125 603
f 348 52 125
f 348 125 538
f 1974 920 348
f 920 52 348
f 920 1974 168
f 168 209 920
f 209 147 1545
f 209 168 147
f 1545 147 739
f 1626 581 1317
f 1626 235 938
f 1626 938 581
f 759 1043 299
f 125 759 299
f 52 1391 967
f 967 759 125
f 52 967 125
f 920 202 52
f 202 1391 52
f 202 815 1391
f 209 202 920
f 209 140 202
f 140 484 202
f 484 815 202
f 127 815 484
f 682 127 484
f 231 127 682
f 1545 140 209
f 1545 739 1169
f 1317 581 679
f 1317 679 836
f 421 1626 1317
f 679 581 1043
f 131 836 679
f 759 131 679
f 679 1043 759
f 1085 131 759
f 967 1085 759
f 119 967 1391
f 1391 1519 119
f 1519 1391 815
f 127 1519 815
f 322 1519 127
f 140 1031 971
f 484 140 971
f 626 484 971
f 626 231 682
f 682 484 626
f 1545 1031 140
f 1031 1237 971
f 1237 626 971
f 425 1031 1545
f 1169 425 1545
f 83 836 1786
f 83 1317 836
f 421 1317 83
f 131 1786 836
f 131 298 965
f 965 1786 131
f 1085 298 131
f 1009 298 1085
f 119 1009 967
f 1009 1085 967
f 1122 1009 119
f 1122 464 50
f 464 313 50
f 464 1122 119
f 119 1519 322
f 464 119 322
f 1031 425 1128
f 1128 1237 1031
f 425 1169 1288
f 1786 974 17
f 17 83 1786
f 1666 83 17
f 1666 421 83
f 965 974 1786
f 531 974 965
f 1009 388 298
f 388 531 965
f 388 965 298
f 1291 531 388
f 50 157 1122
f 157 1291 388
f 388 1009 1122
f 157 388 1122
f 313 157 50
f 425 826 1128
f 570 1303 1128
f 1303 1237 1128
f 826 425 291
f 425 1288 291
f 263 1497 622
f 1497 1143 622
f 1919 1497 263
f 1926 1919 1701
f 1926 1701 1717
f 1438 1143 1497
f 1497 998 1438
f 1919 998 1497
f 551 1926 1717
f 1871 1919 1926
f 551 1871 1926
f 998 739 1438
f 1919 1739 998
f 1871 1739 1919
f 251 1871 551
f 739 753 1169
f 998 753 739
f 1739 753 998
f 251 1224 1871
f 541 1169 753
f 1739 541 753
f 1871 890 1739
f 890 1871 1224
f 541 1288 1169
f 1898 541 1739
f 1224 1379 890
f 662 1288 541
f 1898 662 541
f 1898 1739 890
f 1024 1898 890
f 890 860 1024
f 1379 860 890
f 952 915 1717
f 1954 915 952
f 1954 952 20
f 915 551 1717
f 915 1093 551
f 1954 1093 915
f 280 1093 1954
f 1093 251 551
f 894 251 1093
f 894 1093 280
f 1560 894 280
f 894 1224 251
f 517 1224 894
f 1560 517 894
f 1560 1117 517
f 1117 424 517
f 1379 1224 517
f 517 424 1379
f 566 860 1379
f 1614 566 1379
f 424 1614 1379
f 1723 1614 424
f 768 1420 1702
f 198 1420 768
f 407 198 768
f 1751 407 768
f 686 407 1751
f 686 1751 1543
f 250 686 1543
f 1543 1751 329
f 721 1543 329
f 275 1655 1543
f 1655 250 1543
f 275 38 1655
f 275 1543 721
f 721 38 275
f 522 38 721
f 1040 974 1622
f 1040 17 974
f 1499 1666 1040
f 1666 17 1040
f 531 1622 974
f 236 1622 531
f 412 236 531
f 412 531 1291
f 63 236 412
f 796 63 412
f 412 1291 157
f 796 412 157
f 709 63 796
f 796 157 313
f 802 796 313
f 709 796 1190
f 96 796 802
f 1190 796 96
f 729 570 175
f 570 1128 175
f 826 1430 175
f 175 1128 826
f 261 153 1475
f 1475 1040 1622
f 1475 1622 261
f 1499 1040 1475
f 668 153 261
f 261 1622 236
f 668 261 236
f 668 1130 153
f 339 1130 668
f 668 236 63
f 339 668 63
f 339 63 709
f 556 339 709
f 556 709 1190
f 29 556 1190
f 29 1190 96
f 307 29 96
f 830 556 29
f 891 556 830
f 10 29 307
f 10 307 283
f 830 29 10
f 396 830 10
f 10 283 396
f 828 481 396
f 30 830 396
f 481 30 396
f 247 30 481
f 175 1430 247
f 828 175 481
f 175 247 481
f 828 729 175
f 1430 291 744
f 1430 826 291
f 1475 153 1965
f 1975 1475 1965
f 966 1499 1475
f 966 1475 1975
f 723 1965 153
f 1130 723 153
f 339 1165 1130
f 1165 723 1130
f 1165 339 556
f 891 1165 556
f 830 600 891
f 830 30 600
f 30 701 600
f 1430 701 247
f 701 30 247
f 1430 805 701
f 1430 744 805
f 349 1975 1965
f 349 1965 1854
f 349 966 1975
f 1854 1965 723
f 1184 1854 723
f 1165 1184 723
f 891 1834 1165
f 600 1834 891
f 805 1113 701
f 338 1854 1038
f 338 349 1854
f 1781 349 338
f 1038 1854 1184
f 1008 1038 1184
f 1834 1008 1184
f 1184 1165 1834
f 701 1834 600
f 701 1113 1834
f 1640 1038 1091
f 338 1038 1640
f 1781 338 1640
f 1781 1640 1489
f 1038 1008 1091
f 1834 1691 1008
f 1113 692 1834
f 692 1691 1834
f 1511 692 1113
f 402 1056 38
f 402 1091 705
f 705 1056 402
f 1640 1091 402
f 1489 402 38
f 1489 38 522
f 1489 1640 402
f 1008 705 1091
f 1008 685 705
f 1691 685 1008
f 1655 38 1056
f 683 1655 1056
f 685 683 1056
f 685 1056 705
f 1948 685 1691
f 1948 1691 692
f 1970 1948 692
f 1161 1970 692
f 1161 692 1511
f 291 1288 662
f 291 662 744
f 1551 744 662
f 1898 1551 662
f 1898 983 1551
f 1024 983 1898
f 860 475 1024
f 566 475 860
f 1024 608 983
f 475 608 1024
f 744 1989 805
f 1989 1113 805
f 1989 744 1551
f 983 1989 1551
f 475 1611 608
f 1989 1511 1113
f 983 1925 1989
f 608 1925 983
f 1670 1511 1989
f 1925 1670 1989
f 608 1436 1925
f 1436 608 1611
f 1611 1433 1436
f 979 1433 1611
f 1670 1161 1511
f 1925 1540 1670
f 1436 1540 1925
f 1433 1953 1436
f 1433 818 1953
f 1272 566 1614
f 1723 1272 1614
f 1562 475 566
f 1272 1562 566
f 1272 1302 1562
f 1723 1302 1272
f 1046 1611 475
f 1046 475 1562
f 1046 1562 1302
f 979 1611 1046
f 1046 1958 979
f 1302 1958 1046
f 547 1433 979
f 1958 547 979
f 1547 547 1958
f 1281 1547 1958
f 818 1433 547
f 1547 818 547
f 477 818 1547
f 1627 1848 1891
f 1891 1803 212
f 212 1702 1891
f 801 1627 1891
f 801 1891 1702
f 1702 1420 801
f 346 801 1420
f 1732 346 1420
f 1732 1420 198
f 1732 198 407
f 1956 1732 407
f 1956 407 686
f 260 1956 686
f 260 686 250
f 1901 260 250
f 1901 250 1655
f 1556 1901 1655
f 1627 13 1848
f 1627 229 13
f 229 1627 801
f 229 801 346
f 161 346 1732
f 1956 161 1732
f 260 161 1956
f 1490 260 1901
f 1490 1901 1556
f 1487 13 229
f 1487 229 346
f 1487 346 161
f 1490 161 260
f 1487 946 13
f 317 1725 1490
f 161 1609 1487
f 857 1609 161
f 1725 857 161
f 1725 161 1490
f 1235 857 1725
f 1609 1114 946
f 1609 946 1487
f 1556 1655 683
f 683 505 1556
f 505 683 685
f 505 685 1948
f 505 1490 1556
f 317 505 1948
f 1970 317 1948
f 505 317 1490
f 1999 317 1970
f 1999 1725 317
f 1999 1462 1725
f 1670 1540 1161
f 1436 1953 1540
f 818 733 1953
f 1785 1540 1953
f 733 1785 1953
f 1540 1999 1161
f 1999 1970 1161
f 1540 1530 1999
f 1785 1530 1540
f 733 308 1785
f 308 1535 1785
f 1785 1535 1530
f 786 1535 308
f 1530 1942 1999
f 1535 1585 1530
f 1585 1942 1530
f 786 1585 1535
f 1625 1585 786
f 1625 482 1585
f 482 731 1585
f 477 733 818
f 1547 1541 477
f 1281 1541 1547
f 477 1413 733
f 1541 1413 477
f 1413 308 733
f 1297 1413 1541
f 1413 1914 308
f 1297 1914 1413
f 1914 786 308
f 1297 1760 1914
f 1997 1760 1297
f 1914 234 786
f 234 1625 786
f 1760 234 1914
f 114 1625 234
f 1760 114 234
f 155 114 1760
f 482 1625 114
f 155 1616 114
f 321 1114 1609
f 404 321 1609
f 205 404 1609
f 205 1609 857
f 281 205 857
f 857 724 281
f 724 857 1235
f 511 1802 1114
f 321 511 1114
f 1410 404 205
f 281 1410 205
f 1362 1410 281
f 724 1063 281
f 1063 1362 281
f 632 1362 1063
f 1124 1063 724
f 632 1063 1124
f 523 632 1124
f 523 1798 632
f 511 245 1802
f 1647 245 511
f 321 121 511
f 121 1647 511
f 121 1119 1647
f 673 121 321
f 673 1119 121
f 1492 1119 673
f 673 321 404
f 111 673 404
f 111 1492 673
f 111 785 1492
f 111 404 1410
f 785 111 1410
f 785 1410 1362
f 1362 632 785
f 632 1798 785
f 956 245 1647
f 1647 1119 956
f 1119 743 956
f 1725 574 1235
f 1462 574 1725
f 1462 1999 1636
f 1538 1235 574
f 1462 408 574
f 574 1055 1538
f 1055 574 408
f 1538 1957 1235
f 1957 724 1235
f 277 1957 1538
f 1055 277 1538
f 430 408 1462
f 1869 1124 724
f 1869 724 1957
f 1869 523 1124
f 1869 1230 523
f 1869 1957 277
f 548 1869 277
f 1230 1869 548
f 1055 548 277
f 817 548 1055
f 1230 548 817
f 706 1230 817
f 408 331 1055
f 331 817 1055
f 512 817 331
f 706 817 512
f 325 706 512
f 331 408 430
f 886 430 1462
f 331 1709 238
f 238 512 331
f 1311 512 238
f 1311 325 512
f 430 1709 331
f 238 1938 1311
f 430 1593 1709
f 1593 430 886
f 444 238 1709
f 238 444 1938
f 1593 444 1709
f 886 1695 1593
f 1938 444 917
f 1598 444 1593
f 1598 1593 1695
f 1942 1636 1999
f 1585 1855 1942
f 731 1855 1585
f 1942 1667 1636
f 1855 1667 1942
f 731 103 1855
f 103 1835 1855
f 886 1462 1636
f 1636 249 886
f 1667 249 1636
f 1855 1057 1667
f 1835 1057 1855
f 249 1581 886
f 1057 1630 1667
f 1630 249 1667
f 1835 224 1057
f 886 1581 1695
f 1630 1581 249
f 969 1581 1630
f 1057 1579 1630
f 224 1579 1057
f 1581 1326 1695
f 1630 1853 969
f 1853 1630 1579
f 1579 1282 1853
f 1432 1282 1579
f 1432 1579 224
f 1578 1282 1432
f 22 731 482
f 22 482 114
f 1616 22 114
f 155 1378 1616
f 22 103 731
f 22 503 103
f 503 22 1616
f 1378 503 1616
f 103 81 1835
f 503 81 103
f 503 1648 81
f 1378 1648 503
f 778 1835 81
f 1648 778 81
f 1067 1648 1378
f 1378 837 1067
f 1648 1067 778
f 1067 954 778
f 837 1856 1067
f 627 224 1835
f 627 1835 778
f 778 954 627
f 1067 1856 954
f 1856 557 954
f 627 86 224
f 627 1061 86
f 1061 627 954
f 1061 954 557
f 1507 1061 557
f 1856 1154 557
f 1432 224 86
f 86 798 1432
f 798 1578 1432
f 798 1071 564
f 798 564 1578
f 798 86 1061
f 1507 1449 798
f 1449 1071 798
f 1507 798 1061
f 1154 1449 557
f 1449 1507 557
f 957 444 1598
f 917 444 957
f 957 1598 1874
f 1695 1874 1598
f 1695 1326 1874
f 1289 1874 102
f 1289 957 1874
f 1326 494 1874
f 102 1874 494
f 1581 552 1326
f 969 552 1581
f 969 1851 552
f 1851 969 1853
f 1440 439 1851
f 1282 1440 1853
f 1440 1851 1853
f 1282 1578 1440
f 1578 564 1440
f 1326 1136 494
f 1136 47 494
f 47 102 494
f 552 1136 1326
f 1906 47 1136
f 1906 1136 552
f 1851 1906 552
f 439 1906 1851
f 1790 1301 1575
f 1018 1207 1790
f 1239 1790 1062
f 1790 1575 1062
f 1018 1790 1239
f 1018 1239 90
f 590 1239 1062
f 1239 590 90
f 590 1295 1621
f 90 590 1621
f 1092 1295 1461
f 1092 1621 1295
f 1032 1621 1092
f 559 1092 1501
f 1092 1461 1501
f 1576 1092 559
f 1032 1092 1576
f 1412 1207 1018
f 1412 1018 1895
f 1412 1895 1810
f 1799 1412 1810
f 1726 1799 1810
f 1726 1810 1998
f 1018 90 1895
f 1895 90 1705
f 1895 1705 1936
f 1810 1895 1936
f 1998 1810 1936
f 90 1621 1705
f 1705 1621 1032
f 1936 1705 1784
f 1936 1784 1320
f 1998 1936 1320
f 1714 1705 1032
f 1784 1705 1714
f 1714 1032 1576
f 1784 1714 1756
f 1218 1784 1756
f 1320 1784 1218
f 1726 1998 592
f 1937 592 1758
f 592 1998 1580
f 1635 1758 1580
f 1758 592 1580
f 1580 1998 1320
f 1635 1580 1565
f 1580 1320 1446
f 1565 1580 1446
f 1937 1836 1257
f 78 652 606
f 78 606 1406
f 1406 1836 78
f 1836 1406 1257
f 1758 691 1836
f 1758 1836 1937
f 1210 652 78
f 1836 1210 78
f 1210 1836 691
f 173 652 1210
f 984 173 1210
f 691 984 1210
f 1313 691 1758
f 1635 1313 1758
f 984 841 173
f 984 691 1313
f 1635 1277 1313
f 984 31 841
f 1313 31 984
f 1313 1277 31
f 1532 841 31
f 1494 1532 31
f 1494 31 1277
f 1635 1565 1277
f 1565 1504 1277
f 1494 811 1532
f 1494 1277 1504
f 1565 254 1504
f 1494 1504 811
f 1504 1102 811
f 1041 1576 559
f 893 1041 1453
f 1041 559 1453
f 1453 941 206
f 893 1453 206
f 824 206 741
f 470 893 824
f 893 206 824
f 824 741 615
f 775 470 824
f 807 824 615
f 807 775 824
f 1041 1714 1576
f 1756 1714 1696
f 1714 1041 1414
f 1696 1714 1414
f 1756 1696 1418
f 1418 1218 1756
f 1342 1218 1418
f 1218 1342 343
f 343 1320 1218
f 1414 1041 893
f 1414 893 470
f 1262 1591 343
f 1414 470 1299
f 357 1414 1299
f 357 1696 1414
f 1696 357 596
f 1418 1696 596
f 922 1418 596
f 922 1342 1418
f 1850 1307 922
f 1342 922 1307
f 1850 320 1307
f 320 1262 1307
f 343 1342 1307
f 1262 343 1307
f 1299 470 775
f 357 1299 1049
f 1150 596 1049
f 596 357 1049
f 1518 922 1150
f 596 1150 922
f 284 28 1518
f 28 922 1518
f 28 1850 922
f 259 698 284
f 698 49 284
f 49 28 284
f 49 821 1850
f 49 1850 28
f 320 1850 821
f 1624 320 821
f 1624 1262 320
f 1591 1262 1624
f 189 1591 1624
f 195 807 615
f 195 1863 807
f 1863 520 807
f 520 775 807
f 799 1863 195
f 684 520 1863
f 684 1206 520
f 1299 775 520
f 1206 1299 520
f 495 1863 799
f 684 1863 495
f 495 1206 684
f 1049 1299 1206
f 495 799 999
f 999 1286 495
f 1286 1026 495
f 1206 495 1026
f 1150 1206 1026
f 1049 1206 1150
f 1286 1435 1026
f 1435 1150 1026
f 1435 1518 1150
f 1421 345 1286
f 345 1435 1286
f 345 259 1435
f 284 1435 259
f 1435 284 1518
f 379 1421 1690
f 345 1421 379
f 184 345 379
f 814 345 184
f 259 345 814
f 1976 259 814
f 698 259 1976
f 1603 49 698
f 1603 821 49
f 185 469 352
f 469 184 379
f 379 1690 352
f 469 379 352
f 191 184 469
f 1376 1976 814
f 814 184 191
f 1376 814 191
f 93 1976 1376
f 93 1603 698
f 698 1976 93
f 93 1025 1603
f 340 821 1025
f 821 1603 1025
f 892 1624 340
f 1624 821 340
f 1437 1624 892
f 1437 189 1624
f 191 469 631
f 469 185 1689
f 469 1689 631
f 371 631 587
f 371 191 631
f 371 93 1376
f 1376 191 371
f 371 587 1236
f 1236 93 371
f 1236 1025 93
f 827 1025 1236
f 827 340 1025
f 340 827 806
f 806 892 340
f 1469 82 519
f 1075 82 1469
f 1469 1689 1075
f 631 1689 1469
f 177 519 1650
f 1469 519 177
f 587 631 1469
f 587 1469 177
f 1650 745 1941
f 177 1650 1941
f 587 177 1941
f 1941 1236 587
f 972 1236 1941
f 827 1236 972
f 806 827 972
f 1565 1446 1566
f 1320 343 1591
f 1446 1320 1591
f 1446 1591 1990
f 1566 1446 1990
f 1566 1990 1333
f 1591 189 1990
f 1990 189 1437
f 1333 1990 1450
f 1930 1437 1947
f 1930 1990 1437
f 1450 1990 1930
f 1594 892 806
f 1437 892 1594
f 1947 1437 1594
f 1329 1450 1930
f 1426 1594 806
f 1594 1426 1947
f 1566 254 1565
f 1102 910 811
f 1102 1504 254
f 1566 1907 254
f 1907 1330 254
f 423 910 1102
f 1102 1330 423
f 1102 254 1330
f 1333 1907 1566
f 605 1330 1907
f 1330 1197 423
f 1330 605 1197
f 1333 911 1907
f 458 766 1197
f 605 458 1197
f 1907 911 605
f 1333 1450 911
f 1509 766 458
f 605 911 458
f 1450 646 911
f 1450 1929 646
f 1245 1509 458
f 911 1245 458
f 911 646 1245
f 1929 1450 1329
f 646 819 1245
f 819 646 1929
f 1245 347 20
f 347 1245 819
f 403 1384 689
f 403 689 544
f 403 544 650
f 1384 403 519
f 82 1384 519
f 1650 519 403
f 745 403 650
f 745 1650 403
f 1941 745 381
f 1815 1941 381
f 1815 972 1941
f 1426 806 972
f 1426 972 1815
f 689 1263 866
f 544 866 734
f 866 328 734
f 544 689 866
f 216 544 734
f 650 544 216
f 745 650 110
f 106 381 110
f 381 745 110
f 106 1815 381
f 1815 106 74
f 866 1263 335
f 335 1324 34
f 34 866 335
f 34 328 866
f 34 1324 255
f 328 34 255
f 255 734 328
f 1001 734 255
f 1001 216 734
f 124 216 1001
f 124 650 216
f 1312 650 124
f 110 650 1312
f 1682 106 1312
f 106 110 1312
f 106 1682 1693
f 74 106 1693
f 335 1263 235
f 335 235 1564
f 1564 1324 335
f 1324 1564 961
f 663 1324 961
f 255 1324 663
f 964 255 663
f 1001 255 964
f 221 1001 964
f 747 1001 221
f 124 1001 747
f 1684 747 1787
f 1684 124 747
f 1312 124 1684
f 1682 1312 1684
f 977 235 1626
f 1564 235 977
f 1116 1564 977
f 977 134 1116
f 961 1564 1116
f 598 961 1116
f 663 961 598
f 268 663 598
f 43 663 268
f 43 221 964
f 964 663 43
f 1339 1787 361
f 1787 747 361
f 747 221 43
f 747 43 361
f 762 127 231
f 231 401 1658
f 231 1658 762
f 401 488 1658
f 488 1339 1658
f 746 1339 488
f 1787 1339 746
f 1431 1684 746
f 1684 1787 746
f 1684 1431 21
f 21 1682 1684
f 1693 1682 21
f 1693 21 1791
f 855 1626 421
f 977 1626 855
f 134 977 855
f 1116 134 1729
f 7 1116 1729
f 227 318 7
f 318 268 598
f 598 1116 7
f 318 598 7
f 825 727 361
f 825 318 227
f 825 361 43
f 43 268 318
f 825 43 318
f 762 322 127
f 1658 399 1017
f 1017 322 762
f 1658 1017 762
f 1339 399 1658
f 1339 727 399
f 1339 361 727
f 148 231 626
f 1 401 148
f 401 231 148
f 1066 401 1
f 1066 1431 401
f 1431 746 488
f 1431 488 401
f 148 626 1237
f 1237 257 148
f 257 1 148
f 1 644 1066
f 1431 1066 924
f 21 1431 924
f 270 1791 924
f 1791 21 924
f 986 855 1035
f 855 421 1035
f 134 855 986
f 514 134 986
f 1068 134 514
f 1729 134 1068
f 367 1729 1068
f 240 227 367
f 7 1729 367
f 227 7 367
f 252 313 464
f 464 881 252
f 399 881 1017
f 464 322 1017
f 881 464 1017
f 881 56 252
f 727 1380 399
f 1380 881 399
f 56 881 1380
f 56 462 240
f 462 56 1380
f 1380 727 825
f 462 1380 825
f 462 227 240
f 462 825 227
f 1 257 644
f 270 924 1066
f 270 1066 644
f 1454 1791 270
f 738 1035 1666
f 1035 421 1666
f 232 1035 738
f 232 986 1035
f 88 514 986
f 88 986 232
f 222 1068 514
f 222 514 88
f 413 313 252
f 35 413 252
f 35 252 56
f 56 132 35
f 132 56 240
f 1166 132 240
f 1340 132 1166
f 1340 1166 222
f 1166 240 367
f 367 1068 222
f 1166 367 222
f 257 1237 1303
f 1439 257 1303
f 644 257 1439
f 270 644 1439
f 579 1084 1439
f 1084 270 1439
f 1084 1454 270
f 1179 1947 1426
f 878 1930 1179
f 1930 1947 1179
f 1329 1930 878
f 1329 878 1455
f 1426 1815 74
f 1179 1426 74
f 1269 74 1693
f 1269 1179 74
f 1179 1269 1844
f 1844 878 1179
f 1402 878 1844
f 878 1402 1455
f 1693 1791 772
f 772 1269 1693
f 1111 1402 1844
f 1778 1269 772
f 1844 1269 1778
f 1111 1844 1778
f 1791 1454 1568
f 772 1791 1568
f 772 1568 1778
f 1111 1778 1969
f 1111 1969 1767
f 1778 1568 297
f 1455 1354 1929
f 1929 1329 1455
f 1954 20 347
f 819 1354 347
f 1354 819 1929
f 1455 1345 1354
f 651 280 1954
f 651 1954 347
f 1354 651 347
f 1345 651 1354
f 1345 1455 1402
f 1345 1818 651
f 1402 1015 1345
f 1560 280 651
f 651 1818 1560
f 1345 1015 1818
f 1402 1111 1767
f 1767 1015 1402
f 1818 1117 1560
f 1818 728 1117
f 1015 728 1818
f 1767 728 1015
f 728 1141 1117
f 728 1767 1141
f 1972 1141 1767
f 1767 1969 1972
f 1723 424 1117
f 1723 1117 1141
f 1474 1723 1141
f 1474 1141 1972
f 1321 768 1702
f 405 1321 472
f 768 1321 1244
f 1685 1244 405
f 1244 1321 405
f 1099 768 1244
f 1099 1244 1685
f 1087 1099 1685
f 329 1751 768
f 329 768 1099
f 36 329 1099
f 1099 1087 993
f 36 1099 993
f 1346 1553 329
f 1553 721 329
f 214 1346 36
f 1346 329 36
f 36 993 39
f 39 214 36
f 1645 522 721
f 1645 721 1553
f 214 241 1346
f 241 1553 1346
f 1645 1553 241
f 214 39 295
f 295 1107 214
f 1107 241 214
f 738 1666 1499
f 618 232 738
f 1353 1019 618
f 1019 88 232
f 1019 232 618
f 953 1019 1353
f 953 222 88
f 953 88 1019
f 802 313 413
f 808 802 413
f 35 808 413
f 132 60 35
f 60 808 35
f 60 132 1340
f 1013 60 1340
f 1013 1340 953
f 1340 222 953
f 96 802 808
f 1559 96 808
f 1387 808 60
f 1387 1559 808
f 1387 60 1013
f 1233 577 729
f 577 570 729
f 1303 570 577
f 579 1303 577
f 577 1233 573
f 579 577 573
f 1439 1303 579
f 1084 579 1876
f 918 738 1499
f 918 618 738
f 863 618 918
f 863 1353 618
f 656 1353 863
f 656 953 1353
f 1403 953 656
f 1403 1013 953
f 307 96 1559
f 649 307 1559
f 649 1559 1387
f 776 649 1387
f 1387 301 776
f 301 1387 1013
f 301 1013 1403
f 1860 307 649
f 1860 649 116
f 283 307 1860
f 169 116 848
f 116 649 776
f 776 301 848
f 116 776 848
f 141 283 1860
f 1860 116 141
f 429 828 396
f 396 283 141
f 429 396 141
f 429 729 828
f 790 116 169
f 790 169 438
f 790 429 141
f 141 116 790
f 1233 729 429
f 262 429 790
f 790 438 262
f 262 1233 429
f 573 1233 262
f 262 438 1186
f 1876 579 573
f 573 262 1186
f 1876 573 1186
f 1876 1186 720
f 720 1084 1876
f 966 918 1499
f 1890 918 966
f 171 918 1890
f 863 918 171
f 1125 863 171
f 656 863 1125
f 844 656 1125
f 1403 656 844
f 1950 848 301
f 1950 1403 844
f 1950 301 1403
f 848 1950 1274
f 1274 169 848
f 1886 438 1274
f 438 169 1274
f 133 438 1886
f 133 1186 438
f 1186 133 720
f 966 349 638
f 1126 966 638
f 1890 966 1126
f 604 1890 1126
f 171 1890 604
f 1222 171 604
f 1125 171 1222
f 844 1125 1222
f 844 1222 1811
f 1950 844 1811
f 996 1274 1950
f 1886 1274 996
f 858 1886 996
f 133 1886 858
f 133 858 1897
f 720 133 1897
f 355 349 1781
f 638 349 355
f 75 638 539
f 638 355 539
f 75 1126 638
f 604 1126 75
f 1858 604 75
f 1222 604 1858
f 1811 1222 1858
f 996 1950 1811
f 996 1811 621
f 1897 858 1306
f 1781 1489 612
f 355 1781 612
f 355 612 1657
f 539 355 1657
f 1983 75 539
f 539 1657 1983
f 1983 1858 75
f 1554 1858 1983
f 1811 1858 1554
f 621 1811 1554
f 1522 996 621
f 1522 858 996
f 1306 858 1522
f 612 522 1645
f 612 1489 522
f 311 1645 241
f 612 1645 311
f 1657 612 311
f 311 241 1107
f 215 311 1107
f 1657 311 215
f 1983 1657 215
f 1554 1983 215
f 621 1554 1459
f 1522 621 1459
f 871 1522 1459
f 1522 871 1466
f 1306 1522 1466
f 1372 1107 295
f 1372 215 1107
f 1554 215 1372
f 2000 1554 1372
f 1459 1554 2000
f 962 1454 1084
f 1568 1454 962
f 1568 962 297
f 1809 1778 1800
f 1778 297 1800
f 1809 1969 1778
f 1173 962 720
f 962 1084 720
f 962 1173 1782
f 297 962 1782
f 1800 297 1782
f 1809 1800 1196
f 1173 720 1897
f 1525 1782 1173
f 1800 1782 1525
f 1390 1897 1306
f 1525 1173 1390
f 1173 1897 1390
f 1800 1525 1369
f 1881 1800 1369
f 1196 1800 1881
f 1027 1525 1390
f 1027 1369 1525
f 1563 1881 1369
f 1390 1306 1466
f 1945 1563 1369
f 1569 1390 1466
f 1027 1390 1569
f 1513 1369 1027
f 1945 1369 1513
f 1972 1969 1809
f 1474 1972 1208
f 1736 1208 1809
f 1208 1972 1809
f 1474 714 1723
f 1208 714 1474
f 1736 1809 1196
f 714 1302 1723
f 714 1208 1736
f 609 1736 1881
f 1736 1196 1881
f 609 714 1736
f 639 609 1881
f 1958 1302 714
f 1448 1958 714
f 609 1448 714
f 1448 609 639
f 639 1881 1563
f 1448 1281 1958
f 1448 639 1746
f 639 1563 1746
f 1563 914 1746
f 1448 1746 1281
f 914 1020 1746
f 914 1563 1945
f 1020 1281 1746
f 1174 1803 70
f 1174 70 1523
f 212 1803 1174
f 504 1174 1523
f 1321 1702 212
f 1321 212 1174
f 1174 472 1321
f 9 472 504
f 472 1174 504
f 405 472 9
f 405 9 267
f 267 1685 405
f 1087 1685 267
f 993 1087 1482
f 993 1482 1083
f 39 993 1083
f 39 1083 1191
f 295 39 1191
f 978 504 1523
f 443 504 978
f 443 9 504
f 9 443 1599
f 1072 267 1599
f 267 9 1599
f 1087 267 1072
f 1072 1482 1087
f 150 978 543
f 443 978 150
f 1599 443 150
f 1599 150 1072
f 1482 1072 1083
f 543 774 150
f 1191 1083 1072
f 1191 1072 959
f 150 774 1804
f 1804 1072 150
f 1816 959 1072
f 1816 1072 1804
f 213 1816 1804
f 1883 295 1191
f 1883 1372 295
f 1372 1883 2000
f 1459 2000 871
f 1466 871 1569
f 2000 1883 1595
f 871 2000 1595
f 959 1883 1191
f 1595 1883 959
f 696 871 959
f 871 1595 959
f 696 1817 1569
f 1569 871 696
f 696 959 1816
f 1816 1634 1992
f 696 1816 1992
f 1027 1569 1817
f 1513 1027 1817
f 694 1945 1513
f 1054 1513 1817
f 694 1513 1054
f 694 1054 1789
f 1512 1789 1054
f 1054 1817 696
f 1604 1512 1054
f 1574 1054 696
f 1054 1574 1604
f 960 1604 1574
f 1574 696 1992
f 914 1327 1020
f 1945 694 1327
f 914 1945 1327
f 1020 1864 1281
f 1864 1541 1281
f 1864 1020 1327
f 1327 1789 101
f 1327 694 1789
f 1297 1541 1864
f 1997 1297 1864
f 101 1864 1327
f 1512 1044 101
f 1789 1512 101
f 101 1044 1997
f 1997 1864 101
f 1512 1014 1044
f 1044 1164 1997
f 1014 1512 1604
f 1997 1164 1760
f 1044 1014 1164
f 1213 1014 1604
f 1164 155 1760
f 1227 155 1164
f 1014 1213 1164
f 1213 1227 1164
f 697 1604 960
f 1213 1604 697
f 1213 1586 1227
f 697 1586 1213
f 1332 774 1924
f 1804 774 1332
f 1804 1332 1506
f 213 1804 525
f 932 1804 1506
f 525 1804 932
f 525 1498 718
f 213 525 718
f 1332 1924 1115
f 1332 1473 695
f 1506 1332 695
f 1506 695 856
f 856 932 1506
f 932 856 422
f 722 1000 1042
f 1000 422 1042
f 932 422 1000
f 525 932 1000
f 1382 722 1798
f 1382 417 722
f 1000 722 417
f 1498 1000 417
f 1498 525 1000
f 1382 1798 523
f 1188 417 1382
f 1188 1498 417
f 718 1498 1188
f 302 765 1292
f 1115 1292 765
f 765 1332 1115
f 1508 302 372
f 1508 715 302
f 715 1473 302
f 1473 765 302
f 1473 1332 765
f 1508 1119 1492
f 641 1508 1492
f 715 1508 641
f 695 1473 715
f 785 641 1492
f 1692 715 641
f 1692 695 715
f 856 695 1692
f 1002 641 785
f 1692 641 1002
f 1002 1042 1546
f 1546 1692 1002
f 1546 856 1692
f 422 1546 1042
f 422 856 1546
f 1798 1002 785
f 1798 722 1002
f 722 1042 1002
f 743 1119 1508
f 1508 372 743
f 302 1292 372
f 1687 1816 213
f 1934 1816 1687
f 1816 1934 1634
f 888 1687 213
f 1687 888 1405
f 1934 1687 1405
f 213 718 218
f 218 888 213
f 888 218 1661
f 888 1661 1405
f 1634 1934 164
f 1230 294 523
f 294 1382 523
f 294 1188 1382
f 903 1188 294
f 903 718 1188
f 218 718 903
f 1149 294 1230
f 1149 660 294
f 660 903 294
f 1661 218 903
f 1661 903 660
f 1149 1230 706
f 706 325 1149
f 325 928 1149
f 928 660 1149
f 928 565 138
f 138 660 928
f 1661 660 138
f 565 496 138
f 1405 1661 138
f 496 1405 138
f 575 928 325
f 575 565 928
f 109 496 565
f 109 1405 496
f 109 1934 1405
f 164 1934 109
f 164 109 624
f 699 1634 164
f 958 575 1311
f 575 325 1311
f 278 575 958
f 278 565 575
f 624 109 565
f 624 565 278
f 1938 958 1311
f 958 1659 278
f 1659 658 278
f 624 278 658
f 699 164 624
f 624 658 699
f 159 1634 699
f 159 1879 1634
f 958 1938 1659
f 736 658 1659
f 1968 736 1659
f 699 658 736
f 1417 699 736
f 476 159 1417
f 159 699 1417
f 1938 917 1968
f 1659 1938 1968
f 435 1417 1968
f 1417 736 1968
f 476 1417 435
f 1574 1992 1827
f 1827 960 1574
f 1837 960 1096
f 960 1827 1096
f 1992 1634 1879
f 1992 1727 1827
f 1727 1992 1879
f 1827 1727 499
f 1096 1827 499
f 1727 1879 1357
f 128 1096 499
f 1357 1879 159
f 1094 1727 1357
f 1483 499 1094
f 499 1727 1094
f 499 1483 128
f 1094 1357 1617
f 334 1483 1094
f 128 1483 1300
f 300 159 1612
f 159 476 1612
f 300 1357 159
f 1617 1357 300
f 1094 1617 1137
f 334 1137 793
f 334 1094 1137
f 1700 1300 334
f 1300 1483 334
f 564 1030 1700
f 1030 1300 1700
f 697 960 1837
f 1586 697 1837
f 1227 1378 155
f 1152 1378 1227
f 1152 1227 1586
f 1238 1586 1837
f 1152 1586 1238
f 909 1837 1096
f 1238 1837 909
f 1152 837 1378
f 1152 1205 837
f 1238 909 1205
f 1205 1152 1238
f 885 1096 128
f 885 909 1096
f 837 1468 1856
f 1205 597 837
f 597 1468 837
f 597 909 885
f 1205 909 597
f 1468 1154 1856
f 931 1468 597
f 597 885 931
f 128 1300 874
f 591 931 885
f 885 128 874
f 591 885 874
f 1398 501 1154
f 1398 1154 1468
f 1398 1468 931
f 1071 1030 564
f 874 1300 1030
f 849 1030 1071
f 874 1030 849
f 591 874 849
f 501 1071 1449
f 501 1449 1154
f 501 849 1071
f 1398 849 501
f 931 849 1398
f 849 931 591
f 435 1968 1994
f 1968 917 1994
f 1289 917 957
f 1994 917 1289
f 1994 476 435
f 476 1994 5
f 1994 1289 865
f 5 1994 865
f 102 740 1289
f 865 1289 740
f 476 5 1612
f 690 1617 300
f 386 1617 690
f 1617 386 1137
f 1752 386 439
f 1752 793 386
f 793 1137 386
f 1752 439 1440
f 564 1752 1440
f 564 1700 1752
f 793 1752 1700
f 1700 334 793
f 47 740 102
f 47 515 740
f 163 865 740
f 515 163 740
f 163 5 865
f 1612 5 163
f 1985 163 515
f 1612 163 1985
f 1985 300 1612
f 515 47 1906
f 1906 33 515
f 33 1985 515
f 33 690 1985
f 690 300 1985
f 439 33 1906
f 386 33 439
f 386 690 33

