# https://github.com/mikedh/trimesh
mtllib material.mtl

o black_rubber
usemtl material_0
v 0.03500800 -0.00002000 0.14255800
v 0.03400000 -0.00832400 0.14255800
v 0.03103300 -0.01614600 0.14255800
v 0.02628100 -0.02303100 0.14255800
v 0.02002000 -0.02857800 0.14255800
v 0.01261300 -0.03246500 0.14255800
v 0.00449100 -0.03446700 0.14255800
v -0.00387500 -0.03446700 0.14255800
v -0.01199700 -0.03246500 0.14255800
v -0.01940400 -0.02857800 0.14255800
v -0.02566500 -0.02303100 0.14255800
v -0.03041700 -0.01614600 0.14255800
v -0.03338400 -0.00832400 0.14255800
v -0.03439200 -0.00002000 0.14255800
v 0.03500800 -0.00002000 0.14955800
v 0.03400000 -0.00832400 0.14955800
v 0.03103300 -0.01614600 0.14955800
v 0.02628100 -0.02303100 0.14955800
v 0.02002000 -0.02857800 0.14955800
v 0.01261300 -0.03246500 0.14955800
v 0.00449100 -0.03446700 0.14955800
v -0.00387500 -0.03446700 0.14955800
v -0.01199700 -0.03246500 0.14955800
v -0.01940400 -0.02857800 0.14955800
v -0.02566500 -0.02303100 0.14955800
v -0.03041700 -0.01614600 0.14955800
v -0.03338400 -0.00832400 0.14955800
v -0.03439200 -0.00002000 0.14955800
v -0.03338400 0.00828400 0.14255800
v -0.03041700 0.01610600 0.14255800
v -0.02566500 0.02299000 0.14255800
v -0.01940400 0.02853700 0.14255800
v -0.01199700 0.03242500 0.14255800
v -0.00387500 0.03442700 0.14255800
v 0.00449100 0.03442700 0.14255800
v 0.01261300 0.03242500 0.14255800
v 0.02002000 0.02853700 0.14255800
v 0.02628100 0.02299000 0.14255800
v 0.03103300 0.01610600 0.14255800
v 0.03400000 0.00828400 0.14255800
v -0.03338400 0.00828400 0.14955800
v -0.03041700 0.01610600 0.14955800
v -0.02566500 0.02299000 0.14955800
v -0.01940400 0.02853700 0.14955800
v -0.01199700 0.03242500 0.14955800
v -0.00387500 0.03442700 0.14955800
v 0.00449100 0.03442700 0.14955800
v 0.01261300 0.03242500 0.14955800
v 0.02002000 0.02853700 0.14955800
v 0.02628100 0.02299000 0.14955800
v 0.03103300 0.01610600 0.14955800
v 0.03400000 0.00828400 0.14955800
v 0.00819100 0.04659700 0.00475200
v 0.00819600 0.04666300 0.00111800
v 0.00634000 0.04680400 0.00006300
v 0.00635300 0.04680300 0.00005800
v 0.00030800 0.04698000 0.00005800
v 0.00030800 0.04601400 0.01765300
v 0.00030800 0.04358600 0.03505800
v 0.03530800 0.03974400 0.00005800
v 0.03431500 0.03957000 0.00833700
v 0.03144700 0.03950700 0.01603800
v 0.02743100 0.04018900 0.02217900
v 0.02274700 0.04140400 0.02691800
v 0.01726900 0.04259400 0.03067400
v 0.01113600 0.04333300 0.03334100
v 0.00580500 0.04356000 0.03462400
v 0.02877800 0.04272600 0.00005800
v 0.02045300 0.04493600 0.00005800
v 0.01184800 0.04630000 0.00005800
v 0.01184200 0.04630000 0.00007400
v 0.01182900 0.04619400 0.00597100
v 0.01163600 0.04618800 0.00669400
v 0.01149400 0.04619400 0.00694900
v 0.01140500 0.04620000 0.00705700
v 0.01130200 0.04620700 0.00715400
v 0.01103300 0.04622800 0.00735900
v 0.00450200 0.04651000 0.01117200
v 0.00389000 0.04651800 0.01137800
v 0.00359100 0.04652400 0.01141900
v 0.00325100 0.04653500 0.01139200
v 0.00290900 0.04655000 0.01128900
v 0.00259100 0.04656800 0.01112100
v 0.00231500 0.04658800 0.01090100
v 0.00208600 0.04660900 0.01062500
v 0.00193600 0.04663100 0.01032400
v 0.00183900 0.04665400 0.00996900
v 0.00177600 0.04667700 0.00960600
v 0.00190400 0.04671300 0.00898300
v 0.00201600 0.04672700 0.00870900
v 0.00218900 0.04673800 0.00846200
v 0.00241300 0.04674600 0.00824700
v 0.00266300 0.04675200 0.00804800
v 0.00177100 0.04694700 0.00291300
v 0.00199600 0.04695900 0.00208800
v 0.00218200 0.04696000 0.00176600
v 0.00239900 0.04696000 0.00153700
v 0.00271700 0.04695600 0.00132400
v 0.00305400 0.04694900 0.00118600
v 0.00340300 0.04694000 0.00111800
v 0.00376100 0.04692900 0.00112000
v 0.00410900 0.04691600 0.00119100
v 0.00443900 0.04690100 0.00133100
v 0.00473300 0.04688600 0.00153000
v 0.00498800 0.04687100 0.00179000
v 0.00517600 0.04685800 0.00208900
v 0.00530500 0.04684500 0.00248500
v 0.00537400 0.04683400 0.00291400
v 0.00515000 0.04682800 0.00373800
v 0.00496300 0.04683000 0.00406000
v 0.00474600 0.04683400 0.00428900
v 0.00442900 0.04684200 0.00450200
v 0.00409100 0.04685100 0.00463900
v 0.00374300 0.04686100 0.00470700
v 0.00338500 0.04687200 0.00470500
v 0.00303800 0.04688400 0.00463400
v 0.00270700 0.04689500 0.00449500
v 0.00241300 0.04690600 0.00429600
v 0.00215800 0.04691700 0.00403700
v 0.00197000 0.04692700 0.00373800
v 0.00184100 0.04693800 0.00334200
v 0.02714900 0.04308700 0.00541600
v 0.02635300 0.04313700 0.00807900
v 0.02152800 0.04448100 0.00761400
v 0.02207800 0.04405900 0.01137100
v 0.02397500 0.04308500 0.01507500
v 0.02200500 0.04406600 0.01149800
v 0.01861300 0.04495500 0.00989900
v 0.01996400 0.04425800 0.01460000
v 0.01992000 0.04426300 0.01465400
v 0.01987000 0.04426900 0.01470200
v 0.01973900 0.04428900 0.01480400
v 0.01718000 0.04506600 0.01209100
v 0.01711700 0.04507200 0.01216000
v 0.01699500 0.04508700 0.01226000
v 0.02081500 0.04351500 0.01885400
v 0.01721400 0.04458200 0.01717900
v 0.01723700 0.04402600 0.02168600
v 0.01116600 0.04510600 0.02094900
v 0.00907600 0.04491800 0.02417400
v -0.00738700 0.04667900 0.00112000
v -0.00738000 0.04661300 0.00475400
v -0.00185100 0.04675600 0.00804800
v -0.00125400 0.04673100 0.00866400
v -0.00107100 0.04671400 0.00899000
v -0.00098500 0.04669700 0.00929400
v -0.00096500 0.04667200 0.00972100
v -0.00103400 0.04664700 0.01010700
v -0.00118000 0.04662300 0.01046300
v -0.00139800 0.04659900 0.01078300
v -0.00167800 0.04657800 0.01104800
v -0.00200800 0.04655900 0.01125000
v -0.00237500 0.04654200 0.01137900
v -0.00276200 0.04653000 0.01142200
v -0.00313100 0.04652300 0.01137300
v -0.00340100 0.04652000 0.01128800
v -0.00369000 0.04651700 0.01117300
v -0.01022200 0.04624900 0.00736200
v -0.01075700 0.04621300 0.00681900
v -0.01089900 0.04620700 0.00657700
v -0.01098200 0.04620900 0.00629200
v -0.01101900 0.04621600 0.00597300
v -0.01103300 0.04632300 0.00007700
v -0.01102600 0.04632400 0.00005800
v -0.02333200 0.04414400 0.00005800
v -0.02976500 0.04214200 0.00005800
v -0.03469200 0.03974400 0.00005800
v -0.00787600 0.04348300 0.03408800
v -0.01487200 0.04287300 0.03159500
v -0.02055300 0.04179100 0.02816200
v -0.02547800 0.04052500 0.02372400
v -0.02946400 0.03966100 0.01846000
v -0.03239500 0.03946700 0.01252800
v -0.03411800 0.03963200 0.00637200
v -0.00534100 0.04682800 0.00005800
v -0.00544900 0.04682100 0.00004400
v -0.00552400 0.04681700 0.00006100
v -0.00456300 0.04684400 0.00291500
v -0.00451300 0.04685400 0.00249700
v -0.00436500 0.04686800 0.00209400
v -0.00413300 0.04688300 0.00174300
v -0.00382200 0.04690000 0.00145500
v -0.00345300 0.04691700 0.00124800
v -0.00304700 0.04693200 0.00113300
v -0.00262000 0.04694500 0.00111700
v -0.00220600 0.04695400 0.00119900
v -0.00182300 0.04696000 0.00137600
v -0.00148900 0.04696300 0.00164000
v -0.00122500 0.04696200 0.00197400
v -0.00104800 0.04695800 0.00235800
v -0.00098300 0.04695400 0.00263200
v -0.00096100 0.04694900 0.00291600
v -0.00101000 0.04694000 0.00333600
v -0.00115800 0.04692900 0.00373400
v -0.00139300 0.04691800 0.00408500
v -0.00170200 0.04690600 0.00437200
v -0.00207200 0.04689300 0.00457800
v -0.00248000 0.04688100 0.00469400
v -0.00290200 0.04686800 0.00471100
v -0.00331500 0.04685700 0.00462900
v -0.00370200 0.04684800 0.00445200
v -0.00403300 0.04684100 0.00418900
v -0.00429400 0.04683700 0.00385700
v -0.00447500 0.04683800 0.00347000
v -0.00454200 0.04684000 0.00319600
v -0.03019700 0.04165900 0.00632400
v -0.02814600 0.04247000 0.00630600
v -0.02868900 0.04179000 0.01038000
v -0.02669000 0.04269500 0.00930900
v -0.02154800 0.04428000 0.00839500
v -0.02074000 0.04413000 0.01253800
v -0.01748100 0.04500400 0.01063600
v -0.02066800 0.04413600 0.01265900
v -0.02240900 0.04320700 0.01636300
v -0.01857500 0.04436200 0.01531200
v -0.01586000 0.04514600 0.01266800
v -0.01831400 0.04439100 0.01558100
v -0.01910900 0.04368300 0.01978600
v -0.01565600 0.04469600 0.01780200
v -0.01176100 0.04551400 0.01559700
v -0.01251600 0.04499900 0.01969600
v -0.01333400 0.04438800 0.02366900
v 0.00175800 0.04691700 -0.00354400
v 0.00175700 0.04669000 -0.00740700
v 0.00175500 0.04631500 -0.01125800
v 0.00198000 0.04621300 -0.01208600
v 0.00206600 0.04619100 -0.01225800
v 0.00216700 0.04617000 -0.01241000
v 0.00238600 0.04613700 -0.01263800
v 0.00274500 0.04609800 -0.01287300
v 0.00311800 0.04607100 -0.01301000
v 0.00350200 0.04605200 -0.01306600
v 0.00389100 0.04604200 -0.01304000
v 0.00426600 0.04604200 -0.01293200
v 0.00461100 0.04605100 -0.01274800
v 0.00491100 0.04607000 -0.01249600
v 0.00514600 0.04609800 -0.01218300
v 0.00529000 0.04613200 -0.01184000
v 0.00535100 0.04616100 -0.01157500
v 0.00540200 0.04619500 -0.01125300
v 0.00540900 0.04651800 -0.00797700
v 0.00541100 0.04673900 -0.00469200
v 0.00823800 0.04661100 -0.00308600
v 0.01105700 0.04637800 -0.00147800
v 0.01157800 0.04632600 -0.00095900
v 0.01172400 0.04631100 -0.00071400
v 0.01177100 0.04630700 -0.00058800
v 0.01180200 0.04630400 -0.00045700
v 0.01184300 0.04630000 -0.00011800
v 0.02877800 0.04272600 0.00005800
v 0.00030800 0.03974400 -0.03494200
v 0.00892700 0.03974400 -0.03386400
v 0.01673300 0.03974400 -0.03084900
v 0.02317400 0.03974400 -0.02644000
v 0.02851700 0.03974400 -0.02066100
v 0.03238000 0.03974400 -0.01395600
v 0.03461300 0.03974400 -0.00688200
v 0.00030800 0.04292500 -0.02782100
v 0.00030800 0.04552600 -0.01691500
v 0.00030800 0.04679700 -0.00608800
v 0.00030800 0.04698000 0.00005800
v 0.00449400 0.04689800 -0.00098600
v 0.00263800 0.04694300 -0.00203700
v 0.00205100 0.04694100 -0.00260900
v 0.00189200 0.04693600 -0.00287900
v 0.00180100 0.04692800 -0.00320000
v 0.00954600 0.04582600 -0.01187600
v 0.01005900 0.04569600 -0.01253800
v 0.01035000 0.04564000 -0.01276000
v 0.01063300 0.04559500 -0.01288400
v 0.01100200 0.04554700 -0.01295800
v 0.01136400 0.04550900 -0.01295300
v 0.01170800 0.04547900 -0.01288200
v 0.01203500 0.04546000 -0.01274300
v 0.01232700 0.04545000 -0.01254500
v 0.01257700 0.04545100 -0.01229200
v 0.01277200 0.04546300 -0.01199700
v 0.01290900 0.04548600 -0.01166200
v 0.01296900 0.04551800 -0.01131700
v 0.01293900 0.04556700 -0.01090900
v 0.01284000 0.04562400 -0.01049200
v 0.01118600 0.04615900 -0.00648500
v 0.01069200 0.04625200 -0.00584100
v 0.01040700 0.04629500 -0.00561200
v 0.01022600 0.04631900 -0.00551800
v 0.00986900 0.04636000 -0.00541500
v 0.00952500 0.04639500 -0.00538900
v 0.00918300 0.04642400 -0.00542700
v 0.00885500 0.04644800 -0.00552900
v 0.00855200 0.04646400 -0.00569200
v 0.00828500 0.04647400 -0.00591000
v 0.00806500 0.04647500 -0.00617500
v 0.00789900 0.04646800 -0.00647700
v 0.00779200 0.04645400 -0.00680400
v 0.00776200 0.04644200 -0.00699300
v 0.00775100 0.04642900 -0.00718400
v 0.00778500 0.04640000 -0.00753300
v 0.00788700 0.04636600 -0.00786800
v 0.02565800 0.04314200 -0.00982200
v 0.02485700 0.04228900 -0.01663700
v 0.02167900 0.04435900 -0.00778100
v 0.02266600 0.04333900 -0.01429200
v 0.02262200 0.04331000 -0.01453400
v 0.02186800 0.04226500 -0.02044400
v 0.02085000 0.04331000 -0.01694000
v 0.02073400 0.04329000 -0.01718200
v 0.02058700 0.04327900 -0.01740700
v 0.01822900 0.04227100 -0.02367200
v 0.01774200 0.04524300 -0.00633700
v 0.01765200 0.04527000 -0.00614500
v 0.01753000 0.04530300 -0.00596000
v 0.01605400 0.04563700 -0.00414900
v 0.01925600 0.04419200 -0.01375500
v 0.01849200 0.04327900 -0.01957800
v 0.01829300 0.04327800 -0.01976500
v 0.01807600 0.04328700 -0.01992400
v 0.01806500 0.04416500 -0.01542400
v 0.01791100 0.04414800 -0.01570200
v 0.01572100 0.04328700 -0.02179200
v 0.01547700 0.04330400 -0.02189100
v 0.01646400 0.04414100 -0.01721800
v 0.01523200 0.04333100 -0.02195300
v 0.01621900 0.04414500 -0.01742200
v 0.01458100 0.04416000 -0.01870900
v 0.01428900 0.04418500 -0.01880500
v 0.01052500 0.04319900 -0.02496100
v 0.00770800 0.04147900 -0.03074200
v 0.00415400 0.04147900 -0.03138400
v 0.00776400 0.04442500 -0.02115100
v 0.00755900 0.04445300 -0.02109600
v 0.00736600 0.04448800 -0.02100200
v 0.00563500 0.04556100 -0.01583800
v 0.00087700 0.04697500 -0.00128000
v 0.01332600 0.04188500 -0.02776900
v -0.03361400 0.03974400 -0.00856100
v -0.03059900 0.03974400 -0.01636700
v -0.02619000 0.03974400 -0.02280900
v -0.02041100 0.03974400 -0.02815100
v -0.01370600 0.03974400 -0.03201400
v -0.00663200 0.03974400 -0.03424700
v -0.01097800 0.04632900 0.00005800
v -0.01103200 0.04632300 -0.00002300
v -0.01103400 0.04632300 -0.00011500
v -0.01084400 0.04634100 -0.00082800
v -0.01070500 0.04635400 -0.00107700
v -0.01061800 0.04636200 -0.00118100
v -0.01052000 0.04637200 -0.00127300
v -0.01024900 0.04639900 -0.00147600
v -0.00742900 0.04662700 -0.00308400
v -0.00460300 0.04674900 -0.00469100
v -0.00460100 0.04652800 -0.00797600
v -0.00459600 0.04620500 -0.01125200
v -0.00436900 0.04611800 -0.01208200
v -0.00420300 0.04608900 -0.01237500
v -0.00398800 0.04606900 -0.01261000
v -0.00367200 0.04605400 -0.01283200
v -0.00333200 0.04604800 -0.01297800
v -0.00298000 0.04605000 -0.01305400
v -0.00261800 0.04606100 -0.01306000
v -0.00226400 0.04607900 -0.01299600
v -0.00192600 0.04610400 -0.01286300
v -0.00162400 0.04613600 -0.01266900
v -0.00136100 0.04617300 -0.01241500
v -0.00116500 0.04621300 -0.01211700
v -0.00102400 0.04626400 -0.01170700
v -0.00094900 0.04631800 -0.01125800
v -0.00094900 0.04669300 -0.00740600
v -0.00094900 0.04691900 -0.00354300
v -0.00115700 0.04694200 -0.00275500
v -0.00131500 0.04694600 -0.00248000
v -0.00154400 0.04694800 -0.00224800
v -0.00182800 0.04694700 -0.00203600
v -0.00360900 0.04690900 -0.00102900
v 0.00030800 0.04698000 0.00005800
v -0.01037900 0.04618000 -0.00648300
v -0.01203500 0.04564800 -0.01049000
v -0.01214000 0.04554300 -0.01132500
v -0.01209100 0.04550800 -0.01169000
v -0.01197800 0.04548700 -0.01198000
v -0.01176900 0.04547400 -0.01229700
v -0.01151100 0.04547300 -0.01255200
v -0.01121700 0.04548200 -0.01274800
v -0.01088900 0.04550200 -0.01288300
v -0.01054400 0.04553100 -0.01295100
v -0.01018800 0.04556900 -0.01295100
v -0.00984500 0.04561300 -0.01288300
v -0.00951300 0.04566400 -0.01274500
v -0.00922900 0.04571600 -0.01254600
v -0.00896400 0.04577900 -0.01223700
v -0.00874000 0.04584300 -0.01187400
v -0.00707900 0.04638100 -0.00786700
v -0.00697300 0.04645300 -0.00702800
v -0.00698600 0.04646600 -0.00683800
v -0.00702100 0.04647600 -0.00666000
v -0.00713400 0.04648700 -0.00636700
v -0.00737400 0.04649100 -0.00601600
v -0.00765500 0.04648400 -0.00575300
v -0.00798200 0.04646800 -0.00555700
v -0.00834200 0.04644400 -0.00543300
v -0.00872400 0.04641200 -0.00538800
v -0.00909900 0.04637500 -0.00542300
v -0.00946800 0.04633200 -0.00554000
v -0.00979600 0.04628800 -0.00573100
v -0.01005900 0.04624500 -0.00599000
v -0.01021500 0.04621500 -0.00621000
v -0.00597100 0.04147900 -0.03099000
v -0.00935400 0.04319500 -0.02519500
v -0.01607700 0.04230000 -0.02466300
v -0.00665000 0.04450100 -0.02097500
v -0.00683200 0.04446900 -0.02106200
v -0.00703400 0.04444100 -0.02111700
v -0.00724500 0.04442100 -0.02113800
v -0.01385800 0.04332500 -0.02247200
v -0.01990900 0.04228000 -0.02171500
v -0.01628800 0.04332500 -0.02074700
v -0.01652700 0.04330700 -0.02063000
v -0.01675300 0.04329900 -0.02048000
v -0.02318000 0.04229000 -0.01809600
v -0.01895500 0.04329900 -0.01843000
v -0.01914600 0.04330000 -0.01822500
v -0.00494100 0.04557000 -0.01580700
v -0.01931400 0.04331100 -0.01798800
v -0.01469900 0.04418300 -0.01800900
v -0.01497500 0.04416800 -0.01785300
v -0.02121600 0.04331100 -0.01567100
v -0.02129700 0.04333000 -0.01545500
v -0.01651700 0.04416400 -0.01643700
v -0.01672900 0.04417100 -0.01617800
v -0.03145900 0.04101900 -0.00758000
v -0.01803500 0.04418800 -0.01457700
v -0.02861400 0.04226700 -0.00689600
v -0.02323600 0.04361600 -0.01004500
v -0.01868800 0.04489800 -0.00718400
v -0.01864500 0.04492100 -0.00698500
v -0.01844600 0.04498700 -0.00657000
v -0.01695900 0.04536600 -0.00462300
v -0.02789300 0.04167800 -0.01332900
v -0.02653700 0.04227800 -0.01268500
v 0.00176800 0.04664700 0.00290700
v 0.00199200 0.04665900 0.00208400
v 0.00217200 0.04666000 0.00176900
v 0.00238500 0.04666000 0.00154300
v 0.00274300 0.04665500 0.00130400
v 0.00311000 0.04664800 0.00116600
v 0.00349300 0.04663700 0.00111000
v 0.00387800 0.04662400 0.00113600
v 0.00424600 0.04661000 0.00124300
v 0.00458800 0.04659300 0.00142800
v 0.00488400 0.04657700 0.00168300
v 0.00511200 0.04656200 0.00199200
v 0.00525100 0.04655000 0.00233000
v 0.00531300 0.04654300 0.00260300
v 0.00535800 0.04653500 0.00290800
v 0.00513400 0.04652900 0.00373100
v 0.00495400 0.04653000 0.00404600
v 0.00474200 0.04653400 0.00427100
v 0.00438300 0.04654300 0.00451000
v 0.00401600 0.04655300 0.00464800
v 0.00363400 0.04656500 0.00470400
v 0.00324900 0.04657700 0.00467800
v 0.00288100 0.04658900 0.00457100
v 0.00253900 0.04660200 0.00438600
v 0.00224300 0.04661300 0.00413200
v 0.00201500 0.04662500 0.00382400
v 0.00187500 0.04663400 0.00348500
v 0.00181400 0.04664100 0.00321200
v 0.01100000 0.04593000 0.00734600
v 0.00449000 0.04621100 0.01115200
v 0.01179400 0.04589600 0.00596000
v 0.01159600 0.04589100 0.00669500
v 0.01145900 0.04589600 0.00693900
v 0.01125500 0.04591000 0.00715400
v 0.01180700 0.04600200 0.00007400
v 0.01181300 0.04600200 0.00005800
v 0.00633300 0.04650400 0.00005800
v 0.00632100 0.04650500 0.00006300
v 0.00817100 0.04636400 0.00111600
v 0.00816600 0.04629800 0.00474300
v 0.00265700 0.04645300 0.00803200
v 0.00177400 0.04637800 0.00958800
v 0.00190400 0.04641400 0.00895700
v 0.00201500 0.04642700 0.00868800
v 0.00218100 0.04643800 0.00845000
v 0.00240300 0.04644700 0.00823600
v 0.00387900 0.04621900 0.01135700
v 0.00358500 0.04622500 0.01139800
v 0.00324900 0.04623600 0.01137200
v 0.00290600 0.04625100 0.01126900
v 0.00258400 0.04626900 0.01109800
v 0.00230500 0.04628900 0.01087500
v 0.00207900 0.04631000 0.01060100
v 0.00193200 0.04633100 0.01030300
v 0.00183600 0.04635500 0.00995300
v -0.00454800 0.04654500 0.00290900
v -0.00449700 0.04655500 0.00249100
v -0.00435100 0.04656800 0.00209200
v -0.00411900 0.04658300 0.00174000
v -0.00380900 0.04660000 0.00145300
v -0.00344100 0.04661700 0.00124600
v -0.00303600 0.04663200 0.00113100
v -0.00261300 0.04664500 0.00111500
v -0.00219900 0.04665500 0.00119700
v -0.00181700 0.04666000 0.00137300
v -0.00148400 0.04666300 0.00163700
v -0.00122100 0.04666200 0.00197000
v -0.00104600 0.04665800 0.00235400
v -0.00098100 0.04665400 0.00262800
v -0.00095900 0.04664900 0.00291000
v -0.00100800 0.04664000 0.00333000
v -0.00115600 0.04662900 0.00372700
v -0.00139000 0.04661800 0.00407900
v -0.00169900 0.04660600 0.00436400
v -0.00206900 0.04659300 0.00457000
v -0.00247600 0.04658100 0.00468500
v -0.00289700 0.04656900 0.00470100
v -0.00331200 0.04655700 0.00461700
v -0.00369600 0.04654800 0.00443900
v -0.00402500 0.04654100 0.00417500
v -0.00428500 0.04653800 0.00384000
v -0.00446200 0.04653800 0.00345700
v -0.00452700 0.04654100 0.00318700
v -0.00735600 0.04631400 0.00474500
v -0.00184600 0.04645600 0.00803200
v -0.00736200 0.04638000 0.00111800
v -0.00551200 0.04651700 0.00006400
v -0.00549900 0.04651800 0.00005800
v -0.01094400 0.04603100 0.00005800
v -0.01099200 0.04602600 0.00005800
v -0.01099900 0.04602500 0.00007700
v -0.01098500 0.04591800 0.00596300
v -0.01019000 0.04595100 0.00734900
v -0.01072400 0.04591500 0.00680700
v -0.01086500 0.04590900 0.00656500
v -0.01094800 0.04591100 0.00628000
v -0.00367900 0.04621800 0.01115200
v -0.00125100 0.04643100 0.00864700
v -0.00107200 0.04641500 0.00896400
v -0.00098600 0.04639800 0.00926300
v -0.00096300 0.04637200 0.00969500
v -0.00103100 0.04634800 0.01008300
v -0.00117700 0.04632300 0.01044200
v -0.00139500 0.04630000 0.01076300
v -0.00167400 0.04627800 0.01102800
v -0.00200700 0.04625900 0.01123100
v -0.00237700 0.04624300 0.01135900
v -0.00276000 0.04623000 0.01140100
v -0.00312300 0.04622400 0.01135100
v -0.00339100 0.04622100 0.01126700
v 0.00538700 0.04589800 -0.01121900
v 0.00539300 0.04622000 -0.00795200
v 0.00539500 0.04644000 -0.00467700
v 0.00175100 0.04601700 -0.01122400
v 0.00197500 0.04591600 -0.01205000
v 0.00215600 0.04587300 -0.01236500
v 0.00237000 0.04584000 -0.01259200
v 0.00273400 0.04580100 -0.01283200
v 0.00310400 0.04577400 -0.01297000
v 0.00349200 0.04575500 -0.01302700
v 0.00388100 0.04574500 -0.01300000
v 0.00425500 0.04574500 -0.01289300
v 0.00460300 0.04575400 -0.01270700
v 0.00490400 0.04577300 -0.01245200
v 0.00513300 0.04580100 -0.01214400
v 0.00527500 0.04583500 -0.01180200
v 0.00534200 0.04586600 -0.01151000
v 0.00175400 0.04661700 -0.00353300
v 0.00175300 0.04639100 -0.00738300
v 0.00263100 0.04664300 -0.00203100
v 0.00203900 0.04664100 -0.00261100
v 0.00188600 0.04663600 -0.00287400
v 0.00179700 0.04662800 -0.00318700
v 0.00448100 0.04659900 -0.00098200
v 0.01180800 0.04600300 -0.00011700
v 0.01102400 0.04608000 -0.00147400
v 0.01155300 0.04602700 -0.00094400
v 0.01169200 0.04601300 -0.00070900
v 0.01173900 0.04600900 -0.00057800
v 0.01177200 0.04600600 -0.00043000
v 0.00821300 0.04631200 -0.00307600
v 0.00768000 0.04639900 -0.00119100
v 0.00466100 0.04656200 -0.00248800
v 0.00491000 0.04639900 -0.00583500
v 0.00330200 0.04613100 -0.00985600
v 0.00341200 0.04656200 -0.00391700
v 0.00246900 0.04639900 -0.00710000
v 0.00772800 0.04613100 -0.00716200
v 0.00776200 0.04610200 -0.00751000
v 0.00786400 0.04606800 -0.00784400
v 0.01115400 0.04586100 -0.00646500
v 0.01073200 0.04594200 -0.00589700
v 0.01049300 0.04598000 -0.00567500
v 0.01024900 0.04601400 -0.00552600
v 0.00998000 0.04604600 -0.00542800
v 0.00969400 0.04607700 -0.00537900
v 0.00940400 0.04610500 -0.00537600
v 0.00912400 0.04612800 -0.00541800
v 0.00886100 0.04614700 -0.00549900
v 0.00861500 0.04616200 -0.00561900
v 0.00839200 0.04617100 -0.00577300
v 0.00819800 0.04617600 -0.00595700
v 0.00803200 0.04617600 -0.00617000
v 0.00789800 0.04617100 -0.00640700
v 0.00780100 0.04616100 -0.00666300
v 0.00774900 0.04614900 -0.00689300
v 0.01280400 0.04532800 -0.01046100
v 0.00951900 0.04552900 -0.01184100
v 0.01003100 0.04540000 -0.01250100
v 0.01031300 0.04534500 -0.01271800
v 0.01059100 0.04530100 -0.01284200
v 0.01100900 0.04524700 -0.01292200
v 0.01139600 0.04520700 -0.01290700
v 0.01176800 0.04517700 -0.01281200
v 0.01211000 0.04515900 -0.01264000
v 0.01240800 0.04515400 -0.01240200
v 0.01265200 0.04516100 -0.01210200
v 0.01282900 0.04518000 -0.01175600
v 0.01292200 0.04521100 -0.01138700
v 0.01292300 0.04525200 -0.01102800
v 0.01287300 0.04528900 -0.01073900
v 0.01049400 0.04575700 -0.00872800
v -0.01100000 0.04602500 -0.00011400
v -0.01080400 0.04604300 -0.00083900
v -0.01067000 0.04605600 -0.00107600
v -0.01058000 0.04606500 -0.00118200
v -0.01046900 0.04607600 -0.00128500
v -0.01021600 0.04610100 -0.00147100
v -0.01099800 0.04602500 -0.00002300
v -0.00542700 0.04652200 0.00004400
v -0.00532300 0.04652800 0.00005800
v -0.00182200 0.04664700 -0.00203100
v -0.00359700 0.04660900 -0.00102600
v -0.00094500 0.04661900 -0.00353200
v -0.00115800 0.04664200 -0.00273400
v -0.00131200 0.04664600 -0.00247000
v -0.00153700 0.04664800 -0.00224300
v -0.00094500 0.04602000 -0.01122400
v -0.00094500 0.04639400 -0.00738300
v -0.00458100 0.04590700 -0.01121800
v -0.00435500 0.04582000 -0.01204600
v -0.00417200 0.04579000 -0.01236100
v -0.00395700 0.04577100 -0.01258800
v -0.00359200 0.04575500 -0.01282900
v -0.00322100 0.04575100 -0.01296800
v -0.00283400 0.04575600 -0.01302500
v -0.00244300 0.04577100 -0.01300000
v -0.00207100 0.04579400 -0.01289400
v -0.00172400 0.04582600 -0.01270800
v -0.00142400 0.04586400 -0.01245400
v -0.00119600 0.04590600 -0.01214600
v -0.00110100 0.04593300 -0.01194400
v -0.00103000 0.04596200 -0.01171000
v -0.00458700 0.04645000 -0.00467600
v -0.00458500 0.04623000 -0.00795100
v -0.00740500 0.04632800 -0.00307400
v -0.00251700 0.04614100 -0.00980600
v -0.00171700 0.04640900 -0.00701000
v -0.00417000 0.04640900 -0.00577400
v -0.00267900 0.04656900 -0.00383200
v -0.00392300 0.04656900 -0.00242400
v -0.00694800 0.04640900 -0.00113200
v -0.00453200 0.04656900 -0.00073600
v -0.01034700 0.04588200 -0.00646300
v -0.01199900 0.04535100 -0.01045900
v -0.00705700 0.04608200 -0.00784200
v -0.00695000 0.04615500 -0.00700500
v -0.00699600 0.04617700 -0.00664800
v -0.00710500 0.04618800 -0.00636000
v -0.00734400 0.04619200 -0.00600400
v -0.00762800 0.04618600 -0.00573800
v -0.00795700 0.04617000 -0.00553900
v -0.00831800 0.04614500 -0.00541600
v -0.00869800 0.04611400 -0.00537100
v -0.00908100 0.04607500 -0.00540900
v -0.00944800 0.04603300 -0.00552700
v -0.00977200 0.04598900 -0.00571800
v -0.01003000 0.04594700 -0.00597400
v -0.01019900 0.04591400 -0.00621500
v -0.00871300 0.04554700 -0.01183900
v -0.01210300 0.04524800 -0.01129200
v -0.01205700 0.04521300 -0.01164700
v -0.01194800 0.04519200 -0.01193400
v -0.01170900 0.04517800 -0.01228900
v -0.01142500 0.04517800 -0.01255600
v -0.01109600 0.04519100 -0.01275400
v -0.01073300 0.04521600 -0.01287700
v -0.01035600 0.04525100 -0.01292100
v -0.00997300 0.04529600 -0.01288400
v -0.00960600 0.04534800 -0.01276700
v -0.00927900 0.04540400 -0.01257300
v -0.00902700 0.04545900 -0.01232200
v -0.00886800 0.04550200 -0.01209700
v -0.00968500 0.04577700 -0.00872400
f 27 14 13
f 27 28 14
f 26 13 12
f 26 27 13
f 25 11 10
f 25 12 11
f 25 26 12
f 24 25 10
f 23 10 9
f 23 24 10
f 22 8 7
f 22 9 8
f 22 23 9
f 21 22 7
f 20 6 5
f 20 7 6
f 20 21 7
f 19 20 5
f 18 5 4
f 18 19 5
f 17 4 3
f 17 18 4
f 16 3 2
f 16 17 3
f 15 2 1
f 15 16 2
f 52 15 1
f 52 1 40
f 51 39 38
f 51 40 39
f 51 52 40
f 50 51 38
f 49 38 37
f 49 50 38
f 48 36 35
f 48 37 36
f 48 49 37
f 47 48 35
f 46 34 33
f 46 35 34
f 46 47 35
f 45 33 32
f 45 46 33
f 44 45 32
f 43 32 31
f 43 44 32
f 42 31 30
f 42 43 31
f 41 30 29
f 41 42 30
f 28 29 14
f 28 41 29
f 71 69 70
f 72 69 71
f 105 55 104
f 103 104 55
f 106 54 55
f 106 55 105
f 102 103 55
f 107 54 106
f 101 102 55
f 108 53 54
f 108 54 107
f 100 101 55
f 109 53 108
f 110 53 109
f 57 55 56
f 57 100 55
f 57 96 97
f 57 97 98
f 57 98 99
f 57 99 100
f 111 53 110
f 95 96 57
f 112 53 111
f 94 95 57
f 121 94 57
f 93 112 113
f 93 113 114
f 93 114 115
f 93 115 116
f 93 116 117
f 93 117 118
f 93 53 112
f 92 93 118
f 91 118 119
f 91 92 118
f 90 91 119
f 90 119 120
f 89 121 57
f 89 120 121
f 89 90 120
f 88 89 57
f 58 78 79
f 58 79 80
f 58 80 81
f 58 81 82
f 58 82 83
f 58 83 84
f 58 84 85
f 58 85 86
f 58 86 87
f 58 87 88
f 58 88 57
f 122 61 60
f 122 60 68
f 122 68 69
f 123 62 61
f 123 61 122
f 124 122 69
f 124 123 122
f 124 69 72
f 125 123 124
f 126 62 123
f 126 63 62
f 126 125 127
f 126 123 125
f 128 127 125
f 128 72 73
f 128 125 124
f 128 73 74
f 128 124 72
f 129 126 127
f 130 126 129
f 131 130 129
f 132 131 129
f 133 74 75
f 133 129 127
f 133 127 128
f 133 132 129
f 133 128 74
f 134 132 133
f 135 75 76
f 135 76 77
f 135 77 78
f 135 132 134
f 135 133 75
f 135 134 133
f 136 126 130
f 136 131 132
f 136 64 63
f 136 63 126
f 136 130 131
f 137 132 135
f 137 136 132
f 138 64 136
f 138 65 64
f 138 136 137
f 139 137 135
f 139 138 137
f 139 135 78
f 139 78 58
f 140 65 138
f 140 58 59
f 140 138 139
f 140 66 65
f 140 67 66
f 140 59 67
f 140 139 58
f 163 164 165
f 175 176 177
f 162 163 165
f 181 175 177
f 182 175 181
f 180 181 177
f 180 177 141
f 183 175 182
f 179 180 141
f 184 175 183
f 178 141 142
f 178 179 141
f 185 175 184
f 205 178 142
f 204 205 142
f 203 204 142
f 57 175 185
f 57 185 186
f 57 186 187
f 57 187 188
f 202 203 142
f 189 57 188
f 201 202 142
f 190 57 189
f 191 57 190
f 192 57 191
f 193 57 192
f 143 201 142
f 143 195 196
f 143 196 197
f 143 197 198
f 143 198 199
f 143 199 200
f 143 200 201
f 144 195 143
f 144 194 195
f 145 193 194
f 145 194 144
f 146 57 193
f 146 193 145
f 58 147 148
f 58 148 149
f 58 149 150
f 58 150 151
f 58 151 152
f 58 152 153
f 58 153 154
f 58 154 155
f 58 155 156
f 59 58 168
f 58 57 147
f 147 57 146
f 206 166 167
f 206 167 174
f 207 165 166
f 207 166 206
f 208 207 206
f 208 173 172
f 208 174 173
f 208 206 174
f 209 207 208
f 210 165 207
f 210 207 209
f 210 162 165
f 211 210 209
f 212 210 211
f 212 159 160
f 212 160 161
f 212 161 162
f 212 162 210
f 212 211 213
f 214 209 208
f 214 172 171
f 214 211 209
f 214 213 211
f 214 208 172
f 215 213 214
f 216 213 215
f 216 158 159
f 216 212 213
f 216 159 212
f 217 216 215
f 217 215 214
f 218 214 171
f 218 217 214
f 218 171 170
f 219 216 217
f 219 217 218
f 220 58 156
f 220 216 219
f 220 156 157
f 220 157 158
f 220 158 216
f 221 58 220
f 221 220 219
f 222 168 58
f 222 219 218
f 222 169 168
f 222 170 169
f 222 58 221
f 222 218 170
f 222 221 219
f 250 60 257
f 249 70 69
f 248 249 69
f 284 244 283
f 243 244 284
f 243 284 285
f 243 285 286
f 287 243 286
f 288 243 287
f 289 243 288
f 290 243 289
f 57 56 262
f 242 243 290
f 242 290 291
f 242 291 292
f 242 292 293
f 242 293 294
f 242 294 295
f 242 295 296
f 238 267 268
f 238 239 267
f 240 267 239
f 237 238 268
f 241 267 240
f 241 242 296
f 241 296 297
f 241 297 298
f 241 298 267
f 259 230 231
f 229 230 259
f 228 229 259
f 263 57 262
f 227 228 259
f 226 227 259
f 225 226 259
f 260 223 224
f 260 224 225
f 260 225 259
f 261 223 260
f 299 257 256
f 299 250 257
f 300 299 256
f 300 256 255
f 301 69 250
f 301 250 299
f 302 299 300
f 302 301 299
f 303 302 300
f 304 300 255
f 304 255 254
f 305 303 300
f 306 305 300
f 306 300 304
f 307 306 304
f 307 305 306
f 308 254 253
f 308 304 254
f 309 280 281
f 309 281 282
f 309 310 301
f 311 310 309
f 311 69 301
f 311 309 282
f 311 301 310
f 312 248 69
f 312 283 244
f 312 311 282
f 312 244 245
f 312 245 246
f 312 246 247
f 312 247 248
f 312 69 311
f 312 282 283
f 313 301 302
f 313 303 305
f 313 280 309
f 313 302 303
f 313 278 279
f 313 279 280
f 313 309 301
f 314 307 304
f 315 314 304
f 315 304 308
f 316 314 315
f 316 315 308
f 317 313 305
f 317 278 313
f 317 276 277
f 317 277 278
f 318 305 307
f 318 307 314
f 318 276 317
f 318 317 305
f 319 316 308
f 320 319 308
f 321 276 318
f 321 314 316
f 321 318 314
f 321 275 276
f 322 320 308
f 322 319 320
f 323 274 275
f 323 275 321
f 323 321 316
f 324 323 316
f 324 316 319
f 324 319 322
f 325 323 324
f 325 324 322
f 325 270 271
f 325 271 272
f 325 272 273
f 325 273 274
f 325 274 323
f 326 327 258
f 326 325 322
f 328 258 327
f 328 327 252
f 328 252 251
f 328 251 258
f 329 270 325
f 329 325 326
f 330 329 326
f 330 326 258
f 331 330 258
f 331 258 259
f 331 329 330
f 332 231 232
f 332 259 231
f 332 232 233
f 332 233 234
f 332 234 235
f 332 235 236
f 332 236 237
f 332 237 268
f 332 268 269
f 332 269 270
f 332 331 259
f 332 329 331
f 332 270 329
f 333 57 263
f 333 223 261
f 333 261 57
f 333 263 264
f 333 264 265
f 333 265 266
f 333 266 223
f 334 327 326
f 334 252 327
f 334 322 308
f 334 253 252
f 334 308 253
f 334 326 322
f 362 363 259
f 364 259 363
f 361 362 259
f 365 259 364
f 360 361 259
f 366 259 365
f 260 259 366
f 367 260 366
f 390 352 353
f 390 353 389
f 351 352 390
f 391 351 390
f 392 351 391
f 368 260 367
f 57 260 368
f 350 392 393
f 350 393 394
f 350 394 395
f 350 395 396
f 350 396 397
f 350 351 392
f 369 57 368
f 370 57 369
f 371 57 370
f 349 397 398
f 349 398 399
f 349 399 400
f 349 400 401
f 349 401 402
f 349 350 397
f 372 57 371
f 348 349 402
f 348 402 403
f 348 403 404
f 341 342 164
f 374 57 372
f 374 372 373
f 374 373 175
f 406 340 339
f 406 251 340
f 406 258 251
f 407 258 406
f 408 406 339
f 408 339 338
f 408 407 406
f 409 258 407
f 409 407 410
f 409 259 258
f 411 409 410
f 411 410 407
f 412 411 407
f 412 409 411
f 412 385 386
f 413 407 408
f 413 412 407
f 414 338 337
f 414 408 338
f 415 413 408
f 416 408 414
f 416 415 408
f 417 416 414
f 417 415 416
f 418 414 337
f 419 417 414
f 420 414 418
f 420 419 414
f 421 360 259
f 421 353 354
f 421 354 355
f 421 355 356
f 421 356 357
f 421 357 358
f 421 358 359
f 421 359 360
f 421 409 412
f 421 389 353
f 421 386 387
f 421 387 388
f 421 388 389
f 421 412 386
f 421 259 409
f 422 419 420
f 422 420 418
f 423 413 415
f 423 412 413
f 423 381 382
f 423 382 383
f 423 383 384
f 423 384 385
f 423 385 412
f 424 417 419
f 424 415 417
f 424 423 415
f 424 381 423
f 425 422 418
f 426 425 418
f 427 381 424
f 427 424 419
f 427 419 422
f 427 380 381
f 428 379 380
f 428 380 427
f 428 427 422
f 429 335 167
f 429 336 335
f 429 167 166
f 430 422 425
f 430 379 428
f 430 428 422
f 430 377 378
f 430 378 379
f 430 425 426
f 431 166 165
f 431 429 166
f 432 431 165
f 432 430 426
f 433 430 432
f 433 376 377
f 433 377 430
f 434 433 432
f 434 432 165
f 435 434 165
f 435 376 433
f 435 375 376
f 435 433 434
f 436 165 164
f 436 342 343
f 436 343 344
f 436 344 345
f 436 345 346
f 436 346 347
f 436 347 348
f 436 164 342
f 436 435 165
f 436 375 435
f 436 404 405
f 436 405 375
f 436 348 404
f 437 337 336
f 437 336 429
f 437 418 337
f 437 429 431
f 438 432 426
f 438 426 418
f 438 418 437
f 438 431 432
f 438 437 431
f 451 449 448
f 451 450 449
f 454 453 452
f 456 455 454
f 457 456 454
f 440 442 441
f 440 443 442
f 440 444 443
f 440 445 444
f 440 446 445
f 440 447 446
f 440 448 447
f 458 457 454
f 459 458 454
f 466 440 439
f 466 452 451
f 466 448 440
f 466 451 448
f 460 454 452
f 460 459 454
f 461 460 452
f 461 452 466
f 462 466 465
f 462 461 466
f 463 465 464
f 463 462 465
f 477 473 474
f 475 477 474
f 476 477 475
f 472 471 470
f 467 470 469
f 467 472 470
f 478 469 473
f 478 473 477
f 478 467 469
f 468 478 479
f 468 479 484
f 468 467 478
f 481 483 482
f 481 484 483
f 485 468 484
f 487 486 485
f 493 481 480
f 493 484 481
f 493 485 484
f 488 487 485
f 489 493 492
f 489 485 493
f 489 488 485
f 490 492 491
f 490 489 492
f 501 500 499
f 520 494 521
f 519 495 494
f 519 494 520
f 504 502 501
f 504 503 502
f 504 501 499
f 505 504 499
f 516 518 517
f 516 519 518
f 516 495 519
f 506 499 498
f 506 505 499
f 507 506 498
f 515 495 516
f 508 507 498
f 514 496 495
f 514 495 515
f 513 496 514
f 510 498 497
f 510 509 508
f 510 508 498
f 512 497 496
f 512 496 513
f 511 510 497
f 511 497 512
f 527 528 529
f 525 527 524
f 526 527 525
f 532 534 533
f 532 530 534
f 531 530 532
f 522 529 530
f 522 527 529
f 522 524 527
f 522 530 531
f 535 523 522
f 535 522 531
f 548 536 523
f 548 523 535
f 538 537 536
f 539 538 536
f 545 547 546
f 540 539 536
f 544 548 547
f 544 547 545
f 541 540 536
f 543 536 548
f 543 548 544
f 542 536 543
f 542 541 536
f 575 577 576
f 575 578 577
f 575 573 578
f 574 474 573
f 574 573 575
f 559 561 560
f 558 562 561
f 558 561 559
f 557 563 562
f 557 564 563
f 557 562 558
f 556 565 564
f 556 564 557
f 555 565 556
f 554 565 555
f 553 565 554
f 580 572 475
f 580 475 474
f 580 574 579
f 580 474 574
f 581 568 572
f 581 579 551
f 581 580 579
f 581 572 580
f 582 551 550
f 583 550 549
f 583 553 552
f 583 549 565
f 583 552 567
f 583 565 553
f 584 569 568
f 584 570 569
f 584 571 570
f 584 566 571
f 584 581 551
f 584 568 581
f 584 551 582
f 585 567 566
f 585 566 584
f 585 583 567
f 585 584 582
f 585 550 583
f 585 582 550
f 616 618 617
f 613 615 614
f 612 616 615
f 612 618 616
f 612 615 613
f 611 618 612
f 610 619 618
f 610 618 611
f 609 619 610
f 593 591 590
f 593 592 591
f 608 619 609
f 594 593 590
f 607 605 619
f 607 619 608
f 595 594 590
f 596 595 590
f 606 605 607
f 597 596 590
f 598 590 589
f 598 597 590
f 599 598 589
f 600 599 589
f 586 604 588
f 586 588 587
f 620 588 604
f 620 601 600
f 620 602 601
f 620 603 602
f 620 604 603
f 620 589 605
f 620 606 588
f 620 605 606
f 620 600 589
f 640 642 641
f 639 643 642
f 639 644 643
f 639 645 644
f 639 646 645
f 639 647 646
f 639 648 647
f 639 642 640
f 638 649 648
f 638 650 649
f 638 648 639
f 622 624 623
f 622 625 624
f 527 622 621
f 527 626 625
f 527 621 627
f 527 625 622
f 655 637 636
f 655 651 650
f 655 636 651
f 655 638 653
f 655 650 638
f 656 632 637
f 656 637 655
f 656 655 653
f 657 653 652
f 657 656 653
f 658 632 656
f 658 633 632
f 658 634 633
f 658 635 634
f 658 630 635
f 658 656 657
f 658 657 652
f 659 631 630
f 659 652 654
f 659 630 658
f 659 658 652
f 660 527 526
f 660 526 628
f 660 654 626
f 660 659 654
f 660 626 527
f 661 628 629
f 661 629 631
f 661 660 628
f 661 659 660
f 661 631 659
f 679 681 680
f 679 682 681
f 679 683 682
f 679 684 683
f 679 685 684
f 679 686 685
f 679 687 686
f 663 688 687
f 663 689 688
f 663 690 689
f 663 691 690
f 663 678 691
f 663 687 679
f 667 666 665
f 674 676 675
f 669 662 677
f 669 668 662
f 673 676 674
f 670 669 677
f 672 676 673
f 671 677 676
f 671 676 672
f 671 670 677
f 692 663 662
f 692 665 664
f 692 668 667
f 692 664 678
f 692 678 663
f 692 667 665
f 692 662 668

o white_cover
usemtl material_1
v -0.03069200 -0.00002000 0.14255800
v -0.03069200 -0.00002000 0.15255800
v 0.03130800 -0.00002000 0.15255800
v 0.03040700 0.00739900 0.15255800
v 0.02775700 0.01438600 0.15255800
v 0.02351200 0.02053700 0.15255800
v 0.01791800 0.02549200 0.15255800
v 0.01130100 0.02896500 0.15255800
v 0.00404500 0.03075400 0.15255800
v -0.00342900 0.03075400 0.15255800
v -0.01068500 0.02896500 0.15255800
v -0.01730200 0.02549200 0.15255800
v -0.02289600 0.02053700 0.15255800
v -0.02714100 0.01438600 0.15255800
v -0.02979100 0.00739900 0.15255800
v 0.03130800 -0.00002000 0.14255800
v 0.03040700 0.00739900 0.14255800
v 0.02775700 0.01438600 0.14255800
v 0.02351200 0.02053700 0.14255800
v 0.01791800 0.02549200 0.14255800
v 0.01130100 0.02896500 0.14255800
v 0.00404500 0.03075400 0.14255800
v -0.00342900 0.03075400 0.14255800
v -0.01068500 0.02896500 0.14255800
v -0.01730200 0.02549200 0.14255800
v -0.02289600 0.02053700 0.14255800
v -0.02714100 0.01438600 0.14255800
v -0.02979100 0.00739900 0.14255800
v 0.00030800 0.02644100 0.03105800
v 0.00030800 0.01644100 0.03105800
v 0.00030800 0.01644100 -0.03094200
v 0.00772700 0.01644100 -0.03004100
v 0.01471400 0.01644100 -0.02739100
v 0.02086500 0.01644100 -0.02314600
v 0.02582000 0.01644100 -0.01755200
v 0.02929300 0.01644100 -0.01093500
v 0.03108200 0.01644100 -0.00367900
v 0.03108200 0.01644100 0.00379400
v 0.02929300 0.01644100 0.01105100
v 0.02582000 0.01644100 0.01766800
v 0.02086500 0.01644100 0.02326200
v 0.01471400 0.01644100 0.02750700
v 0.00772700 0.01644100 0.03015700
v 0.00030800 0.02644100 -0.03094200
v 0.00772700 0.02644100 -0.03004100
v 0.01471400 0.02644100 -0.02739100
v 0.02086500 0.02644100 -0.02314600
v 0.02582000 0.02644100 -0.01755200
v 0.02929300 0.02644100 -0.01093500
v 0.03108200 0.02644100 -0.00367900
v 0.03108200 0.02644100 0.00379400
v 0.02929300 0.02644100 0.01105100
v 0.02582000 0.02644100 0.01766800
v 0.02086500 0.02644100 0.02326200
v 0.01471400 0.02644100 0.02750700
v 0.00772700 0.02644100 0.03015700
v 0.00030800 -0.03502000 0.09405800
v 0.00853900 -0.03403900 0.09405800
v 0.01630800 -0.03114900 0.09405800
v 0.02318000 -0.02651300 0.09405800
v 0.02876900 -0.02039100 0.09405800
v 0.03276100 -0.01312700 0.09405800
v 0.03466500 -0.00669600 0.09405800
v 0.03530800 -0.00002000 0.09405800
v 0.03530800 -0.00002000 0.14255800
v 0.03429100 -0.00839600 0.14255800
v 0.03129900 -0.01628500 0.14255800
v 0.02650600 -0.02322900 0.14255800
v 0.02019000 -0.02882500 0.14255800
v 0.01271900 -0.03274600 0.14255800
v 0.00452700 -0.03476500 0.14255800
v -0.00391100 -0.03476500 0.14255800
v -0.01210300 -0.03274600 0.14255800
v -0.01957400 -0.02882500 0.14255800
v -0.02589000 -0.02322900 0.14255800
v -0.03068300 -0.01628500 0.14255800
v -0.03367500 -0.00839600 0.14255800
v -0.03469200 -0.00002000 0.14255800
v -0.03469200 -0.00002000 0.09405800
v -0.03371000 -0.00825100 0.09405800
v -0.03082000 -0.01602100 0.09405800
v -0.02618400 -0.02289200 0.09405800
v -0.02006200 -0.02848100 0.09405800
v -0.01279800 -0.03247400 0.09405800
v -0.00636700 -0.03437800 0.09405800
v -0.04019200 0.03145100 0.00005800
v -0.03917700 0.03145100 -0.00895400
v -0.03618100 0.03145100 -0.01751400
v -0.03135600 0.03145100 -0.02519400
v -0.02494300 0.03145100 -0.03160600
v -0.01726400 0.03145100 -0.03643100
v -0.00870400 0.03145100 -0.03942700
v 0.00030800 0.03145100 -0.04044200
v 0.00030800 0.01644100 -0.04044200
v -0.00856500 0.01644100 -0.03945800
v -0.01700600 0.01644100 -0.03655400
v -0.02460700 0.01644100 -0.03187200
v -0.03099700 0.01644100 -0.02563800
v -0.03586600 0.01644100 -0.01815500
v -0.03897700 0.01644100 -0.00978800
v -0.04018000 0.01644100 -0.00094200
v -0.04018000 0.01945100 -0.00094200
v -0.04019200 0.01945100 0.00005800
v -0.04019100 0.01945100 -0.00027600
v -0.04018700 0.01945100 -0.00060900
v 0.00030800 0.01645000 0.04055800
v 0.00030800 0.01644100 0.04055800
v 0.01000000 0.01644100 0.03938100
v 0.01912900 0.01644100 0.03591900
v 0.02716400 0.01644100 0.03037300
v 0.03363900 0.01644100 0.02306400
v 0.03817600 0.01644100 0.01441900
v 0.04051300 0.01644100 0.00494000
v 0.04051300 0.01644100 -0.00482400
v 0.03817600 0.01644100 -0.01430400
v 0.03363900 0.01644100 -0.02294900
v 0.02716400 0.01644100 -0.03025700
v 0.01912900 0.01644100 -0.03580300
v 0.01000000 0.01644100 -0.03926500
v 0.04080800 0.03145100 0.00005800
v 0.03979300 0.03145100 -0.00895400
v 0.03679700 0.03145100 -0.01751400
v 0.03197200 0.03145100 -0.02519400
v 0.02555900 0.03145100 -0.03160600
v 0.01788000 0.03145100 -0.03643100
v 0.00932000 0.03145100 -0.03942700
v 0.04080800 0.01945100 0.00005800
v 0.03704400 0.01945100 0.01710900
v 0.03912000 0.01945100 0.01162700
v 0.04038400 0.01945100 0.00590400
v 0.02001600 0.01645100 0.03543900
v 0.02775600 0.01645100 0.02983800
v 0.03104400 0.01645100 0.02643100
v 0.03388700 0.01645200 0.02270000
v 0.03696600 0.01645400 0.01727500
v 0.03722100 0.01646600 0.01672100
v 0.03724600 0.01650900 0.01666500
v 0.03716100 0.01756000 0.01685300
v 0.00712200 0.01645100 0.03998100
v 0.01374200 0.01645100 0.03826500
v -0.03467800 0.00098000 0.15255800
v -0.03361400 0.00860100 0.15255800
v -0.03090900 0.01580600 0.15255800
v -0.02669600 0.02224600 0.15255800
v -0.02117700 0.02760900 0.15255800
v -0.01462000 0.03163700 0.15255800
v -0.00734100 0.03413400 0.15255800
v 0.00030800 0.03498000 0.15255800
v 0.00030800 0.03498000 0.14955800
v -0.03467800 0.00098000 0.14955800
v -0.03361400 0.00860100 0.14955800
v -0.03090900 0.01580600 0.14955800
v -0.02669600 0.02224600 0.14955800
v -0.02117700 0.02760900 0.14955800
v -0.01462000 0.03163700 0.14955800
v -0.00734100 0.03413400 0.14955800
v 0.00868400 0.03396300 0.15255800
v 0.01657300 0.03097100 0.15255800
v 0.02351700 0.02617800 0.15255800
v 0.02911200 0.01986200 0.15255800
v 0.03303400 0.01239100 0.15255800
v 0.03505300 0.00419900 0.15255800
v 0.03505300 -0.00423900 0.15255800
v 0.03303400 -0.01243100 0.15255800
v 0.02911200 -0.01990200 0.15255800
v 0.02351700 -0.02621800 0.15255800
v 0.01657300 -0.03101100 0.15255800
v 0.00868400 -0.03400300 0.15255800
v 0.00030800 -0.03502000 0.15255800
v 0.00030800 -0.03502000 0.14955800
v 0.00868400 0.03396300 0.14955800
v 0.01657300 0.03097100 0.14955800
v 0.02351700 0.02617800 0.14955800
v 0.02911200 0.01986200 0.14955800
v 0.03303400 0.01239100 0.14955800
v 0.03505300 0.00419900 0.14955800
v 0.03505300 -0.00423900 0.14955800
v 0.03303400 -0.01243100 0.14955800
v 0.02911200 -0.01990200 0.14955800
v 0.02351700 -0.02621800 0.14955800
v 0.01657300 -0.03101100 0.14955800
v 0.00868400 -0.03400300 0.14955800
v 0.03432600 0.00821100 0.09405800
v 0.03143600 0.01598000 0.09405800
v 0.02680000 0.02285200 0.09405800
v 0.02067800 0.02844100 0.09405800
v 0.01341400 0.03243300 0.09405800
v 0.00698300 0.03433700 0.09405800
v 0.00030800 0.03498000 0.09405800
v -0.00792200 0.03399800 0.09405800
v -0.01569100 0.03110900 0.09405800
v -0.02256300 0.02647400 0.09405800
v -0.02815200 0.02035300 0.09405800
v -0.03214400 0.01308900 0.09405800
v -0.03404900 0.00665700 0.09405800
v -0.03367500 0.00835600 0.14255800
v -0.03068300 0.01624500 0.14255800
v -0.02589000 0.02318900 0.14255800
v -0.01957400 0.02878400 0.14255800
v -0.01210300 0.03270500 0.14255800
v -0.00391100 0.03472500 0.14255800
v 0.00452700 0.03472500 0.14255800
v 0.01271900 0.03270500 0.14255800
v 0.02019000 0.02878400 0.14255800
v 0.02650600 0.02318900 0.14255800
v 0.03129900 0.01624500 0.14255800
v 0.03429100 0.00835600 0.14255800
v -0.03469200 -0.00002000 0.14255800
v -0.03367500 0.00835600 0.14255800
v -0.03068300 0.01624500 0.14255800
v -0.02589000 0.02318900 0.14255800
v -0.01957400 0.02878400 0.14255800
v -0.01210300 0.03270500 0.14255800
v -0.00391100 0.03472500 0.14255800
v 0.00452700 0.03472500 0.14255800
v 0.01271900 0.03270500 0.14255800
v 0.02019000 0.02878400 0.14255800
v 0.02650600 0.02318900 0.14255800
v 0.03129900 0.01624500 0.14255800
v 0.03429100 0.00835600 0.14255800
v 0.03530800 -0.00002000 0.14255800
v 0.03429100 -0.00839600 0.14255800
v 0.03129900 -0.01628500 0.14255800
v 0.02650600 -0.02322900 0.14255800
v 0.02019000 -0.02882500 0.14255800
v 0.01271900 -0.03274600 0.14255800
v 0.00452700 -0.03476500 0.14255800
v -0.00391100 -0.03476500 0.14255800
v -0.01210300 -0.03274600 0.14255800
v -0.01957400 -0.02882500 0.14255800
v -0.02589000 -0.02322900 0.14255800
v -0.03068300 -0.01628500 0.14255800
v -0.03367500 -0.00839600 0.14255800
v -0.03439200 -0.00002000 0.14255800
v -0.03338400 0.00828400 0.14255800
v -0.03041700 0.01610600 0.14255800
v -0.02566500 0.02299000 0.14255800
v -0.01940400 0.02853700 0.14255800
v -0.01199700 0.03242500 0.14255800
v -0.00387500 0.03442700 0.14255800
v 0.00449100 0.03442700 0.14255800
v 0.01261300 0.03242500 0.14255800
v 0.02002000 0.02853700 0.14255800
v 0.02628100 0.02299000 0.14255800
v 0.03103300 0.01610600 0.14255800
v 0.03400000 0.00828400 0.14255800
v 0.03500800 -0.00002000 0.14255800
v 0.03400000 -0.00832400 0.14255800
v 0.03103300 -0.01614600 0.14255800
v 0.02628100 -0.02303100 0.14255800
v 0.02002000 -0.02857800 0.14255800
v 0.01261300 -0.03246500 0.14255800
v 0.00449100 -0.03446700 0.14255800
v -0.00387500 -0.03446700 0.14255800
v -0.01199700 -0.03246500 0.14255800
v -0.01940400 -0.02857800 0.14255800
v -0.02566500 -0.02303100 0.14255800
v -0.03041700 -0.01614600 0.14255800
v -0.03338400 -0.00832400 0.14255800
v 0.02809400 0.02368400 0.05005800
v 0.02803000 0.02612800 0.05005700
v 0.02751300 0.02837500 0.05005800
v 0.02656900 0.03056600 0.05005800
v 0.02526500 0.03257400 0.05005800
v 0.02365600 0.03436000 0.05005800
v 0.02179600 0.03590100 0.05005800
v 0.01898500 0.03758800 0.05005800
v 0.01558900 0.03897000 0.05005800
v 0.00818400 0.04048300 0.05005800
v 0.00030800 0.04086000 0.05005800
v 0.00030800 0.03669500 0.07359400
v 0.00030800 0.03540200 0.08455800
v 0.00030800 -0.03450300 0.08954300
v 0.00030800 -0.03297900 0.08543300
v 0.00030800 -0.03051500 0.08170100
v 0.00030800 -0.02721300 0.07830400
v 0.00030800 -0.02174700 0.07420200
v 0.00030800 -0.01207500 0.06864200
v 0.00030900 -0.00140800 0.06292900
v 0.00030700 0.00499600 0.05891000
v 0.00030800 0.01003500 0.05474500
v 0.00030800 0.01377500 0.05005800
v 0.00796000 0.01360500 0.05005800
v 0.01518800 0.01381200 0.05005800
v 0.02044600 0.01488900 0.05005800
v 0.02342300 0.01626400 0.05005800
v 0.02534200 0.01775200 0.05005800
v 0.02673600 0.01949300 0.05005800
v 0.02729600 0.02055200 0.05005800
v 0.02771900 0.02169100 0.05005800
v 0.02013200 0.01146800 0.05498200
v 0.00436300 0.00995800 0.05480100
v 0.01131600 0.00713900 0.05761500
v 0.01176500 0.00440500 0.05985300
v 0.00865700 -0.00094900 0.06307300
v 0.01252500 -0.00016700 0.06310500
v 0.00939900 -0.00760800 0.06693900
v 0.01328100 -0.00478500 0.06604900
v 0.02404000 0.01512000 0.05275700
v 0.02456000 0.01549700 0.05280100
v 0.02538000 0.01679100 0.05192000
v 0.02506000 0.01591000 0.05284300
v 0.02594900 0.01740000 0.05195400
v 0.00665000 -0.03179100 0.08441500
v 0.00986100 -0.02909100 0.08178200
v 0.00649600 -0.03311400 0.08699000
v 0.00962300 -0.03184500 0.08584500
v 0.01421700 -0.02882300 0.08368600
v 0.00479800 -0.03423900 0.08966300
v 0.00943300 -0.03273600 0.08779000
v 0.01399000 -0.03037100 0.08612100
v 0.01831400 -0.02678000 0.08404000
v 0.00918900 -0.03339900 0.08980800
v 0.00899700 -0.03371400 0.09119400
v 0.01500100 -0.03096900 0.08874000
v 0.02044800 -0.02722100 0.08743200
v 0.03229300 0.00691500 0.07482400
v 0.03202900 0.00554700 0.07447600
v 0.03043000 0.01426400 0.06734300
v 0.03246300 0.00858200 0.07520000
v 0.03225200 0.01132700 0.07482300
v 0.03410100 0.00341300 0.08198500
v 0.03212200 0.01282600 0.07509500
v 0.02927300 0.02145000 0.07446700
v 0.02995300 0.02008900 0.07430400
v 0.02708000 0.02611400 0.06685100
v 0.02851800 0.02273800 0.07458100
v 0.02661800 0.02547500 0.07405600
v 0.02565300 0.02657100 0.07415100
v 0.02333600 0.02888500 0.07370900
v 0.01065900 0.03761900 0.06173300
v 0.01597700 0.03154200 0.08772000
v 0.00699000 0.03478800 0.08431700
v 0.01059000 0.03355300 0.08950000
v 0.01375500 0.03283800 0.08426600
v 0.01020900 0.03404200 0.08422000
v 0.01150800 0.03319300 0.09108200
v 0.01675700 0.00593400 0.05949500
v 0.01575100 0.00259000 0.06187000
v 0.01720200 0.00402800 0.06115800
v 0.01087800 -0.01587000 0.07179900
v 0.01529000 -0.01193600 0.07068700
v 0.01154000 -0.01970700 0.07433100
v 0.02087300 -0.01454400 0.07474600
v 0.00517200 -0.02619200 0.07777100
v 0.02105500 -0.00738700 0.07030500
v 0.01111100 -0.02320400 0.07667700
v 0.02105800 -0.00979200 0.07179900
v 0.02754900 -0.00703200 0.07487000
v 0.01607000 -0.02260300 0.07811700
v 0.01691700 -0.02422500 0.08003100
v 0.02000100 -0.02120200 0.07923400
v 0.02878300 0.01940500 0.05878800
v 0.02644500 -0.01314900 0.07808700
v 0.02948700 -0.00367600 0.07493200
v 0.03066700 -0.01021400 0.08140600
v 0.02429900 -0.01811100 0.08004500
v 0.02883400 0.02063800 0.05893000
v 0.03086400 0.00574700 0.07164500
v 0.02567600 -0.01931200 0.08279700
v 0.02415000 -0.02218800 0.08429000
v 0.02862000 0.02298200 0.05907700
v 0.02662700 -0.01949400 0.08439800
v 0.03201500 -0.00221900 0.07821300
v 0.02777800 -0.02013200 0.08771800
v 0.03322900 -0.00344700 0.08187200
v 0.02967500 0.02029900 0.06705800
v 0.03155400 0.01547300 0.07466000
v 0.03116300 0.01696000 0.07487300
v 0.02527100 -0.02421000 0.09097500
v 0.03055000 -0.01592600 0.08780000
v 0.03242200 -0.01210300 0.08795000
v 0.03367500 -0.00694500 0.08611600
v 0.03152500 -0.01509100 0.09000500
v 0.02319800 0.03253200 0.05857800
v 0.03454100 -0.00503900 0.08836900
v 0.03468000 -0.00564000 0.09034700
v 0.03475300 0.00549500 0.08812700
v 0.03205400 0.01516600 0.08498100
v 0.03170900 0.01594000 0.08508600
v 0.01640300 0.03448200 0.06780100
v 0.02182100 0.03006100 0.07382200
v 0.01554700 0.03370200 0.07340100
v 0.00828200 0.03591300 0.07336600
v 0.02158000 0.02785500 0.09106400
v 0.02272200 0.00479300 0.06284100
v 0.02697100 0.00724400 0.06445400
v 0.02472900 -0.00009500 0.06780900
v 0.02850000 0.01351300 0.06189700
v 0.02940100 0.01057200 0.06592800
v 0.02679800 0.02808400 0.05863500
v 0.03379100 0.00934600 0.08347600
v 0.02778500 0.02309200 0.07962400
v 0.02589100 0.02566400 0.07772000
v 0.02715000 0.02389300 0.07966800
v 0.02558300 0.02508300 0.08341300
v 0.02758200 0.02227600 0.08790000
v 0.02846500 0.00234500 0.06976600
v 0.02015800 0.02954700 0.08373200
v -0.01054900 0.04006000 0.05005800
v -0.01569200 0.03872500 0.05005800
v -0.02033900 0.03647300 0.05005800
v -0.02361600 0.03378200 0.05005800
v -0.02572100 0.03098100 0.05005800
v -0.02700800 0.02801800 0.05005800
v -0.02743700 0.02594100 0.05005700
v -0.02747800 0.02368400 0.05005800
v -0.02701500 0.02141300 0.05005800
v -0.02603900 0.01936500 0.05005800
v -0.02494700 0.01797600 0.05005800
v -0.02345200 0.01668900 0.05005800
v -0.02178900 0.01570000 0.05005800
v -0.01917500 0.01467900 0.05005800
v -0.01509700 0.01387000 0.05005800
v -0.00990000 0.01358600 0.05005800
v -0.01049500 0.00841700 0.05645000
v -0.01951600 0.01146800 0.05498200
v -0.02545000 0.01745700 0.05210100
v -0.00601600 -0.00120800 0.06304700
v -0.01139600 0.00292000 0.06096300
v -0.01191000 -0.00016700 0.06310500
v -0.00878300 -0.00760800 0.06693900
v -0.01266600 -0.00478500 0.06604900
v -0.00793900 -0.03141500 0.08451900
v -0.01110600 -0.02854900 0.08191600
v -0.00470900 -0.03329300 0.08693900
v -0.00332700 -0.03433500 0.08963800
v -0.00711000 -0.03313800 0.08771100
v -0.01173200 -0.03100200 0.08601100
v -0.01617100 -0.02762400 0.08390200
v -0.00690800 -0.03378700 0.08975000
v -0.01149900 -0.03191300 0.08792800
v -0.00674800 -0.03408900 0.09115200
v -0.01592200 -0.02919000 0.08630600
v -0.01205400 -0.03230000 0.08994600
v -0.01762200 -0.02927600 0.08893100
v -0.02902800 -0.01209300 0.08130500
v -0.03055700 0.00085200 0.07482000
v -0.02819200 -0.00499100 0.07492300
v -0.03264000 -0.00276700 0.08151900
v -0.03128900 0.00446800 0.07457700
v -0.03163300 0.01195000 0.07515200
v -0.02967700 0.01706300 0.06731100
v -0.03171000 0.01056100 0.07489200
v -0.03099000 0.01523400 0.07462200
v -0.03045700 0.01724800 0.07490800
v -0.00837100 0.03790100 0.06193800
v -0.02294100 0.02737900 0.08088500
v -0.02318800 0.02843700 0.07390700
v -0.02545900 0.02606200 0.07435900
v -0.02067400 0.03050600 0.07352400
v -0.01814100 0.03207100 0.07369000
v -0.01256400 0.03459400 0.07343900
v -0.01246000 0.03280900 0.08768200
v -0.00732400 0.03460600 0.08420700
v -0.01097200 0.03362300 0.08423300
v -0.00482000 0.03504600 0.08431700
v -0.00761100 0.03418200 0.08949500
v -0.01614100 0.00593400 0.05949500
v -0.01513500 0.00259000 0.06187000
v -0.01658600 0.00402800 0.06115800
v -0.00990200 -0.01596100 0.07177500
v -0.01419400 -0.01213200 0.07065300
v -0.01037000 -0.01986300 0.07428900
v -0.01938600 -0.01514900 0.07466000
v -0.02437700 0.00869900 0.06112800
v -0.00553900 -0.02607400 0.07782200
v -0.01985500 -0.00781200 0.07027400
v -0.02605200 -0.00824700 0.07481400
v -0.02265100 0.00217600 0.06519500
v -0.01072500 -0.02313800 0.07669500
v -0.02659900 0.00773800 0.06436400
v -0.01577000 -0.02245100 0.07814800
v -0.02754500 0.01011200 0.06388300
v -0.01599400 -0.02438100 0.08000100
v -0.01818800 -0.02196000 0.07910400
v -0.02796900 0.00539200 0.06790800
v -0.02477600 -0.01434700 0.07797100
v -0.02245500 -0.01922600 0.07990100
v -0.02368300 -0.02069700 0.08263700
v -0.02193800 -0.02394500 0.08463200
v -0.02444800 -0.02172700 0.08498200
v -0.03077100 0.00949400 0.07146800
v -0.03167800 0.00905800 0.07456500
v -0.02709000 0.02614900 0.05897400
v -0.02540300 -0.02243900 0.08807400
v -0.02847900 -0.01825000 0.08767000
v -0.03269800 0.00492900 0.07859400
v -0.03173600 -0.01074700 0.08581400
v -0.03066800 -0.01456800 0.08786200
v -0.02950300 -0.01762400 0.08991500
v -0.02618300 0.02727000 0.06282700
v -0.02947500 0.01978100 0.07445000
v -0.02848200 0.02175000 0.07465300
v -0.02706300 0.02405400 0.07421400
v -0.03266000 -0.00981100 0.08800300
v -0.03386800 0.00301800 0.08399400
v -0.02342300 0.03073400 0.06264600
v -0.03316800 -0.00935600 0.09011700
v -0.03292100 0.00993600 0.08196000
v -0.03430000 -0.00171700 0.08799900
v -0.03385300 0.00594100 0.08518000
v -0.03336700 0.00904700 0.08528600
v -0.03164000 0.01467900 0.08513500
v -0.01474200 0.03493300 0.06771400
v -0.02789700 0.02105700 0.08801400
v -0.01745900 0.03099400 0.08243000
v -0.02066500 0.00677200 0.06037400
v -0.02091800 0.00590400 0.06125900
v -0.01821200 -0.00178500 0.06579300
v -0.02699700 0.01638300 0.05712900
v -0.02745500 0.01749500 0.05726500
v -0.02776800 0.01861700 0.05736900
v -0.02926300 0.01351000 0.06559400
v -0.02786000 0.02168700 0.08305000
v -0.02300000 0.02670400 0.08527300
v 0.02822500 0.02441600 0.04571700
v 0.02885800 0.02522400 0.04143700
v 0.03224200 0.02754200 0.03022600
v 0.03886200 0.03066700 0.01236900
v 0.04027300 0.03124200 0.00628000
v 0.04062900 0.03317500 0.00005800
v 0.04008300 0.03481200 0.00005800
v 0.03928600 0.03618400 0.00005800
v 0.03835900 0.03731000 0.00005800
v 0.03691300 0.03862300 0.00005800
v 0.03530800 0.03974400 0.00005800
v 0.03431500 0.03957000 0.00833700
v 0.03144700 0.03950700 0.01603800
v 0.02743100 0.04018900 0.02217900
v 0.02274700 0.04140400 0.02691800
v 0.01726900 0.04259400 0.03067400
v 0.01113600 0.04333300 0.03334100
v 0.00580500 0.04356000 0.03462400
v 0.00030800 0.04358600 0.03505800
v 0.03882800 0.03627400 0.00492400
v 0.03844000 0.03616600 0.00732400
v 0.03902500 0.03450000 0.00901200
v 0.03783600 0.03587200 0.01036300
v 0.03585900 0.03736900 0.01225800
v 0.03636900 0.03601800 0.01420400
v 0.03581300 0.03331600 0.01955800
v 0.03205400 0.03648700 0.02280900
v 0.03198700 0.03470600 0.02616900
v 0.03378900 0.03412000 0.02313200
v 0.02937900 0.03740900 0.02641400
v 0.03004800 0.03578800 0.02851900
v 0.03057200 0.03229400 0.03277000
v 0.02880300 0.03440900 0.03411600
v 0.02747200 0.03360000 0.03938300
v 0.02795600 0.02891000 0.04569700
v 0.02115100 0.03894600 0.04033900
v 0.03411800 0.03679200 0.01780200
v 0.03286300 0.03119400 0.02816700
v 0.02634700 0.03837300 0.03053400
v 0.02902100 0.02944400 0.04035400
v 0.02809400 0.02368400 0.05005800
v 0.00030800 0.01377500 0.05005800
v 0.00030800 0.01525700 0.04701400
v 0.00030800 0.01613500 0.04385400
v 0.00030800 0.01645000 0.04055800
v 0.00712200 0.01645100 0.03998100
v 0.01374200 0.01645100 0.03826500
v 0.02001600 0.01645100 0.03543900
v 0.02775600 0.01645100 0.02983800
v 0.03104400 0.01645100 0.02643100
v 0.03388700 0.01645200 0.02270000
v 0.03696600 0.01645400 0.01727500
v 0.03704400 0.01945100 0.01710900
v 0.03958500 0.01945100 0.00971800
v 0.04049200 0.01945100 0.00495500
v 0.00361000 0.01625100 0.04295100
v 0.01087600 0.01465500 0.04795300
v 0.01459000 0.01643400 0.04230700
v 0.01654500 0.01674200 0.03994700
v 0.02053500 0.01636500 0.04668000
v 0.02194100 0.01749000 0.04410300
v 0.02626200 0.01963000 0.04778200
v 0.02634700 0.01976500 0.03724500
v 0.02887900 0.02457300 0.04021000
v 0.03303800 0.02384700 0.02622000
v 0.04001300 0.02459900 0.00756900
v 0.02605100 0.02007500 0.04241200
v 0.02608900 0.02006300 0.04066500
v 0.03086700 0.01944800 0.02821600
v 0.03046200 0.02130600 0.03021700
v 0.02971400 0.02302800 0.03390200
v -0.03439200 -0.00102000 0.14955800
v -0.03439200 -0.00002000 0.14955800
v -0.03439200 0.00098000 0.14955800
v -0.03467800 0.00098000 0.14955800
v -0.03361400 0.00860100 0.14955800
v -0.03090900 0.01580600 0.14955800
v -0.02669600 0.02224600 0.14955800
v -0.02117700 0.02760900 0.14955800
v -0.01462000 0.03163700 0.14955800
v -0.00734100 0.03413400 0.14955800
v 0.00030800 0.03498000 0.14955800
v 0.00868400 0.03396300 0.14955800
v 0.01657300 0.03097100 0.14955800
v 0.02351700 0.02617800 0.14955800
v 0.02911200 0.01986200 0.14955800
v 0.03303400 0.01239100 0.14955800
v 0.03505300 0.00419900 0.14955800
v 0.03505300 -0.00423900 0.14955800
v 0.03303400 -0.01243100 0.14955800
v 0.02911200 -0.01990200 0.14955800
v 0.02351700 -0.02621800 0.14955800
v 0.01657300 -0.03101100 0.14955800
v 0.00868400 -0.03400300 0.14955800
v 0.00030800 -0.03502000 0.14955800
v -0.00734100 -0.03417400 0.14955800
v -0.01462000 -0.03167700 0.14955800
v -0.02117700 -0.02764900 0.14955800
v -0.02669600 -0.02228600 0.14955800
v -0.03090900 -0.01584700 0.14955800
v -0.03361400 -0.00864200 0.14955800
v -0.03467800 -0.00102000 0.14955800
v 0.03500800 -0.00002000 0.14955800
v 0.03400000 -0.00832400 0.14955800
v 0.03103300 -0.01614600 0.14955800
v 0.02628100 -0.02303100 0.14955800
v 0.02002000 -0.02857800 0.14955800
v 0.01261300 -0.03246500 0.14955800
v 0.00449100 -0.03446700 0.14955800
v -0.00387500 -0.03446700 0.14955800
v -0.01199700 -0.03246500 0.14955800
v -0.01940400 -0.02857800 0.14955800
v -0.02566500 -0.02303100 0.14955800
v -0.03041700 -0.01614600 0.14955800
v -0.03338400 -0.00832400 0.14955800
v -0.03338400 0.00828400 0.14955800
v -0.03041700 0.01610600 0.14955800
v -0.02566500 0.02299000 0.14955800
v -0.01940400 0.02853700 0.14955800
v -0.01199700 0.03242500 0.14955800
v -0.00387500 0.03442700 0.14955800
v 0.00449100 0.03442700 0.14955800
v 0.01261300 0.03242500 0.14955800
v 0.02002000 0.02853700 0.14955800
v 0.02628100 0.02299000 0.14955800
v 0.03103300 0.01610600 0.14955800
v 0.03400000 0.00828400 0.14955800
v -0.03642800 0.01945100 0.01710900
v -0.03657400 0.01721600 0.01679000
v -0.03661300 0.01677100 0.01670400
v -0.03663100 0.01653200 0.01666500
v -0.03661400 0.01647000 0.01670100
v -0.03450800 0.01645200 0.02074800
v -0.03148200 0.01645100 0.02515000
v -0.02806500 0.01645100 0.02895800
v -0.02445800 0.01645100 0.03210300
v -0.01958800 0.01645100 0.03533400
v -0.01428600 0.01645100 0.03783700
v -0.00865500 0.01645100 0.03955400
v -0.00419400 0.01645100 0.04030700
v -0.02747800 0.02368400 0.05005800
v -0.02345200 0.01668900 0.05005800
v -0.02178900 0.01570000 0.05005800
v -0.02761700 0.02443200 0.04562800
v -0.02828500 0.02526600 0.04122900
v -0.02984700 0.02647400 0.03531900
v -0.03185700 0.02766900 0.02961500
v -0.03806900 0.03059400 0.01296700
v -0.03960600 0.03122100 0.00658300
v -0.04017900 0.01945100 0.00105800
v -0.03966900 0.01945000 0.00636100
v -0.03841800 0.01945200 0.01171100
v -0.00299400 0.01625100 0.04295100
v -0.01026000 0.01465500 0.04795300
v -0.01397500 0.01643400 0.04230700
v -0.01592900 0.01674200 0.03994700
v -0.01991900 0.01636500 0.04668000
v -0.02132500 0.01749000 0.04410300
v -0.02564600 0.01963000 0.04778200
v -0.02573100 0.01976500 0.03724500
v -0.02826300 0.02457300 0.04021000
v -0.03939700 0.02459900 0.00756900
v -0.02654300 0.01863700 0.03296000
v -0.02971100 0.02239200 0.03149100
v -0.00787600 0.04348300 0.03408800
v -0.01487200 0.04287300 0.03159500
v -0.02055300 0.04179100 0.02816200
v -0.02547800 0.04052500 0.02372400
v -0.02946400 0.03966100 0.01846000
v -0.03239500 0.03946700 0.01252800
v -0.03411800 0.03963200 0.00637200
v -0.03469200 0.03974400 0.00005800
v -0.03744900 0.03761200 0.00005800
v -0.03867000 0.03618400 0.00005800
v -0.03958200 0.03454900 0.00005800
v -0.04004200 0.03303500 0.00005800
v -0.03806900 0.03059400 0.01296700
v -0.03831000 0.03625600 0.00436200
v -0.03800300 0.03617100 0.00648800
v -0.03850000 0.03449500 0.00865900
v -0.03740400 0.03589800 0.00968600
v -0.03589100 0.03730000 0.01063600
v -0.03645900 0.03581800 0.01275100
v -0.03425900 0.03739800 0.01465000
v -0.03500100 0.03618200 0.01570600
v -0.03478700 0.03346700 0.02034800
v -0.03063400 0.03676100 0.02391700
v -0.03262600 0.03433000 0.02402400
v -0.03088600 0.03506900 0.02662800
v -0.03014500 0.03434100 0.02948000
v -0.03131500 0.03224500 0.02949300
v -0.02758000 0.03740000 0.02904800
v -0.02825800 0.03556100 0.03169600
v -0.02815800 0.02852000 0.04211000
v -0.02712400 0.02966800 0.04559800
v -0.02761800 0.03018100 0.04258900
v -0.02668000 0.03009400 0.04708200
v -0.03711400 0.03366800 0.01433800
v -0.03286300 0.03101600 0.02679700
v -0.03015400 0.03115000 0.03345000
v -0.02909400 0.03242200 0.03487700
v -0.02655800 0.03477200 0.03777000
v -0.02920400 0.03077400 0.03647500
v -0.02883900 0.02999600 0.03834400
v -0.02411200 0.03876800 0.03298300
v -0.02125700 0.04052500 0.03253400
v -0.02156000 0.03983700 0.03471800
v -0.01960600 0.03955500 0.03983300
v -0.02147800 0.03738600 0.04394800
v -0.02519600 0.03418700 0.04327800
v -0.02462500 0.03406700 0.04550500
v -0.01398900 0.04208300 0.03697300
v 0.00030800 0.03309800 -0.04027900
v 0.00030800 0.03463700 -0.03979500
v 0.00030800 0.03607000 -0.03900000
v 0.00030800 0.03739700 -0.03791000
v 0.00030800 0.03862100 -0.03654900
v 0.00030800 0.03974400 -0.03494200
v 0.00892700 0.03974400 -0.03386400
v 0.01673300 0.03974400 -0.03084900
v 0.02317400 0.03974400 -0.02644000
v 0.02851700 0.03974400 -0.02066100
v 0.03238000 0.03974400 -0.01395600
v 0.03461300 0.03974400 -0.00688200
v 0.04018000 0.03394400 -0.00434600
v 0.03896000 0.03610800 -0.00537200
v 0.03849100 0.03607000 -0.00816000
v 0.03759700 0.03463700 -0.01400400
v 0.03741800 0.03607000 -0.01212200
v 0.03682300 0.03739700 -0.01034500
v 0.03580400 0.03607000 -0.01623600
v 0.03354200 0.03463700 -0.02193700
v 0.03379500 0.03607000 -0.02004400
v 0.03367400 0.03739700 -0.01806000
v 0.03132200 0.03607000 -0.02368300
v 0.02779000 0.03463700 -0.02880400
v 0.02845700 0.03607000 -0.02701800
v 0.02880900 0.03739700 -0.02502700
v 0.02524700 0.03607000 -0.03000100
v 0.02067000 0.03463700 -0.03420000
v 0.02172500 0.03607000 -0.03260400
v 0.02249600 0.03739700 -0.03075200
v 0.01794800 0.03607000 -0.03478900
v 0.01232000 0.03463700 -0.03794200
v 0.01489000 0.03739700 -0.03499800
v 0.01361600 0.03607000 -0.03666200
v 0.00946200 0.03607000 -0.03791200
v 0.00471400 0.03388100 -0.03983400
v 0.00636000 0.03607000 -0.03852800
v -0.03642800 0.01945100 0.01710900
v -0.03450800 0.01645200 0.02074800
v -0.03148200 0.01645100 0.02515000
v -0.02806500 0.01645100 0.02895800
v -0.02445800 0.01645100 0.03210300
v -0.01958800 0.01645100 0.03533400
v -0.01428600 0.01645100 0.03783700
v -0.00865500 0.01645100 0.03955400
v -0.00419400 0.01645100 0.04030700
v -0.03840800 0.01945100 0.01194600
v -0.03966600 0.01945100 0.00656300
v -0.04017900 0.01945100 0.00105800
v -0.04018000 0.01644100 0.00105800
v -0.03897700 0.01644100 0.00990400
v -0.03586600 0.01644100 0.01827100
v -0.03099700 0.01644100 0.02575300
v -0.02460700 0.01644100 0.03198700
v -0.01700600 0.01644100 0.03667000
v -0.00856500 0.01644100 0.03957400
v -0.00734100 -0.03417400 0.15255800
v -0.01462000 -0.03167700 0.15255800
v -0.02117700 -0.02764900 0.15255800
v -0.02669600 -0.02228600 0.15255800
v -0.03090900 -0.01584700 0.15255800
v -0.03361400 -0.00864200 0.15255800
v -0.03467800 -0.00102000 0.15255800
v -0.03467800 -0.00102000 0.14955800
v -0.00734100 -0.03417400 0.14955800
v -0.01462000 -0.03167700 0.14955800
v -0.02117700 -0.02764900 0.14955800
v -0.02669600 -0.02228600 0.14955800
v -0.03090900 -0.01584700 0.14955800
v -0.03361400 -0.00864200 0.14955800
v -0.03642800 0.01945100 0.01710900
v -0.03840800 0.01945100 0.01194600
v -0.03966600 0.01945100 0.00656300
v -0.04017900 0.01945100 0.00105800
v -0.03966900 0.01945000 0.00636100
v -0.03841800 0.01945200 0.01171100
v -0.03361400 0.03974400 -0.00856100
v -0.03059900 0.03974400 -0.01636700
v -0.02619000 0.03974400 -0.02280900
v -0.02041100 0.03974400 -0.02815100
v -0.01370600 0.03974400 -0.03201400
v -0.00663200 0.03974400 -0.03424700
v -0.00409800 0.03388100 -0.03983400
v -0.00512600 0.03607000 -0.03862000
v -0.00791000 0.03607000 -0.03812500
v -0.01375400 0.03463700 -0.03723200
v -0.01187200 0.03607000 -0.03705200
v -0.01009500 0.03739700 -0.03645700
v -0.01598600 0.03607000 -0.03543800
v -0.02168700 0.03463700 -0.03317600
v -0.01979400 0.03607000 -0.03343000
v -0.01781000 0.03739700 -0.03330800
v -0.02343300 0.03607000 -0.03095600
v -0.02855400 0.03463700 -0.02742400
v -0.02676800 0.03607000 -0.02809100
v -0.02477700 0.03739700 -0.02844300
v -0.02975100 0.03607000 -0.02488100
v -0.03395000 0.03463700 -0.02030500
v -0.03235400 0.03607000 -0.02136000
v -0.03050200 0.03739700 -0.02213000
v -0.03453900 0.03607000 -0.01758200
v -0.03769200 0.03463700 -0.01195400
v -0.03474800 0.03739700 -0.01452500
v -0.03641200 0.03607000 -0.01325000
v -0.03766200 0.03607000 -0.00909700
v -0.03956400 0.03394400 -0.00434600
v -0.03825200 0.03610800 -0.00599100
v 0.00537400 0.04683400 0.00291400
v 0.00515000 0.04682800 0.00373800
v 0.00496300 0.04683000 0.00406000
v 0.00474600 0.04683400 0.00428900
v 0.00442900 0.04684200 0.00450200
v 0.00409100 0.04685100 0.00463900
v 0.00374300 0.04686100 0.00470700
v 0.00338500 0.04687200 0.00470500
v 0.00303800 0.04688400 0.00463400
v 0.00270700 0.04689500 0.00449500
v 0.00241300 0.04690600 0.00429600
v 0.00215800 0.04691700 0.00403700
v 0.00197000 0.04692700 0.00373800
v 0.00184100 0.04693800 0.00334200
v 0.00177100 0.04694700 0.00291300
v 0.00535800 0.04653500 0.00290800
v 0.00513400 0.04652900 0.00373100
v 0.00495400 0.04653000 0.00404600
v 0.00474200 0.04653400 0.00427100
v 0.00438300 0.04654300 0.00451000
v 0.00401600 0.04655300 0.00464800
v 0.00363400 0.04656500 0.00470400
v 0.00324900 0.04657700 0.00467800
v 0.00288100 0.04658900 0.00457100
v 0.00253900 0.04660200 0.00438600
v 0.00224300 0.04661300 0.00413200
v 0.00201500 0.04662500 0.00382400
v 0.00187500 0.04663400 0.00348500
v 0.00181400 0.04664100 0.00321200
v 0.00176800 0.04664700 0.00290700
v 0.00176800 0.04664700 0.00290700
v 0.00177100 0.04694700 0.00291300
v 0.00199200 0.04665900 0.00208400
v 0.00217200 0.04666000 0.00176900
v 0.00238500 0.04666000 0.00154300
v 0.00274300 0.04665500 0.00130400
v 0.00311000 0.04664800 0.00116600
v 0.00349300 0.04663700 0.00111000
v 0.00387800 0.04662400 0.00113600
v 0.00424600 0.04661000 0.00124300
v 0.00458800 0.04659300 0.00142800
v 0.00488400 0.04657700 0.00168300
v 0.00511200 0.04656200 0.00199200
v 0.00525100 0.04655000 0.00233000
v 0.00531300 0.04654300 0.00260300
v 0.00535800 0.04653500 0.00290800
v 0.00537400 0.04683400 0.00291400
v 0.00199600 0.04695900 0.00208800
v 0.00218200 0.04696000 0.00176600
v 0.00239900 0.04696000 0.00153700
v 0.00271700 0.04695600 0.00132400
v 0.00305400 0.04694900 0.00118600
v 0.00340300 0.04694000 0.00111800
v 0.00376100 0.04692900 0.00112000
v 0.00410900 0.04691600 0.00119100
v 0.00443900 0.04690100 0.00133100
v 0.00473300 0.04688600 0.00153000
v 0.00498800 0.04687100 0.00179000
v 0.00517600 0.04685800 0.00208900
v 0.00530500 0.04684500 0.00248500
v 0.00817100 0.04636400 0.00111600
v 0.00632100 0.04650500 0.00006300
v 0.00634000 0.04680400 0.00006300
v 0.00819600 0.04666300 0.00111800
v 0.00816600 0.04629800 0.00474300
v 0.00817100 0.04636400 0.00111600
v 0.00819600 0.04666300 0.00111800
v 0.00819100 0.04659700 0.00475200
v 0.00265700 0.04645300 0.00803200
v 0.00816600 0.04629800 0.00474300
v 0.00819100 0.04659700 0.00475200
v 0.00266300 0.04675200 0.00804800
v 0.00177400 0.04637800 0.00958800
v 0.00190400 0.04641400 0.00895700
v 0.00201500 0.04642700 0.00868800
v 0.00218100 0.04643800 0.00845000
v 0.00240300 0.04644700 0.00823600
v 0.00265700 0.04645300 0.00803200
v 0.00266300 0.04675200 0.00804800
v 0.00177600 0.04667700 0.00960600
v 0.00190400 0.04671300 0.00898300
v 0.00201600 0.04672700 0.00870900
v 0.00218900 0.04673800 0.00846200
v 0.00241300 0.04674600 0.00824700
v 0.00201500 0.04642800 0.00868800
v 0.00197000 0.04642300 0.00878100
v 0.00192900 0.04641800 0.00888300
v 0.00449000 0.04621100 0.01115200
v 0.00387900 0.04621900 0.01135700
v 0.00358500 0.04622500 0.01139800
v 0.00324900 0.04623600 0.01137200
v 0.00290600 0.04625100 0.01126900
v 0.00258400 0.04626900 0.01109800
v 0.00230500 0.04628900 0.01087500
v 0.00207900 0.04631000 0.01060100
v 0.00193200 0.04633100 0.01030300
v 0.00183600 0.04635500 0.00995300
v 0.00177400 0.04637800 0.00958800
v 0.00177600 0.04667700 0.00960600
v 0.00450200 0.04651000 0.01117200
v 0.00389000 0.04651800 0.01137800
v 0.00359100 0.04652400 0.01141900
v 0.00325100 0.04653500 0.01139200
v 0.00290900 0.04655000 0.01128900
v 0.00259100 0.04656800 0.01112100
v 0.00231500 0.04658800 0.01090100
v 0.00208600 0.04660900 0.01062500
v 0.00193600 0.04663100 0.01032400
v 0.00183900 0.04665400 0.00996900
v 0.00358500 0.04622500 0.01139800
v 0.00380200 0.04622000 0.01137300
v 0.01100000 0.04593000 0.00734600
v 0.00449000 0.04621100 0.01115200
v 0.00450200 0.04651000 0.01117200
v 0.01103300 0.04622800 0.00735900
v 0.01179400 0.04589600 0.00596000
v 0.01159600 0.04589100 0.00669500
v 0.01145900 0.04589600 0.00693900
v 0.01125500 0.04591000 0.00715400
v 0.01100000 0.04593000 0.00734600
v 0.01103300 0.04622800 0.00735900
v 0.01182900 0.04619400 0.00597100
v 0.01163600 0.04618800 0.00669400
v 0.01149400 0.04619400 0.00694900
v 0.01140500 0.04620000 0.00705700
v 0.01130200 0.04620700 0.00715400
v 0.01180700 0.04600200 0.00007400
v 0.01179400 0.04589600 0.00596000
v 0.01182900 0.04619400 0.00597100
v 0.01184200 0.04630000 0.00007400
v 0.01181300 0.04600200 0.00005800
v 0.01180700 0.04600200 0.00007400
v 0.01184200 0.04630000 0.00007400
v 0.01184800 0.04630000 0.00005800
v 0.00634000 0.04680400 0.00006300
v 0.00635300 0.04680300 0.00005800
v 0.00632100 0.04650500 0.00006300
v 0.00633300 0.04650400 0.00005800
v 0.00632700 0.04665500 0.00005900
v 0.00633100 0.04672900 0.00006000
v 0.00632100 0.04658000 0.00006000
v -0.03969200 0.01644100 -0.00094200
v -0.03969200 0.01945100 -0.00094200
v -0.04018000 0.01945100 -0.00094200
v -0.04018000 0.01644100 -0.00094200
v -0.04018000 0.01644100 -0.00094200
v -0.03969200 0.01644100 -0.00094200
v 0.00030800 0.01644100 -0.04044200
v -0.00856500 0.01644100 -0.03945800
v -0.01700600 0.01644100 -0.03655400
v -0.02460700 0.01644100 -0.03187200
v -0.03099700 0.01644100 -0.02563800
v -0.03586600 0.01644100 -0.01815500
v -0.03897700 0.01644100 -0.00978800
v 0.00030800 0.01644100 0.04055800
v 0.01000000 0.01644100 0.03938100
v 0.01912900 0.01644100 0.03591900
v 0.02716400 0.01644100 0.03037300
v 0.03363900 0.01644100 0.02306400
v 0.03817600 0.01644100 0.01441900
v 0.04051300 0.01644100 0.00494000
v 0.04051300 0.01644100 -0.00482400
v 0.03817600 0.01644100 -0.01430400
v 0.03363900 0.01644100 -0.02294900
v 0.02716400 0.01644100 -0.03025700
v 0.01912900 0.01644100 -0.03580300
v 0.01000000 0.01644100 -0.03926500
v -0.04018000 0.01644100 0.00105800
v -0.03897700 0.01644100 0.00990400
v -0.03586600 0.01644100 0.01827100
v -0.03099700 0.01644100 0.02575300
v -0.02460700 0.01644100 0.03198700
v -0.01700600 0.01644100 0.03667000
v -0.00856500 0.01644100 0.03957400
v -0.03969200 0.01644100 0.00105800
v 0.00030800 0.01644100 0.03105800
v -0.00711100 0.01644100 0.03015700
v -0.01409800 0.01644100 0.02750700
v -0.02024900 0.01644100 0.02326200
v -0.02520500 0.01644100 0.01766800
v -0.02867800 0.01644100 0.01105100
v -0.03046600 0.01644100 0.00379400
v -0.03046600 0.01644100 -0.00367900
v -0.02867800 0.01644100 -0.01093500
v -0.02520500 0.01644100 -0.01755200
v -0.02024900 0.01644100 -0.02314600
v -0.01409800 0.01644100 -0.02739100
v -0.00711100 0.01644100 -0.03004100
v 0.00030800 0.01644100 -0.03094200
v 0.00772700 0.01644100 -0.03004100
v 0.01471400 0.01644100 -0.02739100
v 0.02086500 0.01644100 -0.02314600
v 0.02582000 0.01644100 -0.01755200
v 0.02929300 0.01644100 -0.01093500
v 0.03108200 0.01644100 -0.00367900
v 0.03108200 0.01644100 0.00379400
v 0.02929300 0.01644100 0.01105100
v 0.02582000 0.01644100 0.01766800
v 0.02086500 0.01644100 0.02326200
v 0.01471400 0.01644100 0.02750700
v 0.00772700 0.01644100 0.03015700
v -0.03969200 0.01945100 0.00105800
v -0.04017900 0.01945100 0.00105800
v -0.03969200 0.01644100 0.00105800
v -0.04018000 0.01644100 0.00105800
v -0.03467800 -0.00102000 0.15255800
v -0.03439200 -0.00102000 0.15255800
v 0.00030800 -0.03502000 0.15255800
v -0.00734100 -0.03417400 0.15255800
v -0.01462000 -0.03167700 0.15255800
v -0.02117700 -0.02764900 0.15255800
v -0.02669600 -0.02228600 0.15255800
v -0.03090900 -0.01584700 0.15255800
v -0.03361400 -0.00864200 0.15255800
v 0.00030800 0.03498000 0.15255800
v 0.00868400 0.03396300 0.15255800
v 0.01657300 0.03097100 0.15255800
v 0.02351700 0.02617800 0.15255800
v 0.02911200 0.01986200 0.15255800
v 0.03303400 0.01239100 0.15255800
v 0.03505300 0.00419900 0.15255800
v 0.03505300 -0.00423900 0.15255800
v 0.03303400 -0.01243100 0.15255800
v 0.02911200 -0.01990200 0.15255800
v 0.02351700 -0.02621800 0.15255800
v 0.01657300 -0.03101100 0.15255800
v 0.00868400 -0.03400300 0.15255800
v -0.03467800 0.00098000 0.15255800
v -0.03361400 0.00860100 0.15255800
v -0.03090900 0.01580600 0.15255800
v -0.02669600 0.02224600 0.15255800
v -0.02117700 0.02760900 0.15255800
v -0.01462000 0.03163700 0.15255800
v -0.00734100 0.03413400 0.15255800
v -0.03439200 0.00098000 0.15255800
v -0.03069200 -0.00002000 0.15255800
v -0.02979100 -0.00743900 0.15255800
v -0.02714100 -0.01442700 0.15255800
v -0.02289600 -0.02057700 0.15255800
v -0.01730200 -0.02553300 0.15255800
v -0.01068500 -0.02900600 0.15255800
v -0.00342900 -0.03079400 0.15255800
v 0.00404500 -0.03079400 0.15255800
v 0.01130100 -0.02900600 0.15255800
v 0.01791800 -0.02553300 0.15255800
v 0.02351200 -0.02057700 0.15255800
v 0.02775700 -0.01442700 0.15255800
v 0.03040700 -0.00743900 0.15255800
v 0.03130800 -0.00002000 0.15255800
v 0.03040700 0.00739900 0.15255800
v 0.02775700 0.01438600 0.15255800
v 0.02351200 0.02053700 0.15255800
v 0.01791800 0.02549200 0.15255800
v 0.01130100 0.02896500 0.15255800
v 0.00404500 0.03075400 0.15255800
v -0.00342900 0.03075400 0.15255800
v -0.01068500 0.02896500 0.15255800
v -0.01730200 0.02549200 0.15255800
v -0.02289600 0.02053700 0.15255800
v -0.02714100 0.01438600 0.15255800
v -0.02979100 0.00739900 0.15255800
v -0.00454800 0.04654500 0.00290900
v -0.00456300 0.04684400 0.00291500
v -0.00096100 0.04694900 0.00291600
v -0.00101000 0.04694000 0.00333600
v -0.00115800 0.04692900 0.00373400
v -0.00139300 0.04691800 0.00408500
v -0.00170200 0.04690600 0.00437200
v -0.00207200 0.04689300 0.00457800
v -0.00248000 0.04688100 0.00469400
v -0.00290200 0.04686800 0.00471100
v -0.00331500 0.04685700 0.00462900
v -0.00370200 0.04684800 0.00445200
v -0.00403300 0.04684100 0.00418900
v -0.00429400 0.04683700 0.00385700
v -0.00447500 0.04683800 0.00347000
v -0.00454200 0.04684000 0.00319600
v -0.00095900 0.04664900 0.00291000
v -0.00100800 0.04664000 0.00333000
v -0.00115600 0.04662900 0.00372700
v -0.00139000 0.04661800 0.00407900
v -0.00169900 0.04660600 0.00436400
v -0.00206900 0.04659300 0.00457000
v -0.00247600 0.04658100 0.00468500
v -0.00289700 0.04656900 0.00470100
v -0.00331200 0.04655700 0.00461700
v -0.00369600 0.04654800 0.00443900
v -0.00402500 0.04654100 0.00417500
v -0.00428500 0.04653800 0.00384000
v -0.00446200 0.04653800 0.00345700
v -0.00452700 0.04654100 0.00318700
v -0.00451300 0.04685400 0.00249700
v -0.00436500 0.04686800 0.00209400
v -0.00413300 0.04688300 0.00174300
v -0.00382200 0.04690000 0.00145500
v -0.00345300 0.04691700 0.00124800
v -0.00304700 0.04693200 0.00113300
v -0.00262000 0.04694500 0.00111700
v -0.00220600 0.04695400 0.00119900
v -0.00182300 0.04696000 0.00137600
v -0.00148900 0.04696300 0.00164000
v -0.00122500 0.04696200 0.00197400
v -0.00104800 0.04695800 0.00235800
v -0.00098300 0.04695400 0.00263200
v -0.00449700 0.04655500 0.00249100
v -0.00435100 0.04656800 0.00209200
v -0.00411900 0.04658300 0.00174000
v -0.00380900 0.04660000 0.00145300
v -0.00344100 0.04661700 0.00124600
v -0.00303600 0.04663200 0.00113100
v -0.00261300 0.04664500 0.00111500
v -0.00219900 0.04665500 0.00119700
v -0.00181700 0.04666000 0.00137300
v -0.00148400 0.04666300 0.00163700
v -0.00122100 0.04666200 0.00197000
v -0.00104600 0.04665800 0.00235400
v -0.00098100 0.04665400 0.00262800
v -0.00738000 0.04661300 0.00475400
v -0.00735600 0.04631400 0.00474500
v -0.00184600 0.04645600 0.00803200
v -0.00185100 0.04675600 0.00804800
v -0.00738700 0.04667900 0.00112000
v -0.00736200 0.04638000 0.00111800
v -0.00735600 0.04631400 0.00474500
v -0.00738000 0.04661300 0.00475400
v -0.00552400 0.04681700 0.00006100
v -0.00551200 0.04651700 0.00006400
v -0.00736200 0.04638000 0.00111800
v -0.00738700 0.04667900 0.00112000
v -0.00532300 0.04652800 0.00005800
v -0.00534100 0.04682800 0.00005800
v -0.00549900 0.04651800 0.00005800
v -0.00542700 0.04652200 0.00004400
v -0.00552400 0.04681700 0.00006100
v -0.00544900 0.04682100 0.00004400
v -0.01099200 0.04602600 0.00005800
v -0.01102600 0.04632400 0.00005800
v -0.01103300 0.04632300 0.00007700
v -0.01099900 0.04602500 0.00007700
v -0.01101500 0.04617400 0.00006400
v -0.01101900 0.04621600 0.00597300
v -0.01098500 0.04591800 0.00596300
v -0.01099900 0.04602500 0.00007700
v -0.01103300 0.04632300 0.00007700
v -0.01022200 0.04624900 0.00736200
v -0.01019000 0.04595100 0.00734900
v -0.01072400 0.04591500 0.00680700
v -0.01086500 0.04590900 0.00656500
v -0.01094800 0.04591100 0.00628000
v -0.01098500 0.04591800 0.00596300
v -0.01101900 0.04621600 0.00597300
v -0.01075700 0.04621300 0.00681900
v -0.01089900 0.04620700 0.00657700
v -0.01098200 0.04620900 0.00629200
v -0.00369000 0.04651700 0.01117300
v -0.00367900 0.04621800 0.01115200
v -0.01019000 0.04595100 0.00734900
v -0.01022200 0.04624900 0.00736200
v -0.00184600 0.04645600 0.00803200
v -0.00185100 0.04675600 0.00804800
v -0.00125100 0.04643100 0.00864700
v -0.00107200 0.04641500 0.00896400
v -0.00098600 0.04639800 0.00926300
v -0.00096300 0.04637200 0.00969500
v -0.00103100 0.04634800 0.01008300
v -0.00117700 0.04632300 0.01044200
v -0.00139500 0.04630000 0.01076300
v -0.00167400 0.04627800 0.01102800
v -0.00200700 0.04625900 0.01123100
v -0.00237700 0.04624300 0.01135900
v -0.00276000 0.04623000 0.01140100
v -0.00312300 0.04622400 0.01135100
v -0.00339100 0.04622100 0.01126700
v -0.00367900 0.04621800 0.01115200
v -0.00369000 0.04651700 0.01117300
v -0.00125400 0.04673100 0.00866400
v -0.00107100 0.04671400 0.00899000
v -0.00098500 0.04669700 0.00929400
v -0.00096500 0.04667200 0.00972100
v -0.00103400 0.04664700 0.01010700
v -0.00118000 0.04662300 0.01046300
v -0.00139800 0.04659900 0.01078300
v -0.00167800 0.04657800 0.01104800
v -0.00200800 0.04655900 0.01125000
v -0.00237500 0.04654200 0.01137900
v -0.00276200 0.04653000 0.01142200
v -0.00313100 0.04652300 0.01137300
v -0.00340100 0.04652000 0.01128800
v 0.01184300 0.04630000 -0.00011800
v 0.01180800 0.04600300 -0.00011700
v 0.01181300 0.04600200 0.00005800
v 0.01184800 0.04630000 0.00005800
v 0.01284000 0.04562400 -0.01049200
v 0.01280400 0.04532800 -0.01046100
v 0.01115400 0.04586100 -0.00646500
v 0.01118600 0.04615900 -0.00648500
v 0.00954600 0.04582600 -0.01187600
v 0.00951900 0.04552900 -0.01184100
v 0.01003100 0.04540000 -0.01250100
v 0.01031300 0.04534500 -0.01271800
v 0.01059100 0.04530100 -0.01284200
v 0.01100900 0.04524700 -0.01292200
v 0.01139600 0.04520700 -0.01290700
v 0.01176800 0.04517700 -0.01281200
v 0.01211000 0.04515900 -0.01264000
v 0.01240800 0.04515400 -0.01240200
v 0.01265200 0.04516100 -0.01210200
v 0.01282900 0.04518000 -0.01175600
v 0.01292200 0.04521100 -0.01138700
v 0.01292300 0.04525200 -0.01102800
v 0.01287300 0.04528900 -0.01073900
v 0.01280400 0.04532800 -0.01046100
v 0.01284000 0.04562400 -0.01049200
v 0.01005900 0.04569600 -0.01253800
v 0.01035000 0.04564000 -0.01276000
v 0.01063300 0.04559500 -0.01288400
v 0.01100200 0.04554700 -0.01295800
v 0.01136400 0.04550900 -0.01295300
v 0.01170800 0.04547900 -0.01288200
v 0.01203500 0.04546000 -0.01274300
v 0.01232700 0.04545000 -0.01254500
v 0.01257700 0.04545100 -0.01229200
v 0.01277200 0.04546300 -0.01199700
v 0.01290900 0.04548600 -0.01166200
v 0.01296900 0.04551800 -0.01131700
v 0.01293900 0.04556700 -0.01090900
v 0.00788700 0.04636600 -0.00786800
v 0.00786400 0.04606800 -0.00784400
v 0.00951900 0.04552900 -0.01184100
v 0.00954600 0.04582600 -0.01187600
v 0.00775100 0.04642900 -0.00718400
v 0.00772800 0.04613100 -0.00716200
v 0.00776200 0.04610200 -0.00751000
v 0.00786400 0.04606800 -0.00784400
v 0.00788700 0.04636600 -0.00786800
v 0.00778500 0.04640000 -0.00753300
v 0.01118600 0.04615900 -0.00648500
v 0.01069200 0.04625200 -0.00584100
v 0.01040700 0.04629500 -0.00561200
v 0.01022600 0.04631900 -0.00551800
v 0.00986900 0.04636000 -0.00541500
v 0.00952500 0.04639500 -0.00538900
v 0.00918300 0.04642400 -0.00542700
v 0.00885500 0.04644800 -0.00552900
v 0.00855200 0.04646400 -0.00569200
v 0.00828500 0.04647400 -0.00591000
v 0.00806500 0.04647500 -0.00617500
v 0.00789900 0.04646800 -0.00647700
v 0.00779200 0.04645400 -0.00680400
v 0.00776200 0.04644200 -0.00699300
v 0.00775100 0.04642900 -0.00718400
v 0.01115400 0.04586100 -0.00646500
v 0.01073200 0.04594200 -0.00589700
v 0.01049300 0.04598000 -0.00567500
v 0.01024900 0.04601400 -0.00552600
v 0.00998000 0.04604600 -0.00542800
v 0.00969400 0.04607700 -0.00537900
v 0.00940400 0.04610500 -0.00537600
v 0.00912400 0.04612800 -0.00541800
v 0.00886100 0.04614700 -0.00549900
v 0.00861500 0.04616200 -0.00561900
v 0.00839200 0.04617100 -0.00577300
v 0.00819800 0.04617600 -0.00595700
v 0.00803200 0.04617600 -0.00617000
v 0.00789800 0.04617100 -0.00640700
v 0.00780100 0.04616100 -0.00666300
v 0.00774900 0.04614900 -0.00689300
v 0.00772800 0.04613100 -0.00716200
v 0.00175500 0.04631500 -0.01125800
v 0.00175100 0.04601700 -0.01122400
v 0.00197500 0.04591600 -0.01205000
v 0.00215600 0.04587300 -0.01236500
v 0.00237000 0.04584000 -0.01259200
v 0.00273400 0.04580100 -0.01283200
v 0.00310400 0.04577400 -0.01297000
v 0.00349200 0.04575500 -0.01302700
v 0.00388100 0.04574500 -0.01300000
v 0.00425500 0.04574500 -0.01289300
v 0.00460300 0.04575400 -0.01270700
v 0.00490400 0.04577300 -0.01245200
v 0.00513300 0.04580100 -0.01214400
v 0.00527500 0.04583500 -0.01180200
v 0.00534200 0.04586600 -0.01151000
v 0.00538700 0.04589800 -0.01121900
v 0.00540200 0.04619500 -0.01125300
v 0.00198000 0.04621300 -0.01208600
v 0.00206600 0.04619100 -0.01225800
v 0.00216700 0.04617000 -0.01241000
v 0.00238600 0.04613700 -0.01263800
v 0.00274500 0.04609800 -0.01287300
v 0.00311800 0.04607100 -0.01301000
v 0.00350200 0.04605200 -0.01306600
v 0.00389100 0.04604200 -0.01304000
v 0.00426600 0.04604200 -0.01293200
v 0.00461100 0.04605100 -0.01274800
v 0.00491100 0.04607000 -0.01249600
v 0.00514600 0.04609800 -0.01218300
v 0.00529000 0.04613200 -0.01184000
v 0.00535100 0.04616100 -0.01157500
v 0.00175800 0.04691700 -0.00354400
v 0.00175400 0.04661700 -0.00353300
v 0.00175300 0.04639100 -0.00738300
v 0.00175100 0.04601700 -0.01122400
v 0.00175500 0.04631500 -0.01125800
v 0.00175700 0.04669000 -0.00740700
v 0.00263800 0.04694300 -0.00203700
v 0.00263100 0.04664300 -0.00203100
v 0.00203900 0.04664100 -0.00261100
v 0.00188600 0.04663600 -0.00287400
v 0.00179700 0.04662800 -0.00318700
v 0.00175400 0.04661700 -0.00353300
v 0.00175800 0.04691700 -0.00354400
v 0.00205100 0.04694100 -0.00260900
v 0.00189200 0.04693600 -0.00287900
v 0.00180100 0.04692800 -0.00320000
v 0.00633300 0.04650400 0.00005800
v 0.00635300 0.04680300 0.00005800
v 0.00448100 0.04659900 -0.00098200
v 0.00263100 0.04664300 -0.00203100
v 0.00263800 0.04694300 -0.00203700
v 0.00449400 0.04689800 -0.00098600
v 0.01105700 0.04637800 -0.00147800
v 0.01157800 0.04632600 -0.00095900
v 0.01172400 0.04631100 -0.00071400
v 0.01177100 0.04630700 -0.00058800
v 0.01180200 0.04630400 -0.00045700
v 0.01184300 0.04630000 -0.00011800
v 0.01102400 0.04608000 -0.00147400
v 0.01155300 0.04602700 -0.00094400
v 0.01169200 0.04601300 -0.00070900
v 0.01173900 0.04600900 -0.00057800
v 0.01177200 0.04600600 -0.00043000
v 0.01180800 0.04600300 -0.00011700
v 0.00541100 0.04673900 -0.00469200
v 0.00539500 0.04644000 -0.00467700
v 0.00821300 0.04631200 -0.00307600
v 0.01102400 0.04608000 -0.00147400
v 0.01105700 0.04637800 -0.00147800
v 0.00823800 0.04661100 -0.00308600
v 0.00538700 0.04589800 -0.01121900
v 0.00540200 0.04619500 -0.01125300
v 0.00539300 0.04622000 -0.00795200
v 0.00539500 0.04644000 -0.00467700
v 0.00541100 0.04673900 -0.00469200
v 0.00540900 0.04651800 -0.00797700
v -0.03969200 0.01945100 0.00105800
v -0.03969200 0.01644100 0.00105800
v -0.03969200 0.01945100 -0.00094200
v -0.03969200 0.01644100 -0.00094200
v -0.00552400 0.04681700 0.00006100
v -0.00551200 0.04651700 0.00006400
v -0.01203500 0.04564800 -0.01049000
v -0.01199900 0.04535100 -0.01045900
v -0.01210300 0.04524800 -0.01129200
v -0.01205700 0.04521300 -0.01164700
v -0.01194800 0.04519200 -0.01193400
v -0.01170900 0.04517800 -0.01228900
v -0.01142500 0.04517800 -0.01255600
v -0.01109600 0.04519100 -0.01275400
v -0.01073300 0.04521600 -0.01287700
v -0.01035600 0.04525100 -0.01292100
v -0.00997300 0.04529600 -0.01288400
v -0.00960600 0.04534800 -0.01276700
v -0.00927900 0.04540400 -0.01257300
v -0.00902700 0.04545900 -0.01232200
v -0.00886800 0.04550200 -0.01209700
v -0.00871300 0.04554700 -0.01183900
v -0.00874000 0.04584300 -0.01187400
v -0.01214000 0.04554300 -0.01132500
v -0.01209100 0.04550800 -0.01169000
v -0.01197800 0.04548700 -0.01198000
v -0.01176900 0.04547400 -0.01229700
v -0.01151100 0.04547300 -0.01255200
v -0.01121700 0.04548200 -0.01274800
v -0.01088900 0.04550200 -0.01288300
v -0.01054400 0.04553100 -0.01295100
v -0.01018800 0.04556900 -0.01295100
v -0.00984500 0.04561300 -0.01288300
v -0.00951300 0.04566400 -0.01274500
v -0.00922900 0.04571600 -0.01254600
v -0.00896400 0.04577900 -0.01223700
v -0.01037900 0.04618000 -0.00648300
v -0.01034700 0.04588200 -0.00646300
v -0.01199900 0.04535100 -0.01045900
v -0.01203500 0.04564800 -0.01049000
v -0.00707900 0.04638100 -0.00786700
v -0.00705700 0.04608200 -0.00784200
v -0.00695000 0.04615500 -0.00700500
v -0.00699600 0.04617700 -0.00664800
v -0.00710500 0.04618800 -0.00636000
v -0.00734400 0.04619200 -0.00600400
v -0.00762800 0.04618600 -0.00573800
v -0.00795700 0.04617000 -0.00553900
v -0.00831800 0.04614500 -0.00541600
v -0.00869800 0.04611400 -0.00537100
v -0.00908100 0.04607500 -0.00540900
v -0.00944800 0.04603300 -0.00552700
v -0.00977200 0.04598900 -0.00571800
v -0.01003000 0.04594700 -0.00597400
v -0.01019900 0.04591400 -0.00621500
v -0.01034700 0.04588200 -0.00646300
v -0.01037900 0.04618000 -0.00648300
v -0.00697300 0.04645300 -0.00702800
v -0.00698600 0.04646600 -0.00683800
v -0.00702100 0.04647600 -0.00666000
v -0.00713400 0.04648700 -0.00636700
v -0.00737400 0.04649100 -0.00601600
v -0.00765500 0.04648400 -0.00575300
v -0.00798200 0.04646800 -0.00555700
v -0.00834200 0.04644400 -0.00543300
v -0.00872400 0.04641200 -0.00538800
v -0.00909900 0.04637500 -0.00542300
v -0.00946800 0.04633200 -0.00554000
v -0.00979600 0.04628800 -0.00573100
v -0.01005900 0.04624500 -0.00599000
v -0.01021500 0.04621500 -0.00621000
v -0.00874000 0.04584300 -0.01187400
v -0.00707900 0.04638100 -0.00786700
v -0.00871300 0.04554700 -0.01183900
v -0.00705700 0.04608200 -0.00784200
v -0.00182800 0.04694700 -0.00203600
v -0.00360900 0.04690900 -0.00102900
v -0.00534100 0.04682800 0.00005800
v -0.00182200 0.04664700 -0.00203100
v -0.00359700 0.04660900 -0.00102600
v -0.00532300 0.04652800 0.00005800
v -0.00094900 0.04691900 -0.00354300
v -0.00094500 0.04661900 -0.00353200
v -0.00115800 0.04664200 -0.00273400
v -0.00131200 0.04664600 -0.00247000
v -0.00153700 0.04664800 -0.00224300
v -0.00182200 0.04664700 -0.00203100
v -0.00182800 0.04694700 -0.00203600
v -0.00115700 0.04694200 -0.00275500
v -0.00131500 0.04694600 -0.00248000
v -0.00154400 0.04694800 -0.00224800
v -0.00094900 0.04631800 -0.01125800
v -0.00094500 0.04602000 -0.01122400
v -0.00094500 0.04639400 -0.00738300
v -0.00094500 0.04661900 -0.00353200
v -0.00094900 0.04691900 -0.00354300
v -0.00094900 0.04669300 -0.00740600
v -0.00459600 0.04620500 -0.01125200
v -0.00458100 0.04590700 -0.01121800
v -0.00435500 0.04582000 -0.01204600
v -0.00417200 0.04579000 -0.01236100
v -0.00395700 0.04577100 -0.01258800
v -0.00359200 0.04575500 -0.01282900
v -0.00322100 0.04575100 -0.01296800
v -0.00283400 0.04575600 -0.01302500
v -0.00244300 0.04577100 -0.01300000
v -0.00207100 0.04579400 -0.01289400
v -0.00172400 0.04582600 -0.01270800
v -0.00142400 0.04586400 -0.01245400
v -0.00119600 0.04590600 -0.01214600
v -0.00110100 0.04593300 -0.01194400
v -0.00103000 0.04596200 -0.01171000
v -0.00094500 0.04602000 -0.01122400
v -0.00094900 0.04631800 -0.01125800
v -0.00436900 0.04611800 -0.01208200
v -0.00420300 0.04608900 -0.01237500
v -0.00398800 0.04606900 -0.01261000
v -0.00367200 0.04605400 -0.01283200
v -0.00333200 0.04604800 -0.01297800
v -0.00298000 0.04605000 -0.01305400
v -0.00261800 0.04606100 -0.01306000
v -0.00226400 0.04607900 -0.01299600
v -0.00192600 0.04610400 -0.01286300
v -0.00162400 0.04613600 -0.01266900
v -0.00136100 0.04617300 -0.01241500
v -0.00116500 0.04621300 -0.01211700
v -0.00102400 0.04626400 -0.01170700
v -0.00460300 0.04674900 -0.00469100
v -0.00458700 0.04645000 -0.00467600
v -0.00458500 0.04623000 -0.00795100
v -0.00458100 0.04590700 -0.01121800
v -0.00459600 0.04620500 -0.01125200
v -0.00460100 0.04652800 -0.00797600
v -0.01024900 0.04639900 -0.00147600
v -0.01021600 0.04610100 -0.00147100
v -0.00740500 0.04632800 -0.00307400
v -0.00458700 0.04645000 -0.00467600
v -0.00460300 0.04674900 -0.00469100
v -0.00742900 0.04662700 -0.00308400
v -0.01103400 0.04632300 -0.00011500
v -0.01100000 0.04602500 -0.00011400
v -0.01080400 0.04604300 -0.00083900
v -0.01067000 0.04605600 -0.00107600
v -0.01058000 0.04606500 -0.00118200
v -0.01046900 0.04607600 -0.00128500
v -0.01021600 0.04610100 -0.00147100
v -0.01024900 0.04639900 -0.00147600
v -0.01084400 0.04634100 -0.00082800
v -0.01070500 0.04635400 -0.00107700
v -0.01061800 0.04636200 -0.00118100
v -0.01052000 0.04637200 -0.00127300
v -0.01097800 0.04632900 0.00005800
v -0.01094400 0.04603100 0.00005800
v -0.01099800 0.04602500 -0.00002300
v -0.01100000 0.04602500 -0.00011400
v -0.01103400 0.04632300 -0.00011500
v -0.01103200 0.04632300 -0.00002300
v -0.01099200 0.04602600 0.00005800
v -0.01102600 0.04632400 0.00005800
v -0.01094400 0.04603100 0.00005800
v -0.01097800 0.04632900 0.00005800
v -0.04019200 0.01945100 0.00005800
v -0.04019100 0.01945100 -0.00027600
v -0.04018700 0.01945100 -0.00060900
v -0.04018000 0.01945100 -0.00094200
v -0.03969200 0.01945100 -0.00094200
v -0.03969200 0.01945100 0.00105800
v -0.04017900 0.01945100 0.00105800
v -0.00711100 0.01644100 0.03015700
v -0.01409800 0.01644100 0.02750700
v -0.02024900 0.01644100 0.02326200
v -0.02520500 0.01644100 0.01766800
v -0.02867800 0.01644100 0.01105100
v -0.03046600 0.01644100 0.00379400
v -0.03046600 0.01644100 -0.00367900
v -0.02867800 0.01644100 -0.01093500
v -0.02520500 0.01644100 -0.01755200
v -0.02024900 0.01644100 -0.02314600
v -0.01409800 0.01644100 -0.02739100
v -0.00711100 0.01644100 -0.03004100
v -0.00711100 0.02644100 0.03015700
v -0.01409800 0.02644100 0.02750700
v -0.02024900 0.02644100 0.02326200
v -0.02520500 0.02644100 0.01766800
v -0.02867800 0.02644100 0.01105100
v -0.03046600 0.02644100 0.00379400
v -0.03046600 0.02644100 -0.00367900
v -0.02867800 0.02644100 -0.01093500
v -0.02520500 0.02644100 -0.01755200
v -0.02024900 0.02644100 -0.02314600
v -0.01409800 0.02644100 -0.02739100
v -0.00711100 0.02644100 -0.03004100
v 0.00030800 0.02644100 0.03105800
v -0.00711100 0.02644100 0.03015700
v -0.01409800 0.02644100 0.02750700
v -0.02024900 0.02644100 0.02326200
v -0.02520500 0.02644100 0.01766800
v -0.02867800 0.02644100 0.01105100
v -0.03046600 0.02644100 0.00379400
v -0.03046600 0.02644100 -0.00367900
v -0.02867800 0.02644100 -0.01093500
v -0.02520500 0.02644100 -0.01755200
v -0.02024900 0.02644100 -0.02314600
v -0.01409800 0.02644100 -0.02739100
v -0.00711100 0.02644100 -0.03004100
v 0.00030800 0.02644100 -0.03094200
v 0.00772700 0.02644100 -0.03004100
v 0.01471400 0.02644100 -0.02739100
v 0.02086500 0.02644100 -0.02314600
v 0.02582000 0.02644100 -0.01755200
v 0.02929300 0.02644100 -0.01093500
v 0.03108200 0.02644100 -0.00367900
v 0.03108200 0.02644100 0.00379400
v 0.02929300 0.02644100 0.01105100
v 0.02582000 0.02644100 0.01766800
v 0.02086500 0.02644100 0.02326200
v 0.01471400 0.02644100 0.02750700
v 0.00772700 0.02644100 0.03015700
v -0.02979100 -0.00743900 0.15255800
v -0.02714100 -0.01442700 0.15255800
v -0.02289600 -0.02057700 0.15255800
v -0.01730200 -0.02553300 0.15255800
v -0.01068500 -0.02900600 0.15255800
v -0.00342900 -0.03079400 0.15255800
v 0.00404500 -0.03079400 0.15255800
v 0.01130100 -0.02900600 0.15255800
v 0.01791800 -0.02553300 0.15255800
v 0.02351200 -0.02057700 0.15255800
v 0.02775700 -0.01442700 0.15255800
v 0.03040700 -0.00743900 0.15255800
v -0.02979100 -0.00743900 0.14255800
v -0.02714100 -0.01442700 0.14255800
v -0.02289600 -0.02057700 0.14255800
v -0.01730200 -0.02553300 0.14255800
v -0.01068500 -0.02900600 0.14255800
v -0.00342900 -0.03079400 0.14255800
v 0.00404500 -0.03079400 0.14255800
v 0.01130100 -0.02900600 0.14255800
v 0.01791800 -0.02553300 0.14255800
v 0.02351200 -0.02057700 0.14255800
v 0.02775700 -0.01442700 0.14255800
v 0.03040700 -0.00743900 0.14255800
v -0.03069200 -0.00002000 0.14255800
v -0.02979100 -0.00743900 0.14255800
v -0.02714100 -0.01442700 0.14255800
v -0.02289600 -0.02057700 0.14255800
v -0.01730200 -0.02553300 0.14255800
v -0.01068500 -0.02900600 0.14255800
v -0.00342900 -0.03079400 0.14255800
v 0.00404500 -0.03079400 0.14255800
v 0.01130100 -0.02900600 0.14255800
v 0.01791800 -0.02553300 0.14255800
v 0.02351200 -0.02057700 0.14255800
v 0.02775700 -0.01442700 0.14255800
v 0.03040700 -0.00743900 0.14255800
v 0.03130800 -0.00002000 0.14255800
v 0.03040700 0.00739900 0.14255800
v 0.02775700 0.01438600 0.14255800
v 0.02351200 0.02053700 0.14255800
v 0.01791800 0.02549200 0.14255800
v 0.01130100 0.02896500 0.14255800
v 0.00404500 0.03075400 0.14255800
v -0.00342900 0.03075400 0.14255800
v -0.01068500 0.02896500 0.14255800
v -0.01730200 0.02549200 0.14255800
v -0.02289600 0.02053700 0.14255800
v -0.02714100 0.01438600 0.14255800
v -0.02979100 0.00739900 0.14255800
v -0.03467800 -0.00102000 0.14955800
v -0.03439200 -0.00102000 0.14955800
v -0.03439200 -0.00102000 0.15255800
v -0.03467800 -0.00102000 0.15255800
v -0.03439200 -0.00102000 0.14955800
v -0.03439200 -0.00002000 0.14955800
v -0.03439200 0.00098000 0.14955800
v -0.03439200 0.00098000 0.15255800
v -0.03439200 -0.00102000 0.15255800
v -0.03439200 0.00098000 0.15255800
v -0.03467800 0.00098000 0.15255800
v -0.03439200 0.00098000 0.14955800
v -0.03467800 0.00098000 0.14955800
f 696 708 695
f 696 709 708
f 697 710 709
f 697 709 696
f 698 711 710
f 698 710 697
f 699 712 711
f 699 711 698
f 700 713 712
f 700 714 713
f 700 712 699
f 701 714 700
f 702 715 714
f 702 714 701
f 703 716 715
f 703 715 702
f 704 717 716
f 704 718 717
f 704 716 703
f 705 718 704
f 706 719 718
f 706 720 719
f 706 718 705
f 707 720 706
f 694 693 720
f 694 720 707
f 724 736 723
f 724 737 736
f 725 738 737
f 725 737 724
f 726 739 738
f 726 738 725
f 727 740 739
f 727 739 726
f 728 741 740
f 728 742 741
f 728 740 727
f 729 742 728
f 730 743 742
f 730 742 729
f 731 744 743
f 731 743 730
f 732 745 744
f 732 746 745
f 732 744 731
f 733 746 732
f 734 747 746
f 734 748 747
f 734 746 733
f 735 748 734
f 722 721 748
f 722 748 735
f 770 771 772
f 769 772 773
f 769 770 772
f 768 773 774
f 768 769 773
f 767 774 775
f 767 768 774
f 766 775 776
f 766 767 775
f 765 776 777
f 765 766 776
f 764 777 749
f 764 765 777
f 763 749 750
f 763 764 749
f 762 750 751
f 762 763 750
f 761 751 752
f 761 762 751
f 760 752 753
f 760 761 752
f 759 753 754
f 759 760 753
f 758 754 755
f 758 759 754
f 757 755 756
f 757 758 755
f 796 795 778
f 797 796 778
f 794 778 779
f 794 797 778
f 792 779 780
f 792 793 794
f 792 794 779
f 791 780 781
f 791 792 780
f 790 781 782
f 790 791 781
f 789 782 783
f 789 790 782
f 788 783 784
f 788 789 783
f 787 784 785
f 787 788 784
f 786 787 785
f 786 785 818
f 811 818 817
f 811 786 818
f 810 817 816
f 810 811 817
f 809 816 815
f 809 810 816
f 808 815 814
f 808 809 815
f 807 814 813
f 807 808 814
f 806 807 813
f 819 813 812
f 819 806 813
f 805 819 822
f 805 806 819
f 821 805 822
f 804 805 821
f 820 804 821
f 830 804 820
f 829 804 830
f 828 804 829
f 827 804 828
f 799 831 798
f 799 800 831
f 800 801 832
f 801 802 823
f 802 803 824
f 824 803 825
f 803 804 826
f 826 804 827
f 824 823 802
f 826 825 803
f 832 831 800
f 823 832 801
f 843 833 834
f 843 842 833
f 844 834 835
f 844 843 834
f 845 835 836
f 845 844 835
f 846 836 837
f 846 845 836
f 847 837 838
f 847 846 837
f 848 838 839
f 848 847 838
f 841 839 840
f 841 848 839
f 863 841 840
f 863 840 849
f 864 849 850
f 864 850 851
f 864 863 849
f 865 864 851
f 866 851 852
f 866 865 851
f 867 852 853
f 867 853 854
f 867 866 852
f 868 867 854
f 869 854 855
f 869 868 854
f 870 855 856
f 870 856 857
f 870 869 855
f 871 870 857
f 872 857 858
f 872 858 859
f 872 871 857
f 873 859 860
f 873 872 859
f 874 873 860
f 862 860 861
f 862 874 860
f 757 756 875
f 899 875 876
f 899 757 875
f 898 876 877
f 898 899 876
f 897 877 878
f 897 898 877
f 896 878 879
f 896 897 878
f 895 879 880
f 895 896 879
f 894 880 881
f 894 895 880
f 893 881 882
f 893 894 881
f 892 882 883
f 892 893 882
f 891 883 884
f 891 892 883
f 890 884 885
f 890 891 884
f 889 885 886
f 889 890 885
f 888 886 887
f 888 889 886
f 770 887 771
f 770 888 887
f 935 910 909
f 935 936 910
f 911 910 936
f 937 911 936
f 934 909 908
f 934 935 909
f 938 912 911
f 938 911 937
f 933 908 907
f 933 934 908
f 913 912 938
f 939 913 938
f 906 933 907
f 932 933 906
f 940 914 913
f 940 913 939
f 905 932 906
f 931 932 905
f 941 915 914
f 941 914 940
f 930 905 904
f 930 931 905
f 916 915 941
f 942 916 941
f 903 929 930
f 903 930 904
f 917 916 942
f 917 942 943
f 928 929 903
f 902 928 903
f 944 917 943
f 918 917 944
f 901 928 902
f 901 927 928
f 919 918 944
f 919 944 945
f 926 927 901
f 900 926 901
f 920 919 945
f 920 945 946
f 925 926 900
f 925 951 926
f 921 920 946
f 921 946 947
f 950 951 925
f 924 950 925
f 948 921 947
f 922 921 948
f 949 950 924
f 949 922 948
f 923 949 924
f 923 922 949
f 881 880 964
f 983 976 977
f 983 977 978
f 984 972 973
f 984 973 974
f 984 974 975
f 985 976 983
f 985 975 976
f 985 972 984
f 985 984 975
f 986 972 985
f 987 971 972
f 987 972 986
f 988 987 986
f 989 970 971
f 989 971 987
f 990 987 988
f 990 989 987
f 991 978 979
f 991 983 978
f 992 991 979
f 993 992 979
f 993 994 992
f 995 993 979
f 995 979 980
f 995 980 981
f 995 994 993
f 996 967 997
f 996 966 967
f 998 966 996
f 999 996 997
f 999 998 996
f 1000 999 997
f 1001 750 749
f 1001 749 965
f 1001 965 966
f 1001 966 998
f 1002 998 999
f 1003 999 1000
f 1003 1002 999
f 1004 1003 1000
f 1005 1001 998
f 1005 998 1002
f 1006 750 1001
f 1006 1001 1005
f 1006 751 750
f 1007 1002 1003
f 1007 1005 1002
f 1007 1006 1005
f 1007 751 1006
f 1008 1003 1004
f 1008 1007 1003
f 1008 751 1007
f 1009 1010 1011
f 1012 1009 1011
f 1013 1012 1011
f 1014 1009 1012
f 1014 1012 1013
f 1014 1013 1015
f 1016 1017 1018
f 1019 1016 1018
f 1020 1019 1018
f 1021 1020 1018
f 1022 1021 1018
f 1023 960 961
f 1023 961 962
f 1023 962 963
f 1024 879 878
f 1025 963 964
f 1026 964 880
f 1026 1024 1027
f 1026 1027 1028
f 1026 1025 964
f 1026 1028 1025
f 1029 880 879
f 1029 879 1024
f 1029 1026 880
f 1029 1024 1026
f 1030 986 985
f 1030 985 983
f 1031 990 988
f 1031 988 986
f 1031 986 1030
f 1032 1031 1030
f 1033 970 989
f 1033 969 970
f 1034 989 990
f 1034 1033 989
f 1035 1033 1034
f 1035 1034 1036
f 1035 969 1033
f 1037 997 967
f 1037 967 968
f 1037 968 969
f 1038 990 1031
f 1038 1034 990
f 1039 997 1037
f 1039 969 1035
f 1039 1037 969
f 1040 1041 1036
f 1040 1036 1034
f 1040 1034 1038
f 1040 1038 1041
f 1042 1039 1035
f 1042 1035 1036
f 1043 1004 1000
f 1043 997 1039
f 1043 1000 997
f 1043 1039 1042
f 1044 1042 1036
f 1044 1004 1043
f 1044 1043 1042
f 1045 952 953
f 1045 982 952
f 1046 1036 1041
f 1046 1041 1047
f 1046 1047 1048
f 1049 1044 1036
f 1049 1036 1046
f 1050 1045 953
f 1050 1011 1045
f 1051 1011 1010
f 1051 1010 1047
f 1052 1049 1046
f 1052 1046 1048
f 1053 1049 1052
f 1053 1008 1004
f 1053 1044 1049
f 1053 1004 1044
f 1054 953 954
f 1054 954 955
f 1054 1011 1050
f 1054 1050 953
f 1055 1053 1052
f 1055 1052 1048
f 1056 1048 1047
f 1056 1047 1010
f 1056 1010 1009
f 1057 1008 1053
f 1057 1053 1055
f 1058 1048 1056
f 1058 1009 1014
f 1058 1056 1009
f 1059 1060 1015
f 1059 1018 1017
f 1059 1011 1054
f 1059 1061 1060
f 1059 1013 1011
f 1059 1017 1061
f 1059 1015 1013
f 1062 1008 1057
f 1062 752 751
f 1062 753 752
f 1062 751 1008
f 1063 1057 1055
f 1063 1055 1048
f 1064 1063 1048
f 1065 1058 1014
f 1065 1064 1048
f 1065 1048 1058
f 1066 1057 1063
f 1066 754 753
f 1066 753 1062
f 1066 1062 1057
f 1066 1063 1064
f 1067 957 958
f 1067 958 959
f 1067 959 960
f 1067 1022 1018
f 1068 1065 1014
f 1068 1064 1065
f 1069 755 754
f 1069 756 755
f 1069 754 1066
f 1069 1066 1064
f 1069 1064 1068
f 1070 875 756
f 1070 756 1069
f 1070 1068 1014
f 1070 1069 1068
f 1071 875 1070
f 1071 1017 1016
f 1072 876 875
f 1072 875 1071
f 1073 1022 1067
f 1073 960 1023
f 1073 1074 1022
f 1073 1075 1074
f 1073 1067 960
f 1076 1023 963
f 1076 963 1025
f 1076 1027 1075
f 1076 1028 1027
f 1076 1025 1028
f 1076 1073 1023
f 1076 1075 1073
f 1077 878 877
f 1077 1024 878
f 1078 1030 983
f 1078 991 992
f 1078 983 991
f 1078 1032 1030
f 1078 1031 1032
f 1078 1038 1031
f 1078 994 1079
f 1078 992 994
f 1080 1078 1079
f 1080 1038 1078
f 1080 1041 1038
f 1081 981 982
f 1081 995 981
f 1081 994 995
f 1081 1079 994
f 1081 982 1045
f 1082 1011 1051
f 1082 1079 1081
f 1082 1081 1045
f 1082 1045 1011
f 1083 955 956
f 1083 1018 1059
f 1083 956 957
f 1083 1054 955
f 1083 957 1067
f 1083 1059 1054
f 1083 1067 1018
f 1084 1015 1060
f 1084 1060 1061
f 1084 1071 1070
f 1084 1017 1071
f 1084 1061 1017
f 1084 1070 1014
f 1084 1014 1015
f 1085 1016 1019
f 1085 1071 1016
f 1085 1019 1020
f 1085 1072 1071
f 1086 1020 1021
f 1086 1021 1022
f 1086 1022 1074
f 1086 1085 1020
f 1087 1085 1086
f 1088 1087 1086
f 1088 1086 1074
f 1088 1085 1087
f 1088 1072 1085
f 1089 876 1072
f 1089 877 876
f 1089 1077 877
f 1089 1072 1088
f 1090 1051 1047
f 1090 1047 1041
f 1090 1080 1079
f 1090 1041 1080
f 1090 1082 1051
f 1090 1079 1082
f 1091 1089 1088
f 1091 1074 1075
f 1091 1075 1027
f 1091 1027 1024
f 1091 1024 1077
f 1091 1088 1074
f 1091 1077 1089
f 1107 974 973
f 1108 1106 1107
f 1108 973 972
f 1108 1107 973
f 1109 1106 1108
f 1109 1103 1104
f 1109 1104 1105
f 1109 1105 1106
f 1110 1100 1101
f 1110 1101 1102
f 1110 1102 1103
f 1110 1103 1109
f 1111 972 971
f 1112 972 1111
f 1112 1108 972
f 1113 1112 1111
f 1114 1111 971
f 1114 971 970
f 1115 1113 1111
f 1115 1111 1114
f 1116 1117 967
f 1116 967 966
f 1118 966 965
f 1118 1116 966
f 1119 965 749
f 1119 749 777
f 1119 1118 965
f 1120 1118 1119
f 1120 1116 1118
f 1121 1117 1116
f 1121 1116 1120
f 1122 1117 1121
f 1123 1120 1119
f 1124 1120 1123
f 1124 1121 1120
f 1125 1119 777
f 1125 1123 1119
f 1125 777 776
f 1126 1122 1121
f 1126 1121 1124
f 1127 1124 1123
f 1127 1123 1125
f 1127 1125 776
f 1128 776 775
f 1128 1127 776
f 1128 1126 1124
f 1128 1124 1127
f 1129 1130 1131
f 1132 1130 1129
f 1132 1133 1130
f 1134 1135 1136
f 1137 1135 1134
f 1138 1135 1137
f 1139 963 962
f 1139 962 1092
f 1139 1092 1093
f 1140 1141 1142
f 1140 1143 1141
f 1140 1144 1143
f 1145 963 1139
f 1146 884 883
f 1147 963 1145
f 1147 1148 1146
f 1147 1145 1148
f 1149 964 963
f 1149 963 1147
f 1150 882 881
f 1150 883 882
f 1150 881 964
f 1150 1146 883
f 1150 1147 1146
f 1150 964 1149
f 1150 1149 1147
f 1151 1109 1108
f 1151 1108 1112
f 1152 1151 1112
f 1152 1112 1113
f 1153 1151 1152
f 1154 970 969
f 1154 1114 970
f 1155 1114 1154
f 1155 1115 1114
f 1156 1155 1154
f 1156 1157 1155
f 1156 1154 969
f 1158 1110 1109
f 1159 1156 969
f 1159 967 1117
f 1159 968 967
f 1159 969 968
f 1160 1115 1155
f 1160 1157 1161
f 1160 1155 1157
f 1160 1161 1162
f 1163 1156 1159
f 1163 1159 1117
f 1164 1158 1162
f 1165 1157 1156
f 1165 1156 1163
f 1166 1158 1164
f 1167 1163 1117
f 1167 1117 1122
f 1167 1165 1163
f 1168 1157 1165
f 1168 1165 1167
f 1169 1161 1131
f 1169 1164 1162
f 1169 1162 1161
f 1169 1166 1164
f 1169 1131 1130
f 1170 1129 1131
f 1170 1131 1161
f 1170 1161 1157
f 1171 1157 1168
f 1171 1170 1157
f 1172 1129 1170
f 1172 1168 1167
f 1172 1171 1168
f 1172 1170 1171
f 1173 1126 1128
f 1173 1172 1167
f 1173 1122 1126
f 1173 1167 1122
f 1174 1172 1173
f 1174 1129 1172
f 1175 1130 1133
f 1175 1133 1176
f 1175 1136 1135
f 1175 1176 1136
f 1175 1169 1130
f 1177 1095 1096
f 1177 1096 1097
f 1178 775 774
f 1178 1128 775
f 1178 1174 1173
f 1178 1173 1128
f 1179 1174 1178
f 1179 1129 1174
f 1180 1176 1133
f 1180 1133 1132
f 1180 1136 1176
f 1180 1134 1136
f 1181 1129 1179
f 1181 1132 1129
f 1182 1181 1179
f 1183 1179 1178
f 1183 774 773
f 1183 1182 1179
f 1183 1178 774
f 1184 1095 1177
f 1184 1177 1135
f 1184 1135 1138
f 1184 1138 1185
f 1184 1185 1186
f 1184 1186 1187
f 1188 1181 1182
f 1188 1132 1181
f 1188 1182 1183
f 1189 1132 1188
f 1189 1180 1132
f 1190 1142 1141
f 1190 1141 1143
f 1190 1093 1094
f 1190 1094 1095
f 1190 1184 1187
f 1190 1187 1142
f 1190 1095 1184
f 1191 1183 773
f 1191 1188 1183
f 1191 773 772
f 1192 1134 1180
f 1192 1180 1189
f 1192 1138 1137
f 1192 1185 1138
f 1192 1137 1134
f 1193 1189 1188
f 1193 1188 1191
f 1193 1191 772
f 1193 772 771
f 1194 1189 1193
f 1194 1193 771
f 1194 1192 1189
f 1195 771 887
f 1195 1194 771
f 1195 1192 1194
f 1196 887 886
f 1196 1195 887
f 1196 1185 1192
f 1196 1192 1195
f 1196 1186 1185
f 1197 1093 1190
f 1197 1143 1144
f 1197 1145 1139
f 1197 1190 1143
f 1197 1139 1093
f 1197 1144 1145
f 1198 886 885
f 1198 1196 886
f 1199 1144 1140
f 1199 1146 1148
f 1199 1148 1145
f 1199 1145 1144
f 1200 1151 1153
f 1200 1158 1109
f 1200 1109 1151
f 1201 1162 1158
f 1201 1200 1153
f 1201 1158 1200
f 1202 1162 1201
f 1202 1152 1113
f 1202 1115 1160
f 1202 1201 1153
f 1202 1113 1115
f 1202 1160 1162
f 1202 1153 1152
f 1203 1110 1158
f 1203 1100 1110
f 1203 1158 1166
f 1204 1099 1100
f 1204 1100 1203
f 1204 1203 1166
f 1205 1097 1098
f 1205 1098 1099
f 1205 1204 1166
f 1205 1099 1204
f 1205 1135 1177
f 1205 1177 1097
f 1206 1166 1169
f 1206 1175 1135
f 1206 1169 1175
f 1206 1205 1166
f 1206 1135 1205
f 1207 1140 1142
f 1207 1186 1196
f 1207 1196 1198
f 1207 1187 1186
f 1207 1142 1187
f 1208 885 884
f 1208 884 1146
f 1208 1146 1199
f 1208 1199 1140
f 1208 1198 885
f 1208 1207 1198
f 1208 1140 1207
f 1213 812 1214
f 953 952 1209
f 961 1225 1226
f 961 960 1225
f 962 1226 1227
f 962 961 1226
f 1228 1214 1215
f 1228 1215 1216
f 1228 1216 1217
f 1228 1217 1218
f 1228 1218 1219
f 1228 1219 1220
f 1228 1213 1214
f 1229 1213 1228
f 1229 1228 1220
f 1230 1212 1213
f 1230 1213 1229
f 1231 1230 1229
f 1231 1212 1230
f 1231 1229 1220
f 1232 1220 1221
f 1232 1231 1220
f 1233 1232 1221
f 1233 1212 1231
f 1233 1231 1232
f 1234 1211 1212
f 1234 1212 1233
f 1235 1221 1222
f 1236 1237 1235
f 1238 1222 1223
f 1238 1235 1222
f 1238 1236 1235
f 1239 1236 1238
f 1240 1210 1211
f 1241 1240 1239
f 1242 957 956
f 1243 954 953
f 1243 955 954
f 1243 956 955
f 1243 1209 1210
f 1243 953 1209
f 1243 1242 956
f 1244 1242 1241
f 1244 958 957
f 1244 959 958
f 1244 960 959
f 1244 1224 1225
f 1244 957 1242
f 1244 1225 960
f 1245 1233 1221
f 1245 1235 1237
f 1245 1237 1234
f 1245 1234 1233
f 1245 1221 1235
f 1246 1234 1237
f 1246 1237 1236
f 1246 1236 1239
f 1246 1240 1211
f 1246 1211 1234
f 1246 1239 1240
f 1247 1241 1239
f 1247 1224 1244
f 1247 1223 1224
f 1247 1238 1223
f 1247 1244 1241
f 1247 1239 1238
f 1248 1241 1242
f 1248 1243 1210
f 1248 1242 1243
f 1248 1210 1240
f 1248 1240 1241
f 975 1250 1251
f 1209 982 981
f 1209 1249 982
f 830 1260 828
f 830 828 829
f 1261 1259 1260
f 1261 1260 830
f 1212 1261 1262
f 812 1263 819
f 1264 1251 1252
f 1264 1252 1253
f 1264 1253 1254
f 1264 975 1251
f 1265 976 975
f 1265 975 1264
f 1265 1264 1254
f 1266 1254 1255
f 1266 1265 1254
f 1266 976 1265
f 1267 1255 1256
f 1267 1266 1255
f 1268 977 976
f 1268 978 977
f 1268 976 1266
f 1268 1266 1267
f 1269 978 1268
f 1269 1268 1267
f 1269 1267 1256
f 1270 979 978
f 1270 980 979
f 1270 981 980
f 1270 978 1269
f 1270 1209 981
f 1271 1256 1257
f 1271 1269 1256
f 1272 1211 1210
f 1273 1212 1211
f 1273 1261 1212
f 1273 1259 1261
f 1274 1213 1212
f 1274 812 1213
f 1274 1262 1263
f 1274 1263 812
f 1274 1212 1262
f 1275 1210 1209
f 1275 1209 1270
f 1275 1270 1269
f 1275 1272 1210
f 1276 1271 1272
f 1276 1269 1271
f 1276 1272 1275
f 1276 1275 1269
f 1277 1257 1258
f 1277 1258 1259
f 1277 1259 1273
f 1278 1277 1273
f 1278 1273 1211
f 1278 1271 1257
f 1278 1257 1277
f 1279 1271 1278
f 1279 1272 1271
f 1279 1278 1211
f 1279 1211 1272
f 1321 1306 1307
f 1320 1306 1321
f 1322 1307 1308
f 1322 1321 1307
f 1305 1306 1320
f 1319 1305 1320
f 1323 1308 1309
f 1323 1322 1308
f 1304 1305 1319
f 1318 1304 1319
f 1310 1323 1309
f 1280 1323 1310
f 1303 1304 1318
f 1281 1323 1280
f 1317 1303 1318
f 1324 1281 1282
f 1324 1282 1283
f 1284 1324 1283
f 1316 1302 1317
f 1285 1324 1284
f 1325 1324 1285
f 1315 1301 1316
f 1286 1325 1285
f 1326 1325 1286
f 1314 1300 1315
f 1287 1326 1286
f 1327 1326 1287
f 1313 1299 1314
f 1288 1327 1287
f 1328 1327 1288
f 1312 1298 1313
f 1289 1328 1288
f 1329 1328 1289
f 1311 1297 1312
f 1290 1329 1289
f 1330 1329 1290
f 1335 1296 1311
f 1331 1330 1291
f 1334 1295 1335
f 1332 1331 1292
f 1333 1294 1334
f 1293 1333 1332
f 1290 1291 1330
f 1291 1292 1331
f 1292 1293 1332
f 1293 1294 1333
f 1294 1295 1334
f 1295 1296 1335
f 1296 1297 1311
f 1297 1298 1312
f 1298 1299 1313
f 1299 1300 1314
f 1300 1301 1315
f 1301 1302 1316
f 1302 1303 1317
f 1107 1251 1250
f 1352 1100 1349
f 1338 1339 1340
f 1337 1340 1341
f 1337 1338 1340
f 1355 1341 1342
f 1336 1337 1341
f 1336 1341 1355
f 1356 1360 1336
f 1356 1336 1355
f 778 795 1358
f 778 1358 1359
f 1361 1347 1348
f 1361 1348 1253
f 1361 1252 1251
f 1361 1253 1252
f 1361 1251 1107
f 1362 1107 1106
f 1362 1347 1361
f 1362 1361 1107
f 1363 1346 1347
f 1363 1362 1106
f 1363 1347 1362
f 1364 1345 1346
f 1364 1346 1363
f 1365 1351 1350
f 1365 1105 1351
f 1365 1106 1105
f 1365 1363 1106
f 1366 1363 1365
f 1366 1365 1350
f 1366 1345 1364
f 1366 1364 1363
f 1367 1101 1100
f 1367 1102 1101
f 1367 1350 1102
f 1367 1352 1353
f 1367 1100 1352
f 1367 1366 1350
f 1368 1344 1345
f 1368 1345 1366
f 1368 1366 1367
f 1369 1353 1354
f 1369 1367 1353
f 1369 1354 1368
f 1369 1368 1367
f 1370 778 1359
f 1370 1356 1357
f 1370 1357 778
f 1370 1359 1360
f 1370 1360 1356
f 1371 1343 1344
f 1371 1344 1368
f 1372 1342 1343
f 1372 1354 1355
f 1372 1368 1354
f 1372 1371 1368
f 1372 1343 1371
f 1372 1355 1342
f 1357 1384 778
f 1379 1380 1381
f 1098 1352 1099
f 962 1227 1373
f 962 1373 1092
f 1386 1381 1382
f 1386 1382 1383
f 1386 1383 1384
f 1386 1384 1357
f 1386 1379 1381
f 1387 1379 1386
f 1387 1386 1357
f 1388 1357 1385
f 1388 1387 1357
f 1389 1388 1385
f 1389 1387 1388
f 1390 1378 1379
f 1390 1379 1387
f 1390 1387 1389
f 1391 1390 1389
f 1391 1389 1385
f 1392 1377 1378
f 1392 1391 1393
f 1392 1378 1390
f 1392 1390 1391
f 1392 1393 1377
f 1394 1385 1355
f 1394 1377 1393
f 1395 1376 1377
f 1395 1394 1396
f 1395 1377 1394
f 1397 1395 1396
f 1398 1397 1399
f 1400 1375 1376
f 1400 1376 1395
f 1400 1395 1397
f 1400 1397 1398
f 1401 1400 1398
f 1402 1353 1352
f 1403 1404 1402
f 1403 1098 1097
f 1403 1352 1098
f 1403 1402 1352
f 1405 1403 1097
f 1405 1097 1096
f 1406 1394 1393
f 1406 1393 1391
f 1406 1391 1385
f 1406 1385 1394
f 1407 1396 1394
f 1407 1397 1396
f 1407 1355 1399
f 1407 1394 1355
f 1407 1399 1397
f 1408 1401 1398
f 1408 1355 1354
f 1408 1399 1355
f 1408 1398 1399
f 1409 1410 1401
f 1409 1401 1408
f 1411 1408 1354
f 1411 1409 1408
f 1411 1410 1409
f 1412 1402 1404
f 1412 1404 1410
f 1412 1354 1353
f 1412 1410 1411
f 1412 1411 1354
f 1412 1353 1402
f 1413 1400 1401
f 1413 1401 1410
f 1413 1375 1400
f 1414 1374 1375
f 1414 1375 1413
f 1415 1413 1410
f 1415 1414 1413
f 1416 1415 1410
f 1417 1094 1093
f 1417 1416 1410
f 1417 1093 1416
f 1418 1410 1404
f 1418 1404 1403
f 1418 1417 1410
f 1419 1403 1405
f 1419 1405 1096
f 1419 1095 1094
f 1419 1096 1095
f 1419 1094 1417
f 1419 1417 1418
f 1419 1418 1403
f 1420 1373 1374
f 1420 1093 1092
f 1420 1374 1414
f 1420 1414 1415
f 1420 1415 1416
f 1420 1092 1373
f 1420 1416 1093
f 1432 1219 1218
f 1433 1214 812
f 1433 1215 1214
f 1433 1216 1215
f 1433 812 813
f 1434 1217 1216
f 1434 1218 1217
f 1434 1216 1433
f 1434 1432 1218
f 1435 1433 813
f 1435 1434 1433
f 1435 1432 1434
f 1436 813 814
f 1437 813 1436
f 1437 1435 813
f 1438 1431 1432
f 1438 1437 1431
f 1438 1435 1437
f 1438 1432 1435
f 1439 1431 1437
f 1439 1437 1436
f 1439 1436 814
f 1440 814 815
f 1441 1439 814
f 1441 814 1440
f 1442 1430 1431
f 1442 1431 1439
f 1442 1441 1430
f 1442 1439 1441
f 1443 1441 1440
f 1443 1440 815
f 1443 1430 1441
f 1444 815 816
f 1445 1443 815
f 1445 815 1444
f 1446 1429 1430
f 1446 1430 1443
f 1446 1445 1429
f 1446 1443 1445
f 1447 1444 816
f 1447 1429 1445
f 1447 1445 1444
f 1448 816 817
f 1449 816 1448
f 1449 1447 816
f 1450 1428 1429
f 1450 1429 1447
f 1450 1449 1428
f 1450 1447 1449
f 1451 1448 817
f 1451 1428 1449
f 1451 1449 1448
f 1452 817 818
f 1453 1428 1451
f 1453 1427 1428
f 1454 1453 1451
f 1454 1427 1453
f 1454 817 1452
f 1454 1451 817
f 1455 1452 818
f 1455 1427 1454
f 1455 1454 1452
f 1456 818 785
f 1456 785 1421
f 1456 1421 1422
f 1456 1422 1423
f 1457 1423 1424
f 1457 1424 1425
f 1457 1425 1426
f 1457 1426 1427
f 1457 1456 1423
f 1457 1455 818
f 1457 1427 1455
f 1457 818 1456
f 1466 799 798
f 1465 1476 1466
f 1464 1476 1465
f 1474 1463 1462
f 1461 1474 1462
f 1337 1458 1467
f 1471 1338 1337
f 1471 1339 1338
f 1471 1340 1339
f 1471 1467 1468
f 1471 1337 1467
f 1470 1468 1469
f 1470 1471 1468
f 1459 1340 1472
f 1461 1460 1473
f 1464 1463 1475
f 1471 1472 1340
f 1472 1473 1460
f 1472 1460 1459
f 1473 1474 1461
f 1474 1475 1463
f 1475 1476 1464
f 1476 799 1466
f 1485 862 861
f 1485 861 1477
f 1486 1477 1478
f 1486 1485 1477
f 1487 1478 1479
f 1487 1486 1478
f 1488 1479 1480
f 1488 1480 1481
f 1488 1487 1479
f 1489 1488 1481
f 1490 1481 1482
f 1490 1489 1481
f 1484 1482 1483
f 1484 1490 1482
f 1496 1492 1491
f 1495 1493 1496
f 1493 1492 1496
f 1494 1493 1495
f 1502 1426 1425
f 1503 1421 785
f 1503 1422 1421
f 1503 1423 1422
f 1503 785 784
f 1504 1424 1423
f 1504 1425 1424
f 1504 1502 1425
f 1504 1423 1503
f 1505 1503 784
f 1505 1504 1503
f 1505 1502 1504
f 1506 784 783
f 1507 1505 784
f 1507 784 1506
f 1508 1501 1502
f 1508 1507 1501
f 1508 1505 1507
f 1508 1502 1505
f 1509 1501 1507
f 1509 1507 1506
f 1509 1506 783
f 1510 783 782
f 1511 1509 783
f 1511 783 1510
f 1512 1500 1501
f 1512 1509 1511
f 1512 1501 1509
f 1512 1511 1500
f 1513 1511 1510
f 1513 1510 782
f 1513 1500 1511
f 1514 782 781
f 1515 1513 782
f 1515 782 1514
f 1516 1499 1500
f 1516 1500 1513
f 1516 1515 1499
f 1516 1513 1515
f 1517 1514 781
f 1517 1499 1515
f 1517 1515 1514
f 1518 781 780
f 1519 1517 781
f 1519 781 1518
f 1520 1498 1499
f 1520 1499 1517
f 1520 1519 1498
f 1520 1517 1519
f 1521 1518 780
f 1521 1498 1519
f 1521 1519 1518
f 1522 780 779
f 1523 1497 1498
f 1523 1498 1521
f 1524 780 1522
f 1524 1523 1521
f 1524 1521 780
f 1524 1497 1523
f 1525 1522 779
f 1525 1524 1522
f 1525 1497 1524
f 1526 779 778
f 1526 1383 1382
f 1526 1384 1383
f 1526 778 1384
f 1527 1380 1497
f 1527 779 1526
f 1527 1526 1382
f 1527 1381 1380
f 1527 1382 1381
f 1527 1525 779
f 1527 1497 1525
f 1529 1528 1543
f 1544 1529 1543
f 1545 1530 1529
f 1545 1529 1544
f 1546 1531 1530
f 1546 1530 1545
f 1532 1531 1546
f 1547 1532 1546
f 1533 1532 1547
f 1548 1534 1533
f 1548 1533 1547
f 1549 1535 1534
f 1549 1534 1548
f 1550 1536 1535
f 1550 1535 1549
f 1551 1537 1536
f 1551 1536 1550
f 1552 1538 1537
f 1552 1537 1551
f 1553 1539 1538
f 1553 1538 1552
f 1554 1540 1539
f 1554 1539 1553
f 1555 1541 1540
f 1555 1540 1554
f 1556 1542 1541
f 1556 1541 1555
f 1557 1542 1556
f 1560 1559 1558
f 1560 1575 1559
f 1561 1576 1575
f 1561 1575 1560
f 1562 1577 1576
f 1562 1576 1561
f 1578 1577 1562
f 1563 1578 1562
f 1579 1578 1563
f 1564 1580 1579
f 1564 1579 1563
f 1565 1581 1580
f 1565 1580 1564
f 1566 1582 1581
f 1566 1581 1565
f 1567 1583 1582
f 1567 1582 1566
f 1568 1584 1583
f 1568 1583 1567
f 1569 1585 1584
f 1569 1584 1568
f 1570 1586 1585
f 1570 1585 1569
f 1571 1587 1586
f 1571 1586 1570
f 1572 1574 1587
f 1572 1587 1571
f 1573 1574 1572
f 1588 1589 1590
f 1588 1590 1591
f 1592 1593 1594
f 1592 1594 1595
f 1599 1597 1598
f 1596 1597 1599
f 1611 1605 1606
f 1604 1605 1611
f 1610 1604 1611
f 1603 1604 1610
f 1609 1603 1610
f 1600 1608 1607
f 1600 1601 1608
f 1612 1602 1603
f 1612 1603 1609
f 1613 1601 1602
f 1613 1609 1608
f 1613 1612 1609
f 1613 1602 1612
f 1614 1613 1608
f 1614 1601 1613
f 1614 1608 1601
f 1636 1625 1626
f 1624 1625 1636
f 1635 1624 1636
f 1623 1624 1635
f 1622 1635 1634
f 1622 1623 1635
f 1621 1634 1633
f 1621 1622 1634
f 1620 1633 1632
f 1620 1621 1633
f 1631 1620 1632
f 1619 1620 1631
f 1630 1619 1631
f 1618 1619 1630
f 1629 1618 1630
f 1615 1628 1627
f 1615 1616 1628
f 1637 1617 1618
f 1637 1618 1629
f 1638 1616 1617
f 1638 1629 1628
f 1638 1637 1629
f 1638 1617 1637
f 1638 1628 1616
f 1639 1640 1641
f 1639 1641 1642
f 1646 1647 1648
f 1646 1653 1652
f 1646 1648 1653
f 1645 1652 1651
f 1645 1646 1652
f 1644 1651 1650
f 1644 1645 1651
f 1643 1650 1649
f 1643 1644 1650
f 1654 1655 1656
f 1654 1656 1657
f 1658 1659 1660
f 1658 1660 1661
f 1666 1665 1663
f 1667 1663 1662
f 1667 1662 1664
f 1667 1666 1663
f 1668 1664 1665
f 1668 1665 1666
f 1668 1667 1664
f 1668 1666 1667
f 1672 1669 1670
f 1672 1670 1671
f 1726 1686 1685
f 1725 1687 1686
f 1725 1686 1726
f 1727 1685 1684
f 1727 1726 1685
f 1724 1688 1687
f 1724 1687 1725
f 1728 1684 1683
f 1728 1727 1684
f 1723 1689 1688
f 1723 1688 1724
f 1703 1683 1682
f 1703 1728 1683
f 1701 1703 1682
f 1722 1689 1723
f 1690 1689 1722
f 1704 1703 1701
f 1700 1704 1701
f 1721 1690 1722
f 1705 1704 1700
f 1691 1690 1721
f 1720 1691 1721
f 1699 1705 1700
f 1706 1705 1699
f 1692 1720 1719
f 1692 1691 1720
f 1698 1706 1699
f 1707 1706 1698
f 1693 1692 1719
f 1693 1719 1718
f 1697 1707 1698
f 1708 1707 1697
f 1696 1708 1697
f 1696 1709 1708
f 1694 1718 1717
f 1694 1693 1718
f 1702 1709 1696
f 1695 1702 1696
f 1675 1694 1717
f 1675 1717 1716
f 1674 1709 1702
f 1674 1710 1709
f 1676 1716 1715
f 1676 1675 1716
f 1681 1674 1673
f 1681 1711 1710
f 1681 1710 1674
f 1677 1715 1714
f 1677 1676 1715
f 1680 1712 1711
f 1680 1711 1681
f 1678 1714 1713
f 1678 1677 1714
f 1679 1678 1713
f 1679 1713 1712
f 1679 1712 1680
f 1730 1731 1732
f 1729 1731 1730
f 1779 1746 1745
f 1780 1745 1744
f 1780 1779 1745
f 1778 1747 1746
f 1778 1746 1779
f 1781 1744 1743
f 1781 1780 1744
f 1777 1748 1747
f 1777 1747 1778
f 1782 1743 1742
f 1782 1781 1743
f 1776 1748 1777
f 1749 1748 1776
f 1783 1782 1742
f 1761 1783 1742
f 1775 1749 1776
f 1750 1749 1775
f 1784 1783 1761
f 1760 1784 1761
f 1774 1750 1775
f 1751 1750 1774
f 1785 1784 1760
f 1759 1785 1760
f 1773 1751 1774
f 1786 1785 1759
f 1752 1751 1773
f 1758 1786 1759
f 1772 1752 1773
f 1787 1786 1758
f 1753 1752 1772
f 1757 1787 1758
f 1771 1753 1772
f 1788 1787 1757
f 1756 1788 1757
f 1754 1753 1771
f 1770 1754 1771
f 1762 1788 1756
f 1762 1763 1788
f 1755 1762 1756
f 1735 1754 1770
f 1735 1770 1769
f 1734 1763 1762
f 1764 1763 1734
f 1736 1769 1768
f 1736 1735 1769
f 1741 1734 1733
f 1741 1764 1734
f 1737 1736 1768
f 1737 1768 1767
f 1740 1765 1764
f 1740 1764 1741
f 1738 1737 1767
f 1738 1767 1766
f 1739 1766 1765
f 1739 1765 1740
f 1739 1738 1766
f 1790 1818 1789
f 1804 1817 1818
f 1804 1818 1790
f 1803 1817 1804
f 1816 1817 1803
f 1802 1816 1803
f 1815 1816 1802
f 1801 1815 1802
f 1814 1815 1801
f 1800 1814 1801
f 1813 1814 1800
f 1799 1813 1800
f 1812 1813 1799
f 1798 1812 1799
f 1811 1812 1798
f 1797 1811 1798
f 1810 1811 1797
f 1796 1810 1797
f 1809 1810 1796
f 1795 1809 1796
f 1808 1809 1795
f 1794 1808 1795
f 1807 1808 1794
f 1793 1807 1794
f 1806 1807 1793
f 1792 1806 1793
f 1805 1806 1792
f 1791 1805 1792
f 1791 1844 1805
f 1831 1843 1844
f 1831 1844 1791
f 1830 1843 1831
f 1842 1843 1830
f 1829 1842 1830
f 1827 1840 1828
f 1839 1840 1827
f 1826 1839 1827
f 1838 1839 1826
f 1825 1838 1826
f 1824 1837 1838
f 1824 1838 1825
f 1836 1837 1824
f 1823 1836 1824
f 1822 1835 1836
f 1822 1836 1823
f 1821 1834 1835
f 1821 1835 1822
f 1820 1833 1834
f 1820 1834 1821
f 1819 1832 1833
f 1819 1833 1820
f 1789 1832 1819
f 1790 1789 1819
f 1841 1829 1828
f 1841 1840 1841
f 1841 1841 1842
f 1841 1842 1829
f 1841 1828 1840
f 1846 1847 1848
f 1845 1846 1848
f 1849 1850 1851
f 1849 1851 1852
f 1854 1855 1856
f 1853 1854 1856
f 1862 1860 1859
f 1862 1859 1861
f 1858 1857 1860
f 1858 1860 1862
f 1867 1863 1864
f 1867 1864 1865
f 1867 1865 1866
f 1867 1866 1863
f 1868 1869 1870
f 1868 1870 1871
f 1876 1877 1878
f 1881 1876 1878
f 1875 1876 1881
f 1880 1874 1875
f 1880 1875 1881
f 1879 1874 1880
f 1873 1874 1879
f 1872 1873 1879
f 1882 1883 1884
f 1882 1884 1885
f 1902 1900 1901
f 1915 1899 1900
f 1915 1900 1902
f 1914 1899 1915
f 1898 1899 1914
f 1913 1898 1914
f 1897 1898 1913
f 1912 1897 1913
f 1896 1897 1912
f 1911 1896 1912
f 1895 1896 1911
f 1910 1895 1911
f 1894 1895 1910
f 1909 1894 1910
f 1908 1893 1894
f 1908 1894 1909
f 1907 1892 1893
f 1907 1893 1908
f 1906 1891 1892
f 1906 1892 1907
f 1905 1890 1891
f 1905 1891 1906
f 1904 1889 1890
f 1904 1890 1905
f 1903 1888 1889
f 1903 1889 1904
f 1887 1886 1888
f 1887 1888 1903
f 1919 1917 1918
f 1916 1917 1919
f 1921 1922 1923
f 1920 1921 1923
f 1940 1938 1939
f 1953 1937 1938
f 1953 1938 1940
f 1952 1936 1937
f 1952 1937 1953
f 1951 1935 1936
f 1951 1936 1952
f 1950 1934 1935
f 1950 1935 1951
f 1949 1933 1934
f 1949 1934 1950
f 1948 1932 1933
f 1948 1933 1949
f 1947 1931 1932
f 1947 1932 1948
f 1946 1930 1931
f 1946 1931 1947
f 1945 1930 1946
f 1929 1930 1945
f 1944 1929 1945
f 1928 1929 1944
f 1943 1928 1944
f 1942 1927 1928
f 1942 1928 1943
f 1941 1926 1927
f 1941 1927 1942
f 1925 1926 1941
f 1924 1925 1941
f 1954 1955 1956
f 1954 1956 1957
f 1963 1960 1961
f 1963 1961 1962
f 1958 1959 1960
f 1958 1960 1963
f 1977 1994 1995
f 1977 1995 1978
f 1976 1993 1994
f 1976 1994 1977
f 1975 1992 1993
f 1975 1993 1976
f 1974 1990 1991
f 1974 1991 1992
f 1974 1992 1975
f 1973 1989 1990
f 1973 1990 1974
f 1972 1988 1989
f 1972 1989 1973
f 1971 1987 1988
f 1971 1988 1972
f 1970 1985 1986
f 1970 1986 1987
f 1970 1987 1971
f 1969 1984 1985
f 1969 1985 1970
f 1968 1983 1984
f 1968 1984 1969
f 1967 1982 1983
f 1967 1983 1968
f 1966 1981 1982
f 1966 1982 1967
f 1965 1980 1981
f 1965 1981 1966
f 1964 1979 1980
f 1964 1980 1965
f 2012 2010 2011
f 2026 2009 2010
f 2026 2010 2012
f 2025 2009 2026
f 2008 2009 2025
f 2024 2008 2025
f 2007 2008 2024
f 2023 2007 2024
f 2006 2007 2023
f 2022 2006 2023
f 2005 2006 2022
f 2021 2005 2022
f 2004 2005 2021
f 2020 2004 2021
f 2003 2004 2020
f 2019 2003 2020
f 2018 2002 2003
f 2018 2003 2019
f 2017 2001 2002
f 2017 2002 2018
f 2016 2000 2001
f 2016 2001 2017
f 2015 1999 2000
f 2015 2000 2016
f 2014 1998 1999
f 2014 1999 2015
f 2013 1998 2014
f 1996 1997 1998
f 1996 1998 2013
f 2032 2029 2030
f 2032 2030 2031
f 2027 2028 2029
f 2027 2029 2032
f 2042 2037 2038
f 2042 2038 2039
f 2036 2037 2042
f 2041 2036 2042
f 2035 2036 2041
f 2040 2035 2041
f 2034 2035 2040
f 2033 2034 2040
f 2045 2046 2047
f 2048 2045 2047
f 2043 2045 2048
f 2044 2043 2048
f 2059 2060 2054
f 2053 2058 2059
f 2053 2059 2054
f 2052 2057 2058
f 2052 2058 2053
f 2051 2056 2057
f 2051 2057 2052
f 2050 2056 2051
f 2055 2056 2050
f 2049 2055 2050
f 2063 2064 2065
f 2066 2063 2065
f 2062 2063 2066
f 2061 2062 2066
f 2072 2069 2070
f 2072 2070 2071
f 2068 2067 2069
f 2068 2069 2072
f 2074 2073 2075
f 2074 2075 2076
f 2077 1859 2078
f 2095 2093 2094
f 2108 2092 2093
f 2108 2093 2095
f 2107 2091 2092
f 2107 2092 2108
f 2106 2090 2091
f 2106 2091 2107
f 2105 2089 2090
f 2105 2090 2106
f 2104 2088 2089
f 2104 2089 2105
f 2103 2087 2088
f 2103 2088 2104
f 2102 2086 2087
f 2102 2087 2103
f 2101 2085 2086
f 2101 2086 2102
f 2100 2085 2101
f 2084 2085 2100
f 2099 2084 2100
f 2083 2084 2099
f 2098 2083 2099
f 2097 2082 2083
f 2097 2083 2098
f 2096 2081 2082
f 2096 2082 2097
f 2080 2081 2096
f 2079 2080 2096
f 2109 2110 2111
f 2109 2111 2112
f 2129 2127 2128
f 2143 2126 2127
f 2143 2127 2129
f 2142 2126 2143
f 2125 2126 2142
f 2141 2125 2142
f 2124 2125 2141
f 2140 2124 2141
f 2123 2124 2140
f 2139 2123 2140
f 2122 2123 2139
f 2138 2122 2139
f 2121 2122 2138
f 2137 2121 2138
f 2120 2121 2137
f 2136 2120 2137
f 2135 2119 2120
f 2135 2120 2136
f 2134 2118 2119
f 2134 2119 2135
f 2133 2117 2118
f 2133 2118 2134
f 2132 2116 2117
f 2132 2117 2133
f 2131 2115 2116
f 2131 2116 2132
f 2130 2115 2131
f 2114 2115 2130
f 2113 2114 2130
f 2146 2147 2145
f 2144 2146 2145
f 2152 2153 2150
f 2149 2152 2150
f 2151 2152 2149
f 2148 2151 2149
f 2163 2158 2159
f 2163 2159 2160
f 2157 2158 2163
f 2162 2157 2163
f 2156 2157 2162
f 2161 2156 2162
f 2155 2156 2161
f 2154 2155 2161
f 2169 2166 2167
f 2169 2167 2168
f 2164 2165 2166
f 2164 2166 2169
f 2199 2183 2184
f 2199 2184 2185
f 2199 2185 2186
f 2198 2182 2183
f 2198 2183 2199
f 2197 2181 2182
f 2197 2182 2198
f 2196 2180 2181
f 2196 2181 2197
f 2195 2179 2180
f 2195 2180 2196
f 2194 2178 2179
f 2194 2179 2195
f 2193 2177 2178
f 2193 2178 2194
f 2192 2176 2177
f 2192 2177 2193
f 2191 2175 2176
f 2191 2176 2192
f 2190 2175 2191
f 2174 2175 2190
f 2189 2173 2174
f 2189 2174 2190
f 2188 2173 2189
f 2172 2173 2188
f 2187 2172 2188
f 2170 2171 2172
f 2170 2172 2187
f 2202 2203 2204
f 2205 2202 2204
f 2201 2202 2205
f 2200 2201 2205
f 2211 2208 2209
f 2211 2209 2210
f 2206 2207 2208
f 2206 2208 2211
f 2217 2218 2219
f 2223 2216 2217
f 2223 2217 2219
f 2222 2215 2216
f 2222 2216 2223
f 2221 2214 2215
f 2221 2215 2222
f 2220 2214 2221
f 2213 2214 2220
f 2212 2213 2220
f 2229 2226 2227
f 2229 2227 2228
f 2224 2225 2226
f 2224 2226 2229
f 2232 2231 2230
f 2232 2233 2231
f 2234 2239 2240
f 2238 2234 2235
f 2238 2239 2234
f 2236 2238 2235
f 2237 2238 2236
f 2241 721 722
f 2241 2253 721
f 2242 2254 2253
f 2242 2253 2241
f 2243 2255 2254
f 2243 2254 2242
f 2244 2256 2255
f 2244 2257 2256
f 2244 2255 2243
f 2245 2258 2257
f 2245 2257 2244
f 2246 2258 2245
f 2247 2259 2258
f 2247 2258 2246
f 2248 2260 2259
f 2248 2259 2247
f 2249 2261 2260
f 2249 2262 2261
f 2249 2260 2248
f 2250 2262 2249
f 2251 2263 2262
f 2251 2264 2263
f 2251 2262 2250
f 2252 2264 2251
f 723 736 2264
f 723 2264 2252
f 2285 2286 2287
f 2285 2287 2288
f 2266 2289 2290
f 2266 2290 2265
f 2268 2266 2267
f 2281 2282 2283
f 2281 2283 2284
f 2269 2266 2268
f 2270 2266 2269
f 2279 2280 2281
f 2272 2270 2271
f 2273 2284 2285
f 2273 2288 2289
f 2273 2285 2288
f 2273 2289 2266
f 2273 2266 2270
f 2273 2270 2272
f 2276 2277 2278
f 2276 2278 2279
f 2276 2279 2281
f 2274 2281 2284
f 2274 2276 2281
f 2274 2284 2273
f 2275 2276 2274
f 2291 693 694
f 2291 2303 693
f 2292 2304 2303
f 2292 2303 2291
f 2293 2305 2304
f 2293 2304 2292
f 2294 2306 2305
f 2294 2307 2306
f 2294 2305 2293
f 2295 2308 2307
f 2295 2307 2294
f 2296 2308 2295
f 2297 2309 2308
f 2297 2308 2296
f 2298 2310 2309
f 2298 2309 2297
f 2299 2311 2310
f 2299 2312 2311
f 2299 2310 2298
f 2300 2312 2299
f 2301 2313 2312
f 2301 2314 2313
f 2301 2312 2300
f 2302 2314 2301
f 695 708 2314
f 695 2314 2302
f 2329 2330 2331
f 2327 2328 2329
f 2327 2331 2332
f 2327 2332 2333
f 2327 2329 2331
f 2338 2336 2337
f 2324 2325 2326
f 2323 2326 2327
f 2323 2333 2334
f 2323 2334 2335
f 2323 2327 2333
f 2323 2324 2326
f 2321 2322 2323
f 2321 2335 2336
f 2321 2323 2335
f 2316 2338 2339
f 2316 2339 2340
f 2316 2340 2315
f 2320 2336 2338
f 2320 2321 2336
f 2318 2316 2317
f 2318 2319 2320
f 2318 2320 2338
f 2318 2338 2316
f 2341 2343 2342
f 2341 2344 2343
f 2348 2347 2346
f 2349 2346 2345
f 2349 2348 2346
f 2353 2350 2351
f 2353 2352 2350

