# https://github.com/mikedh/trimesh
mtllib material.mtl

o black_rubber
usemtl material_0
v 0.02900800 -0.00003000 0.12555800
v 0.02817400 -0.00689800 0.12555800
v 0.02572000 -0.01336800 0.12555800
v 0.02179000 -0.01906200 0.12555800
v 0.01661100 -0.02365000 0.12555800
v 0.01048500 -0.02686500 0.12555800
v 0.00376700 -0.02852100 0.12555800
v -0.00315100 -0.02852100 0.12555800
v -0.00986900 -0.02686500 0.12555800
v -0.01599600 -0.02365000 0.12555800
v -0.02117400 -0.01906200 0.12555800
v -0.02510500 -0.01336800 0.12555800
v -0.02755800 -0.00689800 0.12555800
v -0.02839200 -0.00003000 0.12555800
v -0.02839200 -0.00003000 0.11955800
v 0.02900800 -0.00003000 0.11955800
v 0.02817400 -0.00689800 0.11955800
v 0.02572000 -0.01336800 0.11955800
v 0.02179000 -0.01906200 0.11955800
v 0.01661100 -0.02365000 0.11955800
v 0.01048500 -0.02686500 0.11955800
v 0.00376700 -0.02852100 0.11955800
v -0.00315100 -0.02852100 0.11955800
v -0.00986900 -0.02686500 0.11955800
v -0.01599600 -0.02365000 0.11955800
v -0.02117400 -0.01906200 0.11955800
v -0.02510500 -0.01336800 0.11955800
v -0.02755800 -0.00689800 0.11955800
v -0.02755800 0.00683800 0.12555800
v -0.02510500 0.01330700 0.12555800
v -0.02117400 0.01900100 0.12555800
v -0.01599600 0.02358900 0.12555800
v -0.00986900 0.02680500 0.12555800
v -0.00315100 0.02846100 0.12555800
v 0.00376700 0.02846100 0.12555800
v 0.01048500 0.02680500 0.12555800
v 0.01661100 0.02358900 0.12555800
v 0.02179000 0.01900100 0.12555800
v 0.02572000 0.01330700 0.12555800
v 0.02817400 0.00683800 0.12555800
v -0.02755800 0.00683800 0.11955800
v -0.02510500 0.01330700 0.11955800
v -0.02117400 0.01900100 0.11955800
v -0.01599600 0.02358900 0.11955800
v -0.00986900 0.02680500 0.11955800
v -0.00315100 0.02846100 0.11955800
v 0.00376700 0.02846100 0.11955800
v 0.01048500 0.02680500 0.11955800
v 0.01661100 0.02358900 0.11955800
v 0.02179000 0.01900100 0.11955800
v 0.02572000 0.01330700 0.11955800
v 0.02817400 0.00683800 0.11955800
v 0.00862100 0.04425100 0.00005800
v 0.01292200 0.04337900 0.00005800
v 0.02158200 0.04054000 0.00005800
v 0.02641200 0.03802700 0.00005800
v 0.03032700 0.03491700 0.00005800
v 0.00030800 0.03489800 -0.02994200
v 0.00763800 0.03489800 -0.02903300
v 0.01428100 0.03489800 -0.02648900
v 0.01977600 0.03489800 -0.02276700
v 0.02435300 0.03489800 -0.01788200
v 0.02768900 0.03489800 -0.01220000
v 0.02965300 0.03489800 -0.00617700
v 0.03015100 0.03490000 -0.00301900
v 0.00030200 0.03838000 -0.02537400
v 0.00029800 0.04111500 -0.01971200
v 0.00029600 0.04361900 -0.01141400
v 0.00029600 0.04463300 -0.00545300
v 0.00029700 0.04497000 0.00005800
v 0.00029700 0.04497000 0.00005800
v 0.00229400 0.04492700 0.00005800
v 0.00209300 0.04493500 -0.00005600
v 0.00160100 0.04494800 -0.00054600
v 0.00145600 0.04494800 -0.00078200
v 0.00140800 0.04494600 -0.00091000
v 0.00137500 0.04494400 -0.00105500
v 0.00134200 0.04493600 -0.00134800
v 0.00134300 0.04485100 -0.00300300
v 0.00134400 0.04471100 -0.00465300
v 0.00134300 0.04427700 -0.00793800
v 0.00146600 0.04419400 -0.00842700
v 0.00158100 0.04414100 -0.00871700
v 0.00175500 0.04409000 -0.00898100
v 0.00196700 0.04404900 -0.00917500
v 0.00226100 0.04400800 -0.00934100
v 0.00259200 0.04397600 -0.00944300
v 0.00293300 0.04395500 -0.00947000
v 0.00327500 0.04394600 -0.00942500
v 0.00359200 0.04394800 -0.00930800
v 0.00387900 0.04396300 -0.00912300
v 0.00412700 0.04399000 -0.00887500
v 0.00430800 0.04402600 -0.00859000
v 0.00438200 0.04405100 -0.00840700
v 0.00443200 0.04408300 -0.00819200
v 0.00446000 0.04412300 -0.00792700
v 0.00446600 0.04449500 -0.00513500
v 0.00446800 0.04472000 -0.00232700
v 0.00655100 0.04454000 -0.00113600
v 0.00798500 0.04363900 -0.00843900
v 0.00827200 0.04353100 -0.00882600
v 0.00848500 0.04346000 -0.00904700
v 0.00873800 0.04339000 -0.00921900
v 0.00900000 0.04333000 -0.00931400
v 0.00932400 0.04326900 -0.00935300
v 0.00965900 0.04321700 -0.00932000
v 0.00997500 0.04317800 -0.00921600
v 0.01026300 0.04315500 -0.00904600
v 0.01050900 0.04314700 -0.00881800
v 0.01069900 0.04315600 -0.00854500
v 0.01082900 0.04318100 -0.00823100
v 0.01088800 0.04321900 -0.00790600
v 0.01089000 0.04324500 -0.00773600
v 0.01087000 0.04327300 -0.00756900
v 0.01078000 0.04333800 -0.00724300
v 0.00938500 0.04396900 -0.00384100
v 0.00910900 0.04404500 -0.00346500
v 0.00886800 0.04410200 -0.00321500
v 0.00861300 0.04415600 -0.00304300
v 0.00834500 0.04420500 -0.00294800
v 0.00798700 0.04426300 -0.00291100
v 0.00765200 0.04431000 -0.00295300
v 0.00733900 0.04434800 -0.00306400
v 0.00705600 0.04437600 -0.00324000
v 0.00681500 0.04439200 -0.00347600
v 0.00663300 0.04439400 -0.00375600
v 0.00651300 0.04438300 -0.00407500
v 0.00646500 0.04436000 -0.00440600
v 0.00649200 0.04432700 -0.00472600
v 0.00658200 0.04428500 -0.00503500
v 0.01150100 0.04250000 -0.01114100
v 0.02509200 0.03756000 -0.01017400
v 0.02334800 0.03936400 -0.00574000
v 0.02269800 0.03731700 -0.01531200
v 0.01708000 0.03937000 -0.01671300
v 0.02349500 0.03872100 -0.00912100
v 0.02124200 0.03997600 -0.00823000
v 0.01639200 0.03730900 -0.02181300
v 0.01759800 0.04159500 -0.00678900
v 0.01667100 0.04211400 -0.00487500
v 0.01675600 0.04207100 -0.00504200
v 0.01678600 0.04205300 -0.00513200
v 0.01806600 0.04091700 -0.00989900
v 0.01096900 0.03767600 -0.02430300
v 0.00677300 0.03674200 -0.02707800
v 0.01245700 0.04336000 -0.00360600
v 0.00366600 0.03673800 -0.02763000
v 0.00935600 0.03888600 -0.02280500
v 0.00592700 0.03968600 -0.02229200
v 0.00832300 0.04028500 -0.02020000
v 0.00686100 0.04184700 -0.01651500
v 0.01001300 0.04110300 -0.01726200
v 0.00729900 0.04331300 -0.01070900
v 0.00713000 0.04330400 -0.01086100
v 0.00273600 0.04276100 -0.01462800
v 0.00249800 0.04275900 -0.01467100
v 0.00225200 0.04276600 -0.01467800
v 0.02629400 0.03779700 -0.00493700
v 0.01452300 0.04101200 -0.01416200
v 0.01276300 0.03983800 -0.01899700
v 0.00926600 0.04414000 0.00043100
v 0.00970100 0.04405800 0.00087800
v 0.00984100 0.04402900 0.00111500
v 0.00988000 0.04402000 0.00122500
v 0.00990600 0.04401400 0.00134200
v 0.00993000 0.04400500 0.00159400
v 0.00990400 0.04375300 0.00678100
v 0.00973200 0.04373300 0.00739400
v 0.00959600 0.04373600 0.00763900
v 0.00952000 0.04374100 0.00773000
v 0.00943100 0.04374900 0.00781200
v 0.00922500 0.04377100 0.00796300
v 0.00366500 0.04406000 0.01121700
v 0.00320100 0.04406900 0.01135400
v 0.00286400 0.04408000 0.01140800
v 0.00254700 0.04409800 0.01139200
v 0.00227200 0.04412100 0.01130700
v 0.00195300 0.04415900 0.01111800
v 0.00170800 0.04419800 0.01088500
v 0.00152100 0.04424000 0.01060500
v 0.00139900 0.04428300 0.01029200
v 0.00134800 0.04432600 0.00995900
v 0.00137000 0.04436600 0.00962500
v 0.00146600 0.04440300 0.00929500
v 0.00162700 0.04443300 0.00900100
v 0.00175300 0.04444700 0.00884600
v 0.00190600 0.04445700 0.00870800
v 0.00210400 0.04446600 0.00856300
v 0.00682000 0.04431600 0.00574700
v 0.00683300 0.04447500 0.00264700
v 0.00029800 0.04429700 0.01026900
v 0.00030200 0.04251500 0.02023300
v 0.00030800 0.03997700 0.03005800
v 0.02525400 0.03657300 0.01674700
v 0.02033800 0.03811400 0.02241400
v 0.01484800 0.03927400 0.02629900
v 0.00912200 0.03983300 0.02875200
v 0.00480000 0.03995800 0.02973600
v 0.02799000 0.03561500 0.01167100
v 0.02982000 0.03501800 0.00549200
v 0.02905600 0.03524500 0.00866100
v 0.00134800 0.04484600 0.00417100
v 0.00139300 0.04486400 0.00381100
v 0.00151900 0.04487700 0.00347400
v 0.00172200 0.04488400 0.00317600
v 0.00199100 0.04488400 0.00292900
v 0.00230600 0.04487800 0.00275400
v 0.00265300 0.04486500 0.00265800
v 0.00301800 0.04484500 0.00264400
v 0.00337100 0.04482000 0.00271500
v 0.00369500 0.04479200 0.00286700
v 0.00397900 0.04476200 0.00309400
v 0.00420300 0.04473200 0.00337900
v 0.00435400 0.04470400 0.00370700
v 0.00440900 0.04468800 0.00394100
v 0.00442500 0.04467400 0.00418200
v 0.00438000 0.04465800 0.00453900
v 0.00425100 0.04464900 0.00488300
v 0.00405100 0.04464600 0.00518300
v 0.00378500 0.04464900 0.00542800
v 0.00346700 0.04465900 0.00560400
v 0.00311800 0.04467500 0.00570200
v 0.00275600 0.04469400 0.00571400
v 0.00240300 0.04471700 0.00564200
v 0.00207400 0.04474200 0.00548900
v 0.00179200 0.04476700 0.00526400
v 0.00156900 0.04479300 0.00497800
v 0.00141900 0.04481700 0.00464800
v 0.00136500 0.04483200 0.00441400
v 0.02565100 0.03834500 0.00441300
v 0.02654300 0.03756300 0.00685900
v 0.02513700 0.03853100 0.00594300
v 0.02021700 0.04086000 0.00643900
v 0.02159500 0.03965800 0.01200400
v 0.01948200 0.04085700 0.00958500
v 0.01807600 0.04106300 0.01213500
v 0.01800600 0.04107200 0.01225700
v 0.01796800 0.04107900 0.01230200
v 0.01534000 0.04211500 0.01064100
v 0.01526800 0.04212200 0.01075200
v 0.01887300 0.04022300 0.01570200
v 0.01349000 0.04234200 0.01270800
v 0.01339300 0.04235500 0.01278500
v 0.01539400 0.04147600 0.01513900
v 0.01535100 0.04148200 0.01518000
v 0.01525000 0.04149900 0.01525400
v 0.01516400 0.04086300 0.01896000
v 0.00966600 0.04209700 0.01879800
v 0.00781700 0.04138800 0.02326400
v -0.00097800 0.04492400 -0.00135000
v -0.00116200 0.04493500 -0.00067500
v -0.00131200 0.04493300 -0.00041300
v -0.00149400 0.04492700 -0.00023000
v -0.00173000 0.04491700 -0.00005900
v -0.00193600 0.04490600 0.00005800
v 0.00029700 0.04497000 0.00005800
v -0.02967300 0.03487900 0.00005800
v -0.02889400 0.03489800 -0.00681500
v -0.02632300 0.03489800 -0.01375500
v -0.02245000 0.03489800 -0.01948900
v -0.01787600 0.03489800 -0.02380300
v -0.01258200 0.03489800 -0.02703200
v -0.00694400 0.03489800 -0.02905200
v -0.00326900 0.03489800 -0.02972800
v -0.02500000 0.03840200 0.00005800
v -0.01922000 0.04116800 0.00005800
v -0.01376600 0.04295100 0.00005800
v -0.00826900 0.04417200 0.00005800
v -0.00619200 0.04448000 -0.00113800
v -0.00410000 0.04468000 -0.00233200
v -0.00409400 0.04445600 -0.00514000
v -0.00408200 0.04408500 -0.00793200
v -0.00396800 0.04402100 -0.00838400
v -0.00384100 0.04397700 -0.00870900
v -0.00368300 0.04394700 -0.00895300
v -0.00346900 0.04392700 -0.00915700
v -0.00318100 0.04391800 -0.00932700
v -0.00285000 0.04391900 -0.00943700
v -0.00251200 0.04393300 -0.00947300
v -0.00217200 0.04395900 -0.00943600
v -0.00185000 0.04399400 -0.00932700
v -0.00156000 0.04403900 -0.00915000
v -0.00131200 0.04409100 -0.00891100
v -0.00112700 0.04414700 -0.00863000
v -0.00101400 0.04420300 -0.00831800
v -0.00098600 0.04423200 -0.00815200
v -0.00096600 0.04426700 -0.00794000
v -0.00097400 0.04470000 -0.00465500
v -0.00097600 0.04484000 -0.00300400
v -0.00901100 0.04388700 -0.00385000
v -0.01039800 0.04324600 -0.00725300
v -0.01046300 0.04316700 -0.00770200
v -0.01046900 0.04311400 -0.00804500
v -0.01041800 0.04308000 -0.00832600
v -0.01030200 0.04306100 -0.00859200
v -0.01010500 0.04305600 -0.00885600
v -0.00984800 0.04306800 -0.00908100
v -0.00955700 0.04309600 -0.00924300
v -0.00923800 0.04313900 -0.00933800
v -0.00890600 0.04319500 -0.00936200
v -0.00858100 0.04326100 -0.00931200
v -0.00827000 0.04333600 -0.00919100
v -0.00800000 0.04341200 -0.00900900
v -0.00778100 0.04348900 -0.00877000
v -0.00769500 0.04352600 -0.00863100
v -0.00760000 0.04357100 -0.00844800
v -0.00620500 0.04422800 -0.00504300
v -0.00613500 0.04428300 -0.00457300
v -0.00612700 0.04431500 -0.00423500
v -0.00618600 0.04433300 -0.00392600
v -0.00630900 0.04433700 -0.00366000
v -0.00653600 0.04432600 -0.00337500
v -0.00679700 0.04430300 -0.00316400
v -0.00709600 0.04426800 -0.00301400
v -0.00741700 0.04422300 -0.00293300
v -0.00775000 0.04417000 -0.00292500
v -0.00807400 0.04411300 -0.00298900
v -0.00838100 0.04405200 -0.00312300
v -0.00864800 0.04399200 -0.00332000
v -0.00885600 0.04393700 -0.00356600
v -0.01094900 0.04245100 -0.01108800
v -0.00563700 0.03672600 -0.02717800
v -0.00917000 0.03900600 -0.02231100
v -0.00472600 0.04081400 -0.01980700
v -0.01776700 0.03797100 -0.01867600
v -0.01498200 0.03797500 -0.02101600
v -0.00741200 0.04065900 -0.01931100
v -0.01338900 0.03930800 -0.01929400
v -0.01533400 0.03930600 -0.01775300
v -0.02032400 0.03796700 -0.01581000
v -0.00177800 0.04274900 -0.01468700
v -0.00201900 0.04273900 -0.01468500
v -0.00226400 0.04273800 -0.01464700
v -0.00629400 0.04181800 -0.01649800
v -0.01711400 0.03930300 -0.01601200
v -0.01886000 0.03930100 -0.01387800
v -0.02676300 0.03672600 -0.00631500
v -0.02193500 0.03900500 -0.00958800
v -0.00667100 0.04326300 -0.01081900
v -0.00684100 0.04327000 -0.01067500
v -0.01903000 0.04066200 -0.00755100
v -0.01944900 0.04083400 -0.00488700
v -0.01616400 0.04184000 -0.00642200
v -0.01543900 0.04222600 -0.00498800
v -0.01538900 0.04225900 -0.00480500
v -0.01529800 0.04230700 -0.00457300
v -0.01265300 0.04310000 -0.00378700
v -0.01062600 0.03736300 -0.02460700
v -0.02407200 0.03735800 -0.01140600
v -0.00980600 0.04161500 -0.01529000
v -0.01508100 0.04161600 -0.00992800
v 0.01072200 0.04304700 -0.00720200
v 0.00933300 0.04367500 -0.00381800
v 0.00794200 0.04334600 -0.00839000
v 0.00843500 0.04317000 -0.00899200
v 0.00868100 0.04310100 -0.00916200
v 0.00894500 0.04304000 -0.00926000
v 0.00930200 0.04297300 -0.00930000
v 0.00963700 0.04292200 -0.00926100
v 0.00995500 0.04288400 -0.00914900
v 0.01023800 0.04286200 -0.00897300
v 0.01047800 0.04285700 -0.00873900
v 0.01066200 0.04286700 -0.00845900
v 0.01078200 0.04289400 -0.00814300
v 0.01083200 0.04293500 -0.00781300
v 0.01080700 0.04298700 -0.00750100
v 0.00654500 0.04398900 -0.00500400
v 0.00883100 0.04380400 -0.00320600
v 0.00858300 0.04385700 -0.00303400
v 0.00831600 0.04390600 -0.00293500
v 0.00795800 0.04396400 -0.00289300
v 0.00761800 0.04401300 -0.00293200
v 0.00730200 0.04405100 -0.00304300
v 0.00701700 0.04407900 -0.00322000
v 0.00677600 0.04409500 -0.00345400
v 0.00659400 0.04409700 -0.00373500
v 0.00647500 0.04408600 -0.00405400
v 0.00642800 0.04406300 -0.00438700
v 0.00643700 0.04404400 -0.00458200
v 0.00647600 0.04402000 -0.00478300
v -0.00646000 0.04425500 0.00573900
v -0.00174900 0.04444700 0.00855900
v -0.00140500 0.04442500 0.00889900
v -0.00119500 0.04440300 0.00916700
v -0.00105500 0.04437400 0.00945100
v -0.00099500 0.04434200 0.00973200
v -0.00100500 0.04429700 0.01010100
v -0.00108900 0.04425200 0.01042900
v -0.00124100 0.04420800 0.01072800
v -0.00145500 0.04416500 0.01098800
v -0.00172000 0.04412600 0.01119500
v -0.00202400 0.04409200 0.01133800
v -0.00235900 0.04406300 0.01141400
v -0.00269500 0.04404200 0.01141600
v -0.00289200 0.04403400 0.01138000
v -0.00308800 0.04403000 0.01131500
v -0.00331100 0.04402800 0.01121200
v -0.00886300 0.04369100 0.00795000
v -0.00930400 0.04365100 0.00749300
v -0.00944700 0.04364500 0.00725100
v -0.00948700 0.04364700 0.00714000
v -0.00951300 0.04365200 0.00702100
v -0.00954000 0.04366700 0.00676700
v -0.00956100 0.04391900 0.00158200
v -0.00939400 0.04396000 0.00097800
v -0.00926100 0.04398800 0.00073600
v -0.00918600 0.04400300 0.00064700
v -0.00909900 0.04402000 0.00056700
v -0.00889600 0.04405900 0.00042100
v -0.00687100 0.03990400 0.02919700
v -0.01300800 0.03944300 0.02694300
v -0.01789900 0.03857700 0.02390500
v -0.02214800 0.03739600 0.01995200
v -0.02546300 0.03625600 0.01542300
v -0.02790100 0.03540800 0.01031700
v -0.02922200 0.03500800 0.00543400
v -0.00646900 0.04441400 0.00263800
v -0.00406400 0.04463500 0.00416800
v -0.00402100 0.04465700 0.00380800
v -0.00389700 0.04468500 0.00347000
v -0.00369700 0.04471600 0.00317200
v -0.00342900 0.04474800 0.00292500
v -0.00311600 0.04478000 0.00275000
v -0.00277100 0.04480900 0.00265300
v -0.00240500 0.04483400 0.00264100
v -0.00205200 0.04485300 0.00271200
v -0.00172700 0.04486400 0.00286400
v -0.00144200 0.04486900 0.00309100
v -0.00121500 0.04486600 0.00337600
v -0.00106200 0.04485600 0.00370300
v -0.00100600 0.04484600 0.00393700
v -0.00098800 0.04483400 0.00417800
v -0.00103200 0.04481300 0.00453500
v -0.00115900 0.04478700 0.00487900
v -0.00135800 0.04476000 0.00517900
v -0.00162300 0.04473200 0.00542300
v -0.00193900 0.04470400 0.00560000
v -0.00228800 0.04467700 0.00569800
v -0.00264900 0.04465300 0.00571000
v -0.00300300 0.04463400 0.00563800
v -0.00333300 0.04461900 0.00548600
v -0.00361600 0.04461000 0.00526000
v -0.00383900 0.04460900 0.00497400
v -0.00399100 0.04461500 0.00464500
v -0.00404700 0.04462300 0.00441000
v -0.02393500 0.03880900 0.00525000
v -0.02456900 0.03809400 0.00867700
v -0.02274000 0.03921800 0.00784500
v -0.01848500 0.04111400 0.00761800
v -0.01804700 0.04087800 0.01133700
v -0.01795200 0.04089100 0.01151200
v -0.01802500 0.04087900 0.01139300
v -0.01948200 0.03987000 0.01434900
v -0.01527100 0.04196500 0.00998000
v -0.01520800 0.04197100 0.01009700
v -0.01622400 0.04117600 0.01378100
v -0.01600600 0.04121300 0.01400700
v -0.01385900 0.04214600 0.01184500
v -0.01672100 0.04041900 0.01732500
v -0.01378000 0.04155100 0.01598700
v 0.00133600 0.04463600 -0.00133800
v 0.00133600 0.04455200 -0.00298200
v 0.00133800 0.04441200 -0.00462300
v 0.00133700 0.04398100 -0.00789100
v 0.00208100 0.04463600 -0.00005500
v 0.00158300 0.04464800 -0.00055400
v 0.00149700 0.04464800 -0.00068400
v 0.00143400 0.04464800 -0.00080900
v 0.00136600 0.04464300 -0.00106100
v 0.00228100 0.04462700 0.00005800
v 0.00857200 0.04395500 0.00005800
v 0.00444200 0.04442100 -0.00231200
v 0.00651300 0.04424200 -0.00112800
v 0.00443700 0.04382800 -0.00788000
v 0.00444100 0.04419800 -0.00510300
v 0.00157000 0.04384700 -0.00865900
v 0.00173800 0.04379700 -0.00891800
v 0.00195100 0.04375500 -0.00911600
v 0.00227500 0.04371100 -0.00929600
v 0.00260900 0.04367900 -0.00939300
v 0.00295200 0.04365900 -0.00941400
v 0.00328800 0.04365100 -0.00936100
v 0.00360600 0.04365500 -0.00923600
v 0.00389000 0.04367100 -0.00904400
v 0.00413000 0.04369900 -0.00879200
v 0.00430300 0.04373600 -0.00850200
v 0.00437100 0.04376200 -0.00831800
v 0.00441400 0.04379300 -0.00810500
v 0.00574100 0.04434100 -0.00086000
v 0.00370600 0.04433700 -0.00428400
v 0.00283800 0.04433500 -0.00484300
v 0.00190800 0.04433300 -0.00522200
v 0.00134100 0.04454700 0.00415500
v 0.00138600 0.04456400 0.00379600
v 0.00151200 0.04457700 0.00345900
v 0.00171400 0.04458400 0.00316200
v 0.00198300 0.04458500 0.00291600
v 0.00229700 0.04457800 0.00274200
v 0.00264300 0.04456500 0.00264600
v 0.00300600 0.04454500 0.00263500
v 0.00335700 0.04452100 0.00270600
v 0.00368000 0.04449200 0.00286000
v 0.00396100 0.04446200 0.00308800
v 0.00418300 0.04443200 0.00337300
v 0.00433000 0.04440500 0.00369800
v 0.00438300 0.04438900 0.00392900
v 0.00439900 0.04437600 0.00416600
v 0.00435400 0.04436000 0.00452100
v 0.00422700 0.04435000 0.00486400
v 0.00402800 0.04434700 0.00516400
v 0.00376400 0.04435100 0.00540700
v 0.00344700 0.04436100 0.00558300
v 0.00310000 0.04437600 0.00568100
v 0.00274100 0.04439500 0.00569300
v 0.00238900 0.04441800 0.00562000
v 0.00206100 0.04444300 0.00546800
v 0.00178200 0.04446800 0.00524300
v 0.00156100 0.04449300 0.00495900
v 0.00141200 0.04451800 0.00462900
v 0.00135800 0.04453300 0.00439700
v 0.00364500 0.04376300 0.01117600
v 0.00286100 0.04378300 0.01136600
v 0.00255300 0.04380000 0.01135400
v 0.00227300 0.04382300 0.01127100
v 0.00195600 0.04386000 0.01108700
v 0.00170500 0.04390000 0.01085000
v 0.00151500 0.04394200 0.01056900
v 0.00139300 0.04398500 0.01025700
v 0.00134100 0.04402800 0.00992300
v 0.00136400 0.04406900 0.00958600
v 0.00146000 0.04410600 0.00925800
v 0.00162300 0.04413600 0.00896100
v 0.00174900 0.04414900 0.00880900
v 0.00191000 0.04416000 0.00866300
v 0.00209300 0.04416800 0.00853100
v 0.00917500 0.04347600 0.00793600
v 0.00985000 0.04345900 0.00675700
v 0.00968200 0.04343900 0.00736200
v 0.00954300 0.04344200 0.00761400
v 0.00946100 0.04344700 0.00771100
v 0.00936000 0.04345700 0.00780100
v 0.00987500 0.04371000 0.00158800
v 0.00921400 0.04384400 0.00043000
v 0.00965600 0.04376100 0.00088800
v 0.00978900 0.04373400 0.00111800
v 0.00982600 0.04372500 0.00122400
v 0.00985000 0.04371900 0.00133700
v 0.00679300 0.04417800 0.00263700
v 0.00678100 0.04401900 0.00572600
v -0.00895700 0.04359300 -0.00382700
v -0.01033700 0.04295500 -0.00721200
v -0.00616500 0.04393200 -0.00501200
v -0.00608500 0.04401400 -0.00426200
v -0.00612200 0.04403300 -0.00398400
v -0.00617300 0.04403900 -0.00382700
v -0.00632200 0.04403900 -0.00355700
v -0.00653300 0.04402700 -0.00331600
v -0.00679300 0.04400300 -0.00312000
v -0.00708700 0.04396700 -0.00298300
v -0.00740500 0.04392200 -0.00291100
v -0.00774100 0.04386800 -0.00291100
v -0.00808000 0.04380700 -0.00299000
v -0.00840700 0.04374000 -0.00315300
v -0.00856800 0.04370300 -0.00327600
v -0.00874600 0.04365800 -0.00346600
v -0.00755500 0.04327800 -0.00840000
v -0.01040800 0.04282400 -0.00799800
v -0.01035300 0.04278800 -0.00829600
v -0.01023200 0.04277000 -0.00855900
v -0.01000800 0.04276700 -0.00884700
v -0.00974200 0.04278200 -0.00906400
v -0.00944100 0.04281300 -0.00921500
v -0.00912000 0.04285900 -0.00929600
v -0.00878700 0.04291700 -0.00930500
v -0.00846500 0.04298500 -0.00924100
v -0.00816300 0.04306000 -0.00910600
v -0.00790000 0.04313700 -0.00891000
v -0.00770200 0.04321000 -0.00867100
v -0.00405600 0.04379000 -0.00788600
v -0.00393900 0.04372500 -0.00834500
v -0.00381600 0.04368300 -0.00865700
v -0.00364700 0.04365100 -0.00891600
v -0.00343400 0.04363200 -0.00911300
v -0.00314100 0.04362300 -0.00928100
v -0.00280800 0.04362600 -0.00938700
v -0.00246500 0.04364100 -0.00941800
v -0.00212700 0.04366700 -0.00937400
v -0.00180700 0.04370400 -0.00925800
v -0.00152200 0.04374900 -0.00907600
v -0.00128100 0.04380100 -0.00883200
v -0.00110200 0.04385700 -0.00854600
v -0.00103900 0.04388600 -0.00839000
v -0.00099600 0.04391500 -0.00822700
v -0.00095700 0.04397100 -0.00789200
v -0.00407200 0.04438100 -0.00231700
v -0.00406600 0.04415900 -0.00510800
v -0.00821700 0.04387700 0.00005800
v -0.00615100 0.04418300 -0.00113100
v -0.00192000 0.04460700 0.00005800
v -0.00171500 0.04461700 -0.00005800
v -0.00135600 0.04463100 -0.00034400
v -0.00121400 0.04463500 -0.00054200
v -0.00107000 0.04463300 -0.00090100
v -0.00096800 0.04462500 -0.00134000
v -0.00096500 0.04440100 -0.00462500
v -0.00096700 0.04454100 -0.00298400
v -0.00148400 0.04430800 -0.00532300
v -0.00242100 0.04430600 -0.00491600
v -0.00329100 0.04430400 -0.00432900
v -0.00530000 0.04430000 -0.00082900
v -0.00097800 0.04453500 0.00416200
v -0.00102200 0.04451300 0.00451700
v -0.00114800 0.04448800 0.00485900
v -0.00134600 0.04446100 0.00515900
v -0.00160900 0.04443300 0.00540200
v -0.00192400 0.04440500 0.00557800
v -0.00227000 0.04437900 0.00567600
v -0.00262900 0.04435500 0.00568900
v -0.00298100 0.04433500 0.00561700
v -0.00331000 0.04432000 0.00546500
v -0.00359000 0.04431200 0.00524000
v -0.00381200 0.04431100 0.00495500
v -0.00396300 0.04431700 0.00462600
v -0.00401800 0.04432500 0.00439300
v -0.00403600 0.04433700 0.00415200
v -0.00399300 0.04435900 0.00379300
v -0.00386800 0.04438600 0.00345500
v -0.00366800 0.04441700 0.00315800
v -0.00340100 0.04445000 0.00291200
v -0.00308900 0.04448200 0.00273800
v -0.00274400 0.04451100 0.00264200
v -0.00238100 0.04453500 0.00263100
v -0.00202900 0.04455400 0.00270300
v -0.00170600 0.04456500 0.00285700
v -0.00142300 0.04456900 0.00308500
v -0.00120000 0.04456600 0.00336900
v -0.00105100 0.04455600 0.00369400
v -0.00099600 0.04454700 0.00392500
v -0.00328900 0.04373100 0.01117200
v -0.00881000 0.04339700 0.00792300
v -0.00173500 0.04415000 0.00852700
v -0.00119100 0.04410600 0.00912300
v -0.00105200 0.04407900 0.00939700
v -0.00098800 0.04404600 0.00968200
v -0.00099300 0.04400100 0.01004800
v -0.00107600 0.04395600 0.01038200
v -0.00122900 0.04391100 0.01068600
v -0.00144100 0.04386900 0.01094600
v -0.00170700 0.04382900 0.01115400
v -0.00201200 0.04379500 0.01129800
v -0.00234400 0.04376600 0.01137300
v -0.00268400 0.04374600 0.01137400
v -0.00299700 0.04373500 0.01130200
v -0.00641900 0.04395900 0.00571800
v -0.00642700 0.04411700 0.00262800
v -0.00884200 0.04376400 0.00041900
v -0.00950300 0.04362400 0.00157600
v -0.00933100 0.04366700 0.00095900
v -0.00920000 0.04369400 0.00072800
v -0.00912800 0.04370900 0.00064300
v -0.00904300 0.04372500 0.00056500
v -0.00948300 0.04337300 0.00674400
v -0.00925800 0.04335700 0.00745500
v -0.00939300 0.04335100 0.00722000
v -0.00943100 0.04335300 0.00711300
v -0.00945600 0.04335800 0.00699700
f 17 1 2
f 17 16 1
f 18 2 3
f 18 17 2
f 19 3 4
f 19 18 3
f 20 4 5
f 20 5 6
f 20 19 4
f 21 20 6
f 22 6 7
f 22 7 8
f 22 21 6
f 23 22 8
f 24 8 9
f 24 9 10
f 24 23 8
f 25 10 11
f 25 24 10
f 26 25 11
f 27 11 12
f 27 26 11
f 28 12 13
f 28 27 12
f 15 13 14
f 15 28 13
f 41 15 14
f 41 14 29
f 42 29 30
f 42 41 29
f 43 30 31
f 43 42 30
f 44 31 32
f 44 32 33
f 44 43 31
f 45 44 33
f 46 33 34
f 46 34 35
f 46 45 33
f 47 46 35
f 48 35 36
f 48 47 35
f 49 36 37
f 49 37 38
f 49 48 36
f 50 49 38
f 51 38 39
f 51 50 38
f 52 39 40
f 52 40 1
f 52 51 39
f 16 52 1
f 56 57 65
f 119 99 53
f 120 99 119
f 121 99 120
f 122 99 121
f 123 99 122
f 71 72 73
f 98 99 123
f 98 123 124
f 98 124 125
f 98 125 126
f 98 126 127
f 98 127 128
f 74 71 73
f 97 128 129
f 97 129 130
f 97 130 100
f 97 98 128
f 96 97 100
f 68 84 85
f 68 85 86
f 83 84 68
f 82 83 68
f 81 82 68
f 69 81 68
f 69 80 81
f 70 78 79
f 70 79 80
f 70 80 69
f 70 71 75
f 75 71 74
f 70 75 76
f 70 76 77
f 70 77 78
f 131 105 106
f 131 106 107
f 131 107 108
f 131 108 109
f 131 109 110
f 131 110 111
f 131 111 112
f 132 64 63
f 133 55 56
f 134 62 61
f 134 63 62
f 134 135 136
f 134 132 63
f 134 136 132
f 137 136 135
f 137 133 136
f 137 55 133
f 138 61 60
f 138 134 61
f 138 135 134
f 139 131 112
f 139 112 113
f 139 55 137
f 140 54 55
f 140 55 141
f 142 140 141
f 142 55 139
f 142 113 114
f 142 114 115
f 142 139 113
f 142 141 55
f 143 131 139
f 143 139 137
f 143 137 135
f 144 138 60
f 145 60 59
f 145 144 60
f 146 53 54
f 146 119 53
f 146 140 142
f 146 115 116
f 146 116 117
f 146 117 118
f 146 118 119
f 146 54 140
f 146 142 115
f 147 59 58
f 147 58 66
f 147 145 59
f 147 66 145
f 148 138 144
f 148 144 145
f 149 66 67
f 149 148 145
f 149 67 150
f 149 145 66
f 149 150 148
f 151 152 150
f 151 150 67
f 151 131 152
f 153 95 96
f 153 100 101
f 153 105 131
f 153 101 102
f 153 102 103
f 153 103 104
f 153 104 105
f 153 96 100
f 154 95 153
f 154 90 91
f 154 91 92
f 154 92 93
f 154 93 94
f 154 94 95
f 154 153 131
f 154 131 151
f 155 68 86
f 155 151 67
f 155 90 154
f 155 86 87
f 155 87 88
f 155 88 89
f 155 89 90
f 155 154 151
f 156 155 67
f 157 155 156
f 157 67 68
f 157 156 67
f 157 68 155
f 158 65 64
f 158 136 133
f 158 132 136
f 158 64 132
f 158 133 56
f 158 56 65
f 159 143 135
f 159 131 143
f 159 152 131
f 160 138 148
f 160 150 152
f 160 159 135
f 160 152 159
f 160 135 138
f 160 148 150
f 162 54 161
f 163 54 162
f 164 54 163
f 53 161 54
f 165 54 164
f 166 54 165
f 167 54 166
f 211 190 72
f 211 212 190
f 213 190 212
f 210 211 72
f 214 190 213
f 215 190 214
f 209 210 72
f 216 190 215
f 216 189 190
f 208 209 72
f 217 189 216
f 207 72 71
f 207 208 72
f 218 189 217
f 206 207 71
f 219 189 218
f 205 206 71
f 220 189 219
f 204 205 71
f 221 189 220
f 203 204 71
f 202 203 71
f 188 189 221
f 188 221 222
f 188 222 223
f 188 223 224
f 188 224 225
f 187 188 225
f 187 225 226
f 186 187 226
f 185 226 227
f 185 186 226
f 191 178 179
f 191 179 180
f 191 180 181
f 191 181 182
f 191 182 183
f 191 183 184
f 191 184 185
f 191 202 71
f 191 227 228
f 191 228 229
f 191 229 202
f 191 185 227
f 192 174 175
f 192 175 176
f 192 176 177
f 192 178 191
f 192 177 178
f 193 198 192
f 230 200 57
f 230 56 55
f 230 57 56
f 231 200 230
f 231 201 200
f 231 199 201
f 232 231 230
f 233 54 167
f 233 230 55
f 233 232 230
f 233 55 54
f 234 231 232
f 234 194 199
f 234 199 231
f 235 234 232
f 235 232 233
f 236 234 235
f 237 234 236
f 238 237 236
f 239 167 168
f 239 236 235
f 239 168 169
f 239 233 167
f 239 238 236
f 239 235 233
f 240 169 170
f 240 238 239
f 240 239 169
f 241 237 238
f 241 194 234
f 241 195 194
f 241 234 237
f 242 170 171
f 242 240 170
f 243 171 172
f 243 172 173
f 243 242 171
f 244 240 242
f 244 241 238
f 244 238 240
f 244 242 243
f 245 241 244
f 246 245 244
f 246 244 243
f 247 245 246
f 247 241 245
f 247 196 195
f 247 195 241
f 248 173 174
f 248 174 192
f 248 243 173
f 248 247 246
f 248 246 243
f 249 192 198
f 249 196 247
f 249 197 196
f 249 198 197
f 249 248 192
f 249 247 248
f 282 283 68
f 284 68 283
f 281 282 68
f 285 68 284
f 286 68 285
f 69 68 286
f 69 286 287
f 288 69 287
f 71 69 288
f 289 71 288
f 271 272 306
f 307 271 306
f 308 271 307
f 250 71 289
f 270 308 309
f 270 309 310
f 270 310 311
f 270 311 312
f 270 312 313
f 270 313 314
f 270 271 308
f 269 314 315
f 269 315 316
f 269 316 317
f 269 317 318
f 269 270 314
f 268 269 318
f 256 251 252
f 256 252 253
f 256 253 254
f 256 254 255
f 256 71 251
f 251 71 250
f 321 294 295
f 321 295 296
f 321 296 297
f 321 297 298
f 321 298 299
f 321 299 300
f 322 66 58
f 322 263 262
f 322 264 263
f 322 58 264
f 323 66 322
f 324 67 66
f 324 66 323
f 325 261 260
f 325 326 261
f 327 324 323
f 328 323 326
f 328 327 323
f 329 328 326
f 329 326 325
f 330 325 260
f 331 68 67
f 331 281 68
f 332 331 67
f 332 67 324
f 333 331 332
f 333 277 278
f 333 278 279
f 333 279 280
f 333 280 281
f 333 281 331
f 333 332 324
f 334 333 324
f 334 324 327
f 335 329 325
f 335 325 330
f 336 335 330
f 337 258 257
f 337 259 258
f 337 257 265
f 338 336 330
f 338 337 265
f 339 277 333
f 339 333 334
f 339 272 273
f 339 273 274
f 339 274 275
f 339 275 276
f 339 276 277
f 340 321 300
f 340 300 301
f 340 301 302
f 340 306 272
f 340 302 303
f 340 303 304
f 340 304 305
f 340 305 306
f 340 272 339
f 341 336 338
f 342 265 266
f 342 338 265
f 342 341 338
f 343 291 292
f 343 341 342
f 344 291 343
f 344 343 342
f 345 344 342
f 346 345 342
f 346 266 267
f 346 342 266
f 347 344 345
f 347 345 346
f 347 268 318
f 347 267 268
f 347 290 291
f 347 318 319
f 347 319 320
f 347 320 290
f 347 291 344
f 347 346 267
f 348 262 261
f 348 323 322
f 348 261 326
f 348 326 323
f 348 322 262
f 349 260 259
f 349 330 260
f 349 337 338
f 349 338 330
f 349 259 337
f 350 321 340
f 350 328 329
f 350 334 327
f 350 329 335
f 350 327 328
f 350 340 339
f 350 339 334
f 351 294 321
f 351 336 341
f 351 350 335
f 351 335 336
f 351 292 293
f 351 293 294
f 351 343 292
f 351 321 350
f 351 341 343
f 361 363 362
f 360 364 363
f 360 363 361
f 359 365 364
f 359 364 360
f 370 369 368
f 358 366 365
f 358 365 359
f 371 370 368
f 357 352 366
f 357 366 358
f 356 352 357
f 372 371 368
f 355 352 356
f 373 372 368
f 354 353 352
f 354 352 355
f 374 368 353
f 374 373 368
f 375 374 353
f 376 375 353
f 377 376 353
f 367 378 377
f 367 353 354
f 367 377 353
f 380 379 378
f 380 378 367
f 265 257 416
f 408 267 407
f 406 407 267
f 409 267 408
f 405 406 267
f 268 267 409
f 404 405 267
f 403 404 267
f 422 417 421
f 420 421 417
f 423 417 422
f 423 255 417
f 419 420 417
f 424 255 423
f 418 419 417
f 418 417 381
f 425 255 424
f 445 418 381
f 426 255 425
f 444 445 381
f 427 255 426
f 427 71 255
f 443 444 381
f 428 71 427
f 442 443 381
f 429 71 428
f 441 442 381
f 430 71 429
f 431 71 430
f 432 71 431
f 382 441 381
f 382 436 437
f 382 437 438
f 382 438 439
f 382 439 440
f 382 440 441
f 383 435 436
f 383 436 382
f 384 435 383
f 191 384 385
f 191 385 386
f 191 386 387
f 191 387 388
f 191 388 389
f 191 389 390
f 191 390 391
f 191 432 433
f 191 433 434
f 191 434 435
f 191 71 432
f 191 435 384
f 192 391 392
f 192 392 393
f 192 393 394
f 192 394 395
f 192 395 396
f 192 396 397
f 192 191 391
f 193 192 410
f 446 266 265
f 446 265 416
f 447 446 416
f 447 415 414
f 447 416 415
f 448 446 447
f 449 266 446
f 449 403 267
f 449 446 448
f 449 267 266
f 450 449 448
f 451 450 452
f 453 452 450
f 453 451 452
f 453 414 413
f 453 450 448
f 453 447 414
f 453 448 447
f 454 400 401
f 454 401 402
f 454 402 403
f 454 403 449
f 454 449 450
f 455 454 450
f 455 399 400
f 455 450 451
f 455 400 454
f 456 455 451
f 456 451 453
f 457 456 453
f 458 456 457
f 458 455 456
f 458 397 398
f 458 398 399
f 458 399 455
f 459 412 411
f 459 413 412
f 459 457 453
f 459 453 413
f 460 192 397
f 460 410 192
f 460 411 410
f 460 458 457
f 460 457 459
f 460 459 411
f 460 397 458
f 481 483 482
f 481 484 483
f 480 485 484
f 480 484 481
f 479 486 485
f 479 487 486
f 479 485 480
f 478 488 487
f 478 487 479
f 477 474 488
f 477 488 478
f 476 474 477
f 464 475 474
f 464 474 476
f 466 465 472
f 467 466 472
f 468 467 472
f 469 468 472
f 461 469 472
f 489 465 470
f 489 470 471
f 489 473 472
f 489 471 473
f 489 472 465
f 490 462 461
f 490 472 475
f 490 461 472
f 491 463 462
f 491 490 475
f 491 462 490
f 492 464 463
f 492 463 491
f 492 491 475
f 492 475 464
f 500 502 501
f 507 506 505
f 497 499 498
f 497 500 499
f 497 502 500
f 496 502 497
f 511 510 509
f 512 509 508
f 512 511 509
f 494 496 495
f 494 503 502
f 494 502 496
f 493 503 494
f 514 513 512
f 514 512 508
f 519 493 520
f 515 505 504
f 515 508 507
f 515 507 505
f 515 514 508
f 518 503 493
f 518 493 519
f 517 504 503
f 517 516 515
f 517 515 504
f 517 503 518
f 547 545 544
f 547 546 545
f 542 544 543
f 542 547 544
f 548 543 471
f 548 542 543
f 470 548 471
f 541 539 538
f 541 540 539
f 536 538 537
f 536 541 538
f 549 537 542
f 549 536 537
f 549 542 548
f 532 534 533
f 521 549 535
f 521 536 549
f 531 534 532
f 530 534 531
f 522 535 534
f 522 521 535
f 522 534 530
f 529 522 530
f 528 522 529
f 524 523 522
f 527 522 528
f 525 524 522
f 526 525 522
f 526 522 527
f 567 569 568
f 567 570 569
f 567 571 570
f 567 572 571
f 567 573 572
f 567 574 573
f 551 575 574
f 551 576 575
f 551 577 576
f 551 578 577
f 551 566 578
f 551 574 567
f 550 552 566
f 550 566 551
f 553 552 550
f 554 553 550
f 555 554 550
f 556 555 550
f 557 556 550
f 558 565 564
f 558 550 565
f 558 557 550
f 560 562 561
f 559 563 562
f 559 564 563
f 559 558 564
f 559 562 560
f 582 584 583
f 582 585 584
f 582 586 585
f 581 587 586
f 581 588 587
f 581 586 582
f 580 589 588
f 580 590 589
f 580 588 581
f 579 591 590
f 579 592 591
f 579 593 592
f 579 594 593
f 579 590 580
f 596 594 579
f 603 604 595
f 602 603 595
f 601 602 595
f 600 601 595
f 607 605 594
f 608 606 605
f 608 607 594
f 608 605 607
f 608 594 596
f 609 596 595
f 609 604 606
f 609 608 596
f 609 595 604
f 609 606 608
f 610 598 597
f 610 595 598
f 610 597 599
f 610 599 600
f 610 600 595
f 623 625 624
f 622 625 623
f 634 633 632
f 635 630 629
f 635 631 630
f 635 632 631
f 635 634 632
f 619 621 620
f 619 622 621
f 619 625 622
f 618 626 625
f 618 625 619
f 611 636 635
f 611 637 636
f 611 638 637
f 612 629 628
f 612 635 629
f 612 611 635
f 616 618 617
f 616 627 626
f 616 626 618
f 613 628 627
f 613 612 628
f 615 613 627
f 615 627 616
f 614 613 615
f 661 660 659
f 658 656 661
f 658 661 659
f 657 656 658
f 655 597 656
f 655 656 657
f 664 666 665
f 663 662 666
f 663 666 664
f 599 597 655
f 640 662 663
f 654 657 662
f 654 655 657
f 654 662 640
f 639 641 654
f 639 654 640
f 642 641 639
f 653 642 639
f 644 643 642
f 651 653 652
f 651 642 653
f 645 644 642
f 650 642 651
f 646 645 642
f 649 642 650
f 647 646 642
f 648 642 649
f 648 647 642

o white_cover
usemtl material_1
v -0.00097800 0.04453500 0.00416200
v -0.00102200 0.04451300 0.00451700
v -0.00114800 0.04448800 0.00485900
v -0.00134600 0.04446100 0.00515900
v -0.00160900 0.04443300 0.00540200
v -0.00192400 0.04440500 0.00557800
v -0.00227000 0.04437900 0.00567600
v -0.00262900 0.04435500 0.00568900
v -0.00298100 0.04433500 0.00561700
v -0.00331000 0.04432000 0.00546500
v -0.00359000 0.04431200 0.00524000
v -0.00381200 0.04431100 0.00495500
v -0.00396300 0.04431700 0.00462600
v -0.00401800 0.04432500 0.00439300
v -0.00403600 0.04433700 0.00415200
v -0.00406400 0.04463500 0.00416800
v -0.00098800 0.04483400 0.00417800
v -0.00103200 0.04481300 0.00453500
v -0.00115900 0.04478700 0.00487900
v -0.00135800 0.04476000 0.00517900
v -0.00162300 0.04473200 0.00542300
v -0.00193900 0.04470400 0.00560000
v -0.00228800 0.04467700 0.00569800
v -0.00264900 0.04465300 0.00571000
v -0.00300300 0.04463400 0.00563800
v -0.00333300 0.04461900 0.00548600
v -0.00361600 0.04461000 0.00526000
v -0.00383900 0.04460900 0.00497400
v -0.00399100 0.04461500 0.00464500
v -0.00404700 0.04462300 0.00441000
v -0.02069200 -0.00003000 0.11855800
v -0.02069200 -0.00003000 0.12855800
v 0.02130800 -0.00003000 0.12855800
v 0.02069800 0.00499500 0.12855800
v 0.01890200 0.00972900 0.12855800
v 0.01602700 0.01389500 0.12855800
v 0.01223700 0.01725300 0.12855800
v 0.00775500 0.01960500 0.12855800
v 0.00283900 0.02081700 0.12855800
v -0.00222300 0.02081700 0.12855800
v -0.00713900 0.01960500 0.12855800
v -0.01162100 0.01725300 0.12855800
v -0.01541100 0.01389500 0.12855800
v -0.01828700 0.00972900 0.12855800
v -0.02008200 0.00499500 0.12855800
v 0.02130800 -0.00003000 0.11855800
v 0.02069800 0.00499500 0.11855800
v 0.01890200 0.00972900 0.11855800
v 0.01602700 0.01389500 0.11855800
v 0.01223700 0.01725300 0.11855800
v 0.00775500 0.01960500 0.11855800
v 0.00283900 0.02081700 0.11855800
v -0.00222300 0.02081700 0.11855800
v -0.00713900 0.01960500 0.11855800
v -0.01162100 0.01725300 0.11855800
v -0.01541100 0.01389500 0.11855800
v -0.01828700 0.00972900 0.11855800
v -0.02008200 0.00499500 0.11855800
v 0.00030800 0.02320600 0.02028600
v 0.00030800 0.01320600 0.02028600
v 0.00030800 0.01320600 -0.02017000
v 0.00514900 0.01320600 -0.01958200
v 0.00970800 0.01320600 -0.01785300
v 0.01372200 0.01320600 -0.01508300
v 0.01695500 0.01320600 -0.01143300
v 0.01922100 0.01320600 -0.00711500
v 0.02038800 0.01320600 -0.00238000
v 0.02038800 0.01320600 0.00249600
v 0.01922100 0.01320600 0.00723100
v 0.01695500 0.01320600 0.01154900
v 0.01372200 0.01320600 0.01519900
v 0.00970800 0.01320600 0.01796900
v 0.00514900 0.01320600 0.01969800
v 0.00030800 0.02320600 -0.02017000
v 0.00514900 0.02320600 -0.01958200
v 0.00970800 0.02320600 -0.01785300
v 0.01372200 0.02320600 -0.01508300
v 0.01695500 0.02320600 -0.01143300
v 0.01922100 0.02320600 -0.00711500
v 0.02038800 0.02320600 -0.00238000
v 0.02038800 0.02320600 0.00249600
v 0.01922100 0.02320600 0.00723100
v 0.01695500 0.02320600 0.01154900
v 0.01372200 0.02320600 0.01519900
v 0.00970800 0.02320600 0.01796900
v 0.00514900 0.02320600 0.01969800
v 0.02930800 -0.00003000 0.08005800
v 0.02847500 -0.00693200 0.08005800
v 0.02602400 -0.01343300 0.08005700
v 0.02209500 -0.01917100 0.08005800
v 0.01691500 -0.02380500 0.08005800
v 0.01078100 -0.02707100 0.08005700
v 0.00563500 -0.02853800 0.08005800
v 0.00030800 -0.02903000 0.08005800
v 0.02930800 -0.00003000 0.11955800
v 0.02846500 -0.00697000 0.11955800
v 0.02598600 -0.01350700 0.11955800
v 0.02201500 -0.01926100 0.11955800
v 0.01678200 -0.02389700 0.11955800
v 0.01059100 -0.02714600 0.11955800
v 0.00380300 -0.02881900 0.11955800
v -0.00318800 -0.02881900 0.11955800
v -0.00997600 -0.02714600 0.11955800
v -0.01616600 -0.02389700 0.11955800
v -0.02139900 -0.01926100 0.11955800
v -0.02537000 -0.01350700 0.11955800
v -0.02784900 -0.00697000 0.11955800
v -0.02869200 -0.00003000 0.11955800
v -0.02869200 -0.00003000 0.08005800
v -0.00635600 -0.02825400 0.08005800
v -0.01266300 -0.02596800 0.08005800
v -0.01827600 -0.02229200 0.08005800
v -0.02289400 -0.01742800 0.08005800
v -0.02627100 -0.01163000 0.08005800
v -0.02808000 -0.00595500 0.08005800
v 0.00134800 0.04484600 0.00417100
v 0.00139300 0.04486400 0.00381100
v 0.00151900 0.04487700 0.00347400
v 0.00172200 0.04488400 0.00317600
v 0.00199100 0.04488400 0.00292900
v 0.00230600 0.04487800 0.00275400
v 0.00265300 0.04486500 0.00265800
v 0.00301800 0.04484500 0.00264400
v 0.00337100 0.04482000 0.00271500
v 0.00369500 0.04479200 0.00286700
v 0.00397900 0.04476200 0.00309400
v 0.00420300 0.04473200 0.00337900
v 0.00435400 0.04470400 0.00370700
v 0.00440900 0.04468800 0.00394100
v 0.00442500 0.04467400 0.00418200
v 0.00134100 0.04454700 0.00415500
v 0.00138600 0.04456400 0.00379600
v 0.00151200 0.04457700 0.00345900
v 0.00171400 0.04458400 0.00316200
v 0.00198300 0.04458500 0.00291600
v 0.00229700 0.04457800 0.00274200
v 0.00264300 0.04456500 0.00264600
v 0.00300600 0.04454500 0.00263500
v 0.00335700 0.04452100 0.00270600
v 0.00368000 0.04449200 0.00286000
v 0.00396100 0.04446200 0.00308800
v 0.00418300 0.04443200 0.00337300
v 0.00433000 0.04440500 0.00369800
v 0.00438300 0.04438900 0.00392900
v 0.00439900 0.04437600 0.00416600
v 0.00030800 0.02897000 0.12855800
v -0.00600600 0.02827400 0.12855800
v -0.01201700 0.02622100 0.12855800
v -0.01743600 0.02290800 0.12855800
v -0.02200400 0.01849400 0.12855800
v -0.02550200 0.01319200 0.12855800
v -0.02776200 0.00725600 0.12855800
v -0.02867500 0.00097000 0.12855800
v 0.00030800 0.02897000 0.12555800
v -0.02867500 0.00097000 0.12555800
v -0.02776200 0.00725600 0.12555800
v -0.02550200 0.01319200 0.12555800
v -0.02200400 0.01849400 0.12555800
v -0.01743600 0.02290800 0.12555800
v -0.01201700 0.02622100 0.12555800
v -0.00600600 0.02827400 0.12555800
v 0.00030800 -0.02903000 0.12855800
v 0.00724800 -0.02818700 0.12855800
v 0.01378500 -0.02570800 0.12855800
v 0.01953800 -0.02173700 0.12855800
v 0.02417400 -0.01650400 0.12855800
v 0.02742300 -0.01031400 0.12855800
v 0.02909600 -0.00352600 0.12855800
v 0.02909600 0.00346500 0.12855800
v 0.02742300 0.01025300 0.12855800
v 0.02417400 0.01644400 0.12855800
v 0.01953800 0.02167700 0.12855800
v 0.01378500 0.02564800 0.12855800
v 0.00724800 0.02812700 0.12855800
v 0.00030800 -0.02903000 0.12555800
v 0.00724800 0.02812700 0.12555800
v 0.01378500 0.02564800 0.12555800
v 0.01953800 0.02167700 0.12555800
v 0.02417400 0.01644400 0.12555800
v 0.02742300 0.01025300 0.12555800
v 0.02909600 0.00346500 0.12555800
v 0.02909600 -0.00352600 0.12555800
v 0.02742300 -0.01031400 0.12555800
v 0.02417400 -0.01650400 0.12555800
v 0.01953800 -0.02173700 0.12555800
v 0.01378500 -0.02570800 0.12555800
v 0.00724800 -0.02818700 0.12555800
v -0.02867500 -0.00103000 0.12855800
v -0.02776200 -0.00731600 0.12855800
v -0.02550200 -0.01325300 0.12855800
v -0.02200400 -0.01855500 0.12855800
v -0.01743600 -0.02296800 0.12855800
v -0.01201700 -0.02628100 0.12855800
v -0.00600600 -0.02833500 0.12855800
v -0.02867500 -0.00103000 0.12555800
v -0.00600600 -0.02833500 0.12555800
v -0.01201700 -0.02628100 0.12555800
v -0.01743600 -0.02296800 0.12555800
v -0.02200400 -0.01855500 0.12555800
v -0.02550200 -0.01325300 0.12555800
v -0.02776200 -0.00731600 0.12555800
v -0.03339000 0.01320600 0.00105800
v -0.03367500 0.01320600 0.00105800
v -0.03339000 0.01320600 -0.00094200
v -0.03367700 0.01320600 -0.00094200
v -0.03248000 0.01320600 -0.00894000
v -0.02959100 0.01320600 -0.01613000
v -0.02696200 0.01320600 -0.02024800
v -0.02373400 0.01320600 -0.02398400
v -0.01716300 0.01320600 -0.02911000
v -0.00977600 0.01320600 -0.03241200
v -0.00466600 0.01320600 -0.03357600
v 0.00030800 0.01320600 -0.03394200
v 0.00860600 0.01320600 -0.03291400
v 0.01612700 0.01320600 -0.03003800
v 0.02044300 0.01320600 -0.02733900
v 0.02435000 0.01320600 -0.02398400
v 0.02949100 0.01320600 -0.01738700
v 0.03279100 0.01320600 -0.00998300
v 0.03394200 0.01320600 -0.00490700
v 0.03430600 0.01320600 0.00005700
v 0.03346000 0.01320600 0.00760800
v 0.03085300 0.01320600 0.01499400
v 0.02639400 0.01320600 0.02186700
v 0.02036500 0.01320600 0.02751900
v 0.01318000 0.01320600 0.03152700
v 0.00584800 0.01320600 0.03360800
v -0.00177700 0.01320600 0.03399600
v -0.00921900 0.01320600 0.03269800
v -0.01660800 0.01320600 0.02955800
v -0.02317300 0.01320600 0.02464600
v -0.02840200 0.01320600 0.01828100
v -0.03187800 0.01320600 0.01101100
v -0.03314500 0.01320600 0.00612500
v 0.00030800 0.01320600 0.02028600
v -0.00453300 0.01320600 0.01969800
v -0.00909300 0.01320600 0.01796900
v -0.01310600 0.01320600 0.01519900
v -0.01633900 0.01320600 0.01154900
v -0.01860600 0.01320600 0.00723100
v -0.01977300 0.01320600 0.00249600
v -0.01977300 0.01320600 -0.00238000
v -0.01860600 0.01320600 -0.00711500
v -0.01633900 0.01320600 -0.01143300
v -0.01310600 0.01320600 -0.01508300
v -0.00909300 0.01320600 -0.01785300
v -0.00453300 0.01320600 -0.01958200
v 0.00030800 0.01320600 -0.02017000
v 0.00514900 0.01320600 -0.01958200
v 0.00970800 0.01320600 -0.01785300
v 0.01372200 0.01320600 -0.01508300
v 0.01695500 0.01320600 -0.01143300
v 0.01922100 0.01320600 -0.00711500
v 0.02038800 0.01320600 -0.00238000
v 0.02038800 0.01320600 0.00249600
v 0.01922100 0.01320600 0.00723100
v 0.01695500 0.01320600 0.01154900
v 0.01372200 0.01320600 0.01519900
v 0.00970800 0.01320600 0.01796900
v 0.00514900 0.01320600 0.01969800
v -0.03367500 0.01320600 0.00105800
v -0.03368000 0.01420600 0.00105800
v 0.03430600 0.01320600 0.00005700
v 0.03346000 0.01320600 0.00760800
v 0.03085300 0.01320600 0.01499400
v 0.02639400 0.01320600 0.02186700
v 0.02036500 0.01320600 0.02751900
v 0.01318000 0.01320600 0.03152700
v 0.00584800 0.01320600 0.03360800
v -0.00177700 0.01320600 0.03399600
v -0.00921900 0.01320600 0.03269800
v -0.01660800 0.01320600 0.02955800
v -0.02317300 0.01320600 0.02464600
v -0.02840200 0.01320600 0.01828100
v -0.03187800 0.01320600 0.01101100
v -0.03314500 0.01320600 0.00612500
v 0.03430100 0.01945600 0.00005700
v 0.03430500 0.02570500 0.00005800
v 0.03357100 0.02553900 0.00784000
v 0.03130400 0.02499200 0.01680200
v 0.02835600 0.02430000 0.02549500
v 0.02646700 0.02385600 0.03101300
v 0.02496700 0.02346800 0.03590800
v 0.02409000 0.02323000 0.03935700
v 0.02335400 0.02302000 0.04319800
v 0.02293700 0.02289100 0.04681700
v 0.02287200 0.02281000 0.05106200
v 0.02400100 0.01836700 0.05106400
v 0.02409200 0.01341600 0.05106200
v 0.02321000 0.00857500 0.05109100
v 0.02182500 0.00481800 0.05108400
v 0.01871200 -0.00026500 0.05105600
v 0.01568900 -0.00336100 0.05104000
v 0.01251000 -0.00549400 0.05104900
v 0.00907000 -0.00684200 0.05106300
v 0.00463200 -0.00760700 0.05107600
v 0.00031100 -0.00774200 0.05104400
v -0.00741300 -0.00712100 0.05108300
v -0.01112600 -0.00585900 0.05107400
v -0.01467700 -0.00366700 0.05103500
v -0.01809100 -0.00028300 0.05103700
v -0.02100200 0.00440200 0.05108600
v -0.02259900 0.00864100 0.05107600
v -0.02350400 0.01377800 0.05105300
v -0.02335400 0.01856300 0.05105600
v -0.02225900 0.02280800 0.05106200
v -0.02232600 0.02289600 0.04677100
v -0.02274200 0.02302000 0.04316400
v -0.02378800 0.02331200 0.03803700
v -0.02511000 0.02365800 0.03332700
v -0.02680300 0.02407400 0.02818500
v -0.02854400 0.02448900 0.02320900
v -0.03163800 0.02522200 0.01356800
v -0.03308200 0.02557400 0.00712000
v -0.03369000 0.02570600 0.00005800
v -0.03368500 0.01994600 0.00005800
v -0.03369700 0.01420600 0.00005800
v -0.02656000 0.02173400 0.02762000
v -0.01850900 0.01450600 0.03181600
v -0.02346800 0.01750300 0.03034800
v -0.02249200 0.01917900 0.04120100
v -0.01372500 0.01340900 0.03230000
v -0.01674800 0.00075000 0.04959300
v -0.01012400 -0.00190800 0.04863800
v 0.01837800 0.01391000 0.03056400
v -0.00261000 -0.00269400 0.04831000
v 0.02264500 0.01566900 0.02929900
v 0.00484600 -0.00199200 0.04801800
v -0.00312200 0.00911200 0.04019600
v 0.00314500 0.00936000 0.03990600
v 0.02583400 0.01825100 0.02731600
v 0.01071100 -0.00041100 0.04772400
v 0.01589100 0.00226500 0.04790900
v 0.01993700 0.00596800 0.04857600
v 0.02472000 0.02288000 0.03660400
v 0.02304200 0.01871200 0.03830600
v 0.02256700 0.01041600 0.04934800
v 0.02378500 0.01691400 0.04984100
v -0.03311100 0.01919100 0.00591000
v -0.03178700 0.01905000 0.01147700
v -0.02870500 0.01873600 0.01992700
v -0.02751400 0.01761000 0.02194700
v -0.02536300 0.01715900 0.02590300
v -0.02417200 0.02053000 0.03390700
v -0.02304500 0.01904200 0.03551300
v -0.02044200 0.01603000 0.03458500
v -0.02121000 0.01682600 0.03611800
v -0.01924800 0.01390500 0.04133500
v -0.01884200 0.01499700 0.03641000
v -0.01573300 0.01379000 0.03498000
v -0.01670300 0.01390400 0.03645700
v -0.01762100 0.01396600 0.03801600
v -0.01496500 0.01105900 0.04080400
v -0.02273400 0.01908000 0.04769400
v -0.02240500 0.01726700 0.04642400
v -0.02300400 0.01865700 0.04936300
v -0.01429800 0.01309300 0.03643300
v -0.00930900 0.01226100 0.03646500
v -0.00936400 0.00953100 0.04039800
v -0.02064700 0.01188500 0.04639300
v -0.01988100 0.01014900 0.04660900
v -0.01583200 0.00670300 0.04547000
v -0.01299500 0.00539000 0.04502700
v -0.00981400 0.00449700 0.04473100
v 0.00458100 0.01192900 0.03669700
v 0.00815700 0.00993400 0.03951700
v 0.01290000 0.01297100 0.03529200
v 0.01681000 0.01264800 0.03917200
v 0.01279300 0.01098400 0.03926100
v 0.01746000 0.01417600 0.03478800
v 0.02003700 0.01494300 0.03904200
v 0.02348100 0.01537100 0.02754300
v 0.01917900 0.01493500 0.03455400
v 0.02121600 0.01615300 0.03411800
v 0.01427800 0.00730100 0.04369200
v 0.02775400 0.01847400 0.02324000
v 0.02945200 0.01878800 0.01951400
v 0.01883500 0.01205300 0.04243900
v 0.01822900 0.01004800 0.04396800
v 0.02440500 0.01917600 0.03266400
v 0.01977500 0.01169200 0.04414200
v 0.02162500 0.01565600 0.04249100
v 0.02102300 0.01347600 0.04427400
v 0.02069000 0.01129300 0.04587500
v 0.02223800 0.01599800 0.04429800
v 0.02299000 0.01862600 0.04406900
v 0.02277200 0.01631800 0.04614000
v 0.02324400 0.02040100 0.04678900
v 0.03430600 0.01320600 0.00005700
v 0.03430100 0.01945600 0.00005700
v 0.03430500 0.02570500 0.00005800
v 0.02435000 0.01320600 -0.02398400
v 0.02949100 0.01320600 -0.01738700
v 0.03279100 0.01320600 -0.00998300
v 0.03394200 0.01320600 -0.00490700
v 0.02435000 0.02570600 -0.02398400
v 0.02911300 0.02570600 -0.01800500
v 0.03246800 0.02570600 -0.01097500
v 0.03385300 0.02570500 -0.00548200
v 0.00030800 0.02570600 -0.03394200
v 0.00793800 0.02570600 -0.03307500
v 0.01531100 0.02570600 -0.03045300
v 0.02013900 0.02570600 -0.02755900
v 0.00030800 0.01320600 -0.03394200
v 0.00860600 0.01320600 -0.03291400
v 0.01612700 0.01320600 -0.03003800
v 0.02044300 0.01320600 -0.02733900
v -0.02373400 0.02570600 -0.02398400
v -0.01772500 0.02570600 -0.02876600
v -0.01065700 0.02570600 -0.03212500
v -0.00519700 0.02570600 -0.03349400
v -0.02373400 0.01320600 -0.02398400
v -0.01716300 0.01320600 -0.02911000
v -0.00977600 0.01320600 -0.03241200
v -0.00466600 0.01320600 -0.03357600
v -0.03367700 0.01420600 -0.00094200
v -0.03367700 0.01320600 -0.00094200
v -0.03369000 0.02570600 0.00005800
v -0.03368500 0.01994600 0.00005800
v -0.03284100 0.02570600 -0.00750200
v -0.03026600 0.02570600 -0.01481500
v -0.02735100 0.02570600 -0.01971500
v -0.03248000 0.01320600 -0.00894000
v -0.02959100 0.01320600 -0.01613000
v -0.02696200 0.01320600 -0.02024800
v -0.02225900 0.02280800 0.05106200
v -0.02072300 0.02574900 0.05106200
v -0.01863800 0.02827000 0.05106100
v -0.01605700 0.03030100 0.05106000
v -0.01309300 0.03179500 0.05106000
v -0.00989000 0.03279200 0.05105900
v -0.00484200 0.03351400 0.05105900
v 0.00030800 0.03366300 0.05105800
v 0.00030800 0.03997700 0.03005800
v -0.00687100 0.03990400 0.02919700
v -0.01300800 0.03944300 0.02694300
v -0.01789900 0.03857700 0.02390500
v -0.02214800 0.03739600 0.01995200
v -0.02546300 0.03625600 0.01542300
v -0.02790100 0.03540800 0.01031700
v -0.02922200 0.03500800 0.00543400
v -0.02967300 0.03487900 0.00005800
v -0.03164000 0.03253200 0.00005800
v -0.03301200 0.02979000 0.00005800
v -0.03352500 0.02778800 0.00005800
v -0.02232600 0.02289600 0.04677100
v -0.02274200 0.02302000 0.04316400
v -0.02937700 0.03300700 0.01304400
v -0.03253100 0.03047800 0.00421500
v -0.03215300 0.03075500 0.00627800
v -0.03158900 0.03106500 0.00870500
v -0.03190300 0.02961200 0.01007100
v -0.03202000 0.02817100 0.01123500
v -0.03097300 0.03249300 0.00762400
v -0.03091300 0.03176600 0.01015400
v -0.03119900 0.02934100 0.01328900
v -0.03062700 0.02769500 0.01659800
v -0.02990000 0.02882900 0.01812000
v -0.02901500 0.03162600 0.01722500
v -0.02871400 0.03088800 0.01930200
v -0.02695500 0.03343800 0.01952700
v -0.02781100 0.02927500 0.02373900
v -0.02736500 0.03185300 0.02155800
v -0.02667400 0.03145600 0.02404400
v -0.02430800 0.03441800 0.02403200
v -0.02589000 0.02971100 0.02843000
v -0.02502800 0.03269800 0.02604700
v -0.02434000 0.03222800 0.02860800
v -0.02395600 0.03024700 0.03274900
v -0.02246600 0.03360500 0.03019300
v -0.02123300 0.03548200 0.02812300
v -0.02188800 0.03312600 0.03252700
v -0.02223700 0.02515200 0.04404200
v -0.02129600 0.02597300 0.04708900
v -0.02179900 0.02618800 0.04449700
v -0.02107100 0.02774100 0.04452400
v -0.02027300 0.02795400 0.04669800
v -0.01989500 0.03227400 0.03867600
v -0.01536900 0.03509900 0.03898200
v -0.02506900 0.02699300 0.03299400
v -0.02328700 0.02878700 0.03644200
v -0.02292800 0.02809400 0.03829800
v -0.02228300 0.02797000 0.04036600
v -0.00983900 0.03479200 0.04499900
v -0.00526900 0.03762900 0.03751900
v 0.03357100 0.02553900 0.00784000
v 0.02835600 0.02430000 0.02549500
v 0.02335400 0.02302000 0.04319800
v 0.02293700 0.02289100 0.04681700
v 0.02287200 0.02281000 0.05106200
v 0.03400000 0.02850100 0.00005800
v 0.03307100 0.03111400 0.00005800
v 0.03184600 0.03311800 0.00005800
v 0.03032700 0.03491700 0.00005800
v 0.02982000 0.03501800 0.00549200
v 0.02905600 0.03524500 0.00866100
v 0.02799000 0.03561500 0.01167100
v 0.02525400 0.03657300 0.01674700
v 0.02033800 0.03811400 0.02241400
v 0.01484800 0.03927400 0.02629900
v 0.00912200 0.03983300 0.02875200
v 0.00480000 0.03995800 0.02973600
v 0.00940100 0.03302500 0.05105900
v 0.01370900 0.03179500 0.05106000
v 0.01667200 0.03030100 0.05106000
v 0.01947100 0.02805400 0.05106100
v 0.02142200 0.02562300 0.05106100
v 0.02999300 0.03300700 0.01304400
v 0.03292300 0.03091700 0.00448100
v 0.03271500 0.03074300 0.00666900
v 0.03237100 0.03090500 0.00824100
v 0.03170300 0.03239600 0.00733200
v 0.03244800 0.02958300 0.01043000
v 0.03232800 0.02806500 0.01255600
v 0.03165200 0.03166900 0.00984400
v 0.03140900 0.02918000 0.01490800
v 0.02991700 0.03205400 0.01551800
v 0.02982600 0.03155400 0.01674900
v 0.02991700 0.02913800 0.01964900
v 0.02866100 0.03095900 0.02109800
v 0.02642400 0.03388700 0.02155600
v 0.02738400 0.02956900 0.02626100
v 0.02671400 0.03239100 0.02394000
v 0.02595500 0.03191900 0.02669500
v 0.02523900 0.03024200 0.03105100
v 0.02291700 0.03520400 0.02662600
v 0.02384200 0.03349800 0.02870200
v 0.02323100 0.03301300 0.03113400
v 0.02296800 0.02643500 0.04206300
v 0.02279300 0.02501900 0.04449800
v 0.02233400 0.02598300 0.04516400
v 0.02194200 0.02788500 0.04345100
v 0.02197300 0.02583200 0.04710500
v 0.02153100 0.02765900 0.04519000
v 0.02085000 0.02781400 0.04714200
v 0.01210900 0.03607000 0.03989700
v 0.01651700 0.03497100 0.03865600
v 0.02445500 0.02884500 0.03485800
v 0.02098200 0.03223900 0.03774700
v 0.02070100 0.03627600 0.02806200
v 0.02403900 0.02817800 0.03677000
v 0.02366800 0.02756400 0.03852600
v 0.01955300 0.03671400 0.02877200
v 0.01853900 0.03619800 0.03207000
v 0.01987900 0.03179900 0.04106000
v 0.00030800 0.02848600 -0.03363800
v 0.00030800 0.03104500 -0.03273900
v 0.00030800 0.03305200 -0.03152900
v 0.00030800 0.03489800 -0.02994200
v 0.00763800 0.03489800 -0.02903300
v 0.01428100 0.03489800 -0.02648900
v 0.01977600 0.03489800 -0.02276700
v 0.02435300 0.03489800 -0.01788200
v 0.02768900 0.03489800 -0.01220000
v 0.02965300 0.03489800 -0.00617700
v 0.03015100 0.03490000 -0.00301900
v 0.03308200 0.03082500 -0.00283300
v 0.03298300 0.03068000 -0.00431600
v 0.03293300 0.02910600 -0.00771300
v 0.03270300 0.03068000 -0.00605300
v 0.03208500 0.03217000 -0.00501400
v 0.03208500 0.03068000 -0.00871800
v 0.03086000 0.03217000 -0.01004500
v 0.03097800 0.03068000 -0.01203200
v 0.03070300 0.02910600 -0.01411800
v 0.02939300 0.03068000 -0.01546100
v 0.02790600 0.03217000 -0.01649000
v 0.02750800 0.03068000 -0.01856900
v 0.02676300 0.02910600 -0.02055500
v 0.02524200 0.03068000 -0.02150800
v 0.02203400 0.02910600 -0.02549200
v 0.02355200 0.03217000 -0.02219500
v 0.02267700 0.03068000 -0.02415800
v 0.02063500 0.03068000 -0.02589600
v 0.01700400 0.02910600 -0.02902900
v 0.01763400 0.03068000 -0.02798900
v 0.01858600 0.03217000 -0.02642600
v 0.01526000 0.03068000 -0.02932300
v 0.01050100 0.02910600 -0.03189300
v 0.01163400 0.03068000 -0.03090200
v 0.01268900 0.03217000 -0.02964400
v 0.00803400 0.03068000 -0.03199100
v 0.00403800 0.02848600 -0.03343100
v 0.00540800 0.03080300 -0.03245600
v -0.02889400 0.03489800 -0.00681500
v -0.02632300 0.03489800 -0.01375500
v -0.02245000 0.03489800 -0.01948900
v -0.01787600 0.03489800 -0.02380300
v -0.01258200 0.03489800 -0.02703200
v -0.00694400 0.03489800 -0.02905200
v -0.00326900 0.03489800 -0.02972800
v -0.00275400 0.03080300 -0.03271100
v -0.00432500 0.03068000 -0.03258200
v -0.00780800 0.02910600 -0.03248300
v -0.00634300 0.03068000 -0.03223100
v -0.00529500 0.03217000 -0.03162900
v -0.00899400 0.03068000 -0.03156900
v -0.01210100 0.03068000 -0.03048400
v -0.01407100 0.02910600 -0.03024100
v -0.01036700 0.03217000 -0.03029900
v -0.01553600 0.03068000 -0.02885200
v -0.01844300 0.03068000 -0.02705700
v -0.01654000 0.03217000 -0.02735800
v -0.02038600 0.02910600 -0.02633400
v -0.02138500 0.03068000 -0.02476600
v -0.02523200 0.02910600 -0.02167900
v -0.02199700 0.03217000 -0.02313600
v -0.02386900 0.03068000 -0.02235300
v -0.02563200 0.03068000 -0.02028700
v -0.02884800 0.02910600 -0.01651700
v -0.02781000 0.03068000 -0.01715300
v -0.02620500 0.03217000 -0.01817800
v -0.02915000 0.03068000 -0.01474300
v -0.03171800 0.02910600 -0.00989800
v -0.03076500 0.03068000 -0.01095400
v -0.02950200 0.03217000 -0.01206100
v -0.03180800 0.03068000 -0.00738300
v -0.03241400 0.03038700 -0.00488100
v -0.03147000 0.03247800 -0.00355600
v 0.00031100 -0.00774200 0.05104400
v 0.00031000 -0.01818200 0.05737400
v 0.00030800 -0.02238900 0.06092500
v 0.00030700 -0.02582700 0.06517000
v 0.00030700 -0.02783100 0.06944000
v 0.00030800 -0.02885900 0.07463500
v -0.02785800 0.00687600 0.08005800
v -0.02540600 0.01337600 0.08005800
v -0.02147500 0.01911700 0.08005800
v -0.01629200 0.02375000 0.08005800
v -0.01015500 0.02701300 0.08005800
v -0.00501400 0.02848000 0.08005800
v 0.00030800 0.02897000 0.08005800
v 0.00030800 0.02899700 0.07793400
v 0.00030800 0.03018800 0.06594400
v 0.00030800 0.03167100 0.05859900
v -0.01467700 -0.00366700 0.05103500
v -0.01809100 -0.00028300 0.05103700
v -0.02100200 0.00440200 0.05108600
v -0.02350400 0.01377800 0.05105300
v -0.02335400 0.01856300 0.05105600
v -0.00920500 0.02758500 0.07532500
v -0.00868200 0.02799600 0.07292800
v -0.01870900 0.02284700 0.07010300
v -0.00720100 0.03108800 0.05855700
v -0.00915800 0.03067200 0.05851700
v -0.01957900 0.02304600 0.06529200
v -0.01706200 0.02515800 0.06533500
v -0.01064000 0.03098900 0.05601500
v -0.02094900 0.02162900 0.06521900
v -0.02220900 0.02008700 0.06512700
v -0.01956700 0.02432700 0.06055600
v -0.02712300 0.00711500 0.06465000
v -0.02781200 0.00406000 0.06957100
v -0.02670900 0.00987800 0.06483400
v -0.02559900 0.01384000 0.06022800
v -0.02605800 0.01243100 0.06499100
v -0.02488200 0.01554100 0.06500000
v -0.02757400 -0.00228800 0.06942100
v -0.02727900 0.00367900 0.06466000
v -0.02622700 0.01044100 0.06004400
v -0.02705500 0.00069300 0.06446200
v -0.02622200 -0.00799400 0.06926600
v -0.02658500 -0.00226300 0.06447100
v -0.02627200 0.00449800 0.05986900
v -0.02588500 -0.00482300 0.06428000
v -0.02347400 -0.01387900 0.06907300
v -0.02490400 -0.00763600 0.06428900
v -0.02520200 -0.00095800 0.05969700
v -0.02340800 -0.01058700 0.06403700
v -0.01954400 -0.01906900 0.06891600
v -0.02170200 -0.01339000 0.06404400
v -0.02304100 -0.00626800 0.05949500
v -0.01979100 -0.01573600 0.06385100
v -0.00630800 -0.02820500 0.07642900
v -0.01046000 -0.02677100 0.07485600
v -0.01759400 -0.01803900 0.06385000
v -0.01963000 -0.01135200 0.05929100
v -0.00626100 -0.02809300 0.07463700
v -0.00930600 -0.02686400 0.07231700
v -0.00618500 -0.02779500 0.07231100
v -0.00300300 -0.02866900 0.07463500
v -0.00402400 -0.02802000 0.07134000
v -0.00985100 -0.01360100 0.05539900
v -0.00446200 -0.01955200 0.05869000
v -0.00635900 -0.01524700 0.05578000
v -0.00896800 -0.01717600 0.05770400
v -0.00663900 -0.01775900 0.05761500
v -0.00676000 -0.01262300 0.05415800
v -0.00414200 -0.01555900 0.05573300
v -0.00271000 -0.01651100 0.05627300
v -0.00395700 -0.01303800 0.05412900
v -0.01406300 0.02590500 0.07152200
v -0.01560600 0.02712800 0.06148600
v -0.02479800 0.01476800 0.07241300
v -0.02397500 0.01733700 0.06510200
v -0.01346900 0.02918300 0.05838100
v -0.01482000 0.02814700 0.05954500
v -0.02527500 0.01383200 0.07235700
v -0.02597300 0.01227600 0.07234800
v -0.01543000 0.02818000 0.05831500
v -0.02727600 0.00859800 0.07477500
v -0.02354800 0.01875000 0.06194000
v -0.02328700 0.01955000 0.06036700
v -0.02256300 0.02147700 0.05726000
v -0.01643800 -0.02336500 0.07452700
v -0.01542400 -0.02358800 0.07183100
v -0.01485700 -0.02364500 0.07059500
v -0.01347600 -0.02485900 0.07199100
v -0.01401100 -0.02343000 0.06841800
v -0.01228700 -0.02217600 0.06428300
v -0.00871800 -0.02625900 0.06920900
v -0.01567400 -0.01636500 0.06021100
v -0.00842000 -0.02577400 0.06770600
v -0.01338700 -0.01844500 0.06065900
v -0.01465200 -0.01516100 0.05849500
v -0.01495100 -0.01337300 0.05728400
v -0.00553900 -0.02615700 0.06684300
v -0.00622900 -0.02478000 0.06471600
v -0.01492200 -0.01026400 0.05512400
v -0.01306100 -0.01486300 0.05743200
v -0.00836900 -0.02151800 0.06139200
v -0.00564000 -0.02335000 0.06261500
v 0.02400100 0.01836700 0.05106400
v 0.02409200 0.01341600 0.05106200
v 0.00907000 -0.00684200 0.05106300
v 0.00463200 -0.00760700 0.05107600
v 0.00030800 0.02897000 0.08005800
v 0.00681300 0.02823100 0.08005800
v 0.01298700 0.02605200 0.08005800
v 0.01851400 0.02254100 0.08005800
v 0.02311400 0.01788600 0.08005800
v 0.02655100 0.01230800 0.08005800
v 0.02861000 0.00629500 0.08005800
v 0.00705400 0.02860000 0.07293900
v 0.01121800 0.02707500 0.07531700
v 0.01026500 0.02767900 0.07292100
v 0.00781700 0.03108800 0.05855700
v 0.02122600 0.02102000 0.07003100
v 0.00977300 0.03067200 0.05851700
v 0.02008300 0.02316700 0.06523700
v 0.01843500 0.02458200 0.06532200
v 0.01125500 0.03099000 0.05601500
v 0.02216900 0.02091600 0.06520300
v 0.01917000 0.02525600 0.06056000
v 0.02331500 0.01940300 0.06511500
v 0.02572400 0.01548600 0.06021300
v 0.02666100 0.01247700 0.06483400
v 0.02740400 0.00947900 0.06483200
v 0.02572500 0.01502500 0.06499800
v 0.02778500 0.00661700 0.06464100
v 0.02845000 0.00372100 0.06956300
v 0.02814000 -0.00264600 0.06942500
v 0.02789000 0.00347100 0.06465100
v 0.02688700 0.01004800 0.06004000
v 0.02766800 0.00065900 0.06447000
v 0.02657000 -0.00877300 0.06928200
v 0.02709000 -0.00278800 0.06447900
v 0.02687400 0.00434100 0.05987000
v 0.02644300 -0.00504200 0.06430500
v 0.02335000 -0.01506600 0.06907400
v 0.02525100 -0.00830500 0.06431500
v 0.02578100 -0.00112700 0.05971900
v 0.02355300 -0.01143400 0.06404400
v 0.02169700 -0.01426700 0.06405000
v 0.01924200 -0.02000800 0.06892800
v 0.02346200 -0.00668400 0.05951900
v 0.00953300 -0.02745700 0.07643200
v 0.01992300 -0.01630700 0.06387300
v 0.00561300 -0.02851500 0.07733200
v 0.00888100 -0.02754200 0.07463900
v 0.01758900 -0.01861700 0.06387100
v 0.01995800 -0.01173000 0.05931200
v 0.00556000 -0.02837300 0.07463500
v 0.00877900 -0.02725200 0.07231400
v 0.00382300 -0.02864400 0.07463500
v 0.00598100 -0.02777900 0.07134100
v 0.01607700 -0.01537500 0.05918100
v 0.01562300 -0.02009100 0.06375400
v 0.00541600 -0.01951100 0.05870200
v 0.00805500 -0.01247000 0.05416700
v 0.00537100 -0.01548100 0.05573800
v 0.00774100 -0.01765600 0.05763100
v 0.00744300 -0.01515900 0.05579400
v 0.00374600 -0.01648000 0.05627700
v 0.00516200 -0.01297400 0.05413200
v 0.01466400 0.02574000 0.07275700
v 0.01669100 0.02449500 0.07267000
v 0.01626500 0.02495400 0.07148000
v 0.01481500 0.02847600 0.05954900
v 0.02583400 0.01394500 0.07240500
v 0.02490000 0.01676000 0.06509500
v 0.02626000 0.01303900 0.07235200
v 0.02809100 0.00786000 0.07476800
v 0.02321100 0.02029600 0.06194200
v 0.02310800 0.02084300 0.06036300
v 0.02269200 0.02225600 0.05724500
v 0.01827700 -0.02238600 0.07436800
v 0.01530900 -0.02443700 0.07367800
v 0.01441800 -0.02431600 0.07059900
v 0.01524700 -0.02212900 0.06652200
v 0.01093400 -0.02308300 0.06421600
v 0.01326500 -0.02421900 0.06839600
v 0.00585500 -0.02620800 0.06682100
v 0.00577500 -0.02499200 0.06468400
v 0.01181900 -0.01590000 0.05744800
v 0.01206500 -0.01460500 0.05658600
v 0.00567600 -0.02345300 0.06260000
v 0.00030800 0.02897000 0.08005800
v 0.00681300 0.02823100 0.08005800
v -0.02784900 0.00691000 0.11955800
v -0.02537000 0.01344700 0.11955800
v -0.02139900 0.01920000 0.11955800
v -0.01616600 0.02383600 0.11955800
v -0.00997600 0.02708500 0.11955800
v -0.00318800 0.02875800 0.11955800
v 0.00380300 0.02875800 0.11955800
v 0.01059100 0.02708500 0.11955800
v 0.01678200 0.02383600 0.11955800
v 0.02201500 0.01920000 0.11955800
v 0.02598600 0.01344700 0.11955800
v 0.02846500 0.00691000 0.11955800
v -0.02869200 -0.00003000 0.11955800
v -0.02784900 0.00691000 0.11955800
v -0.02537000 0.01344700 0.11955800
v -0.02139900 0.01920000 0.11955800
v -0.01616600 0.02383600 0.11955800
v -0.00997600 0.02708500 0.11955800
v -0.00318800 0.02875800 0.11955800
v 0.00380300 0.02875800 0.11955800
v 0.01059100 0.02708500 0.11955800
v 0.01678200 0.02383600 0.11955800
v 0.02201500 0.01920000 0.11955800
v 0.02598600 0.01344700 0.11955800
v 0.02846500 0.00691000 0.11955800
v 0.02930800 -0.00003000 0.11955800
v 0.02846500 -0.00697000 0.11955800
v 0.02598600 -0.01350700 0.11955800
v 0.02201500 -0.01926100 0.11955800
v 0.01678200 -0.02389700 0.11955800
v 0.01059100 -0.02714600 0.11955800
v 0.00380300 -0.02881900 0.11955800
v -0.00318800 -0.02881900 0.11955800
v -0.00997600 -0.02714600 0.11955800
v -0.01616600 -0.02389700 0.11955800
v -0.02139900 -0.01926100 0.11955800
v -0.02537000 -0.01350700 0.11955800
v -0.02784900 -0.00697000 0.11955800
v 0.02900800 -0.00003000 0.11955800
v 0.02817400 -0.00689800 0.11955800
v 0.02572000 -0.01336800 0.11955800
v 0.02179000 -0.01906200 0.11955800
v 0.01661100 -0.02365000 0.11955800
v 0.01048500 -0.02686500 0.11955800
v 0.00376700 -0.02852100 0.11955800
v -0.00315100 -0.02852100 0.11955800
v -0.00986900 -0.02686500 0.11955800
v -0.01599600 -0.02365000 0.11955800
v -0.02117400 -0.01906200 0.11955800
v -0.02510500 -0.01336800 0.11955800
v -0.02755800 -0.00689800 0.11955800
v -0.02839200 -0.00003000 0.11955800
v -0.02755800 0.00683800 0.11955800
v -0.02510500 0.01330700 0.11955800
v -0.02117400 0.01900100 0.11955800
v -0.01599600 0.02358900 0.11955800
v -0.00986900 0.02680500 0.11955800
v -0.00315100 0.02846100 0.11955800
v 0.00376700 0.02846100 0.11955800
v 0.01048500 0.02680500 0.11955800
v 0.01661100 0.02358900 0.11955800
v 0.02179000 0.01900100 0.11955800
v 0.02572000 0.01330700 0.11955800
v 0.02817400 0.00683800 0.11955800
v -0.02839200 -0.00103000 0.12555800
v -0.02839200 -0.00003000 0.12555800
v -0.02839200 0.00097000 0.12555800
v -0.02867500 0.00097000 0.12555800
v -0.02776200 0.00725600 0.12555800
v -0.02550200 0.01319200 0.12555800
v -0.02200400 0.01849400 0.12555800
v -0.01743600 0.02290800 0.12555800
v -0.01201700 0.02622100 0.12555800
v -0.00600600 0.02827400 0.12555800
v 0.00030800 0.02897000 0.12555800
v 0.00724800 0.02812700 0.12555800
v 0.01378500 0.02564800 0.12555800
v 0.01953800 0.02167700 0.12555800
v 0.02417400 0.01644400 0.12555800
v 0.02742300 0.01025300 0.12555800
v 0.02909600 0.00346500 0.12555800
v 0.02909600 -0.00352600 0.12555800
v 0.02742300 -0.01031400 0.12555800
v 0.02417400 -0.01650400 0.12555800
v 0.01953800 -0.02173700 0.12555800
v 0.01378500 -0.02570800 0.12555800
v 0.00724800 -0.02818700 0.12555800
v 0.00030800 -0.02903000 0.12555800
v -0.00600600 -0.02833500 0.12555800
v -0.01201700 -0.02628100 0.12555800
v -0.01743600 -0.02296800 0.12555800
v -0.02200400 -0.01855500 0.12555800
v -0.02550200 -0.01325300 0.12555800
v -0.02776200 -0.00731600 0.12555800
v -0.02867500 -0.00103000 0.12555800
v 0.02900800 -0.00003000 0.12555800
v 0.02817400 -0.00689800 0.12555800
v 0.02572000 -0.01336800 0.12555800
v 0.02179000 -0.01906200 0.12555800
v 0.01661100 -0.02365000 0.12555800
v 0.01048500 -0.02686500 0.12555800
v 0.00376700 -0.02852100 0.12555800
v -0.00315100 -0.02852100 0.12555800
v -0.00986900 -0.02686500 0.12555800
v -0.01599600 -0.02365000 0.12555800
v -0.02117400 -0.01906200 0.12555800
v -0.02510500 -0.01336800 0.12555800
v -0.02755800 -0.00689800 0.12555800
v -0.02755800 0.00683800 0.12555800
v -0.02510500 0.01330700 0.12555800
v -0.02117400 0.01900100 0.12555800
v -0.01599600 0.02358900 0.12555800
v -0.00986900 0.02680500 0.12555800
v -0.00315100 0.02846100 0.12555800
v 0.00376700 0.02846100 0.12555800
v 0.01048500 0.02680500 0.12555800
v 0.01661100 0.02358900 0.12555800
v 0.02179000 0.01900100 0.12555800
v 0.02572000 0.01330700 0.12555800
v 0.02817400 0.00683800 0.12555800
v 0.01078000 0.04333800 -0.00724300
v 0.01072200 0.04304700 -0.00720200
v 0.00933300 0.04367500 -0.00381800
v 0.00938500 0.04396900 -0.00384100
v 0.00798500 0.04363900 -0.00843900
v 0.00794200 0.04334600 -0.00839000
v 0.00843500 0.04317000 -0.00899200
v 0.00868100 0.04310100 -0.00916200
v 0.00894500 0.04304000 -0.00926000
v 0.00930200 0.04297300 -0.00930000
v 0.00963700 0.04292200 -0.00926100
v 0.00995500 0.04288400 -0.00914900
v 0.01023800 0.04286200 -0.00897300
v 0.01047800 0.04285700 -0.00873900
v 0.01066200 0.04286700 -0.00845900
v 0.01078200 0.04289400 -0.00814300
v 0.01083200 0.04293500 -0.00781300
v 0.01080700 0.04298700 -0.00750100
v 0.01072200 0.04304700 -0.00720200
v 0.01078000 0.04333800 -0.00724300
v 0.00827200 0.04353100 -0.00882600
v 0.00848500 0.04346000 -0.00904700
v 0.00873800 0.04339000 -0.00921900
v 0.00900000 0.04333000 -0.00931400
v 0.00932400 0.04326900 -0.00935300
v 0.00965900 0.04321700 -0.00932000
v 0.00997500 0.04317800 -0.00921600
v 0.01026300 0.04315500 -0.00904600
v 0.01050900 0.04314700 -0.00881800
v 0.01069900 0.04315600 -0.00854500
v 0.01082900 0.04318100 -0.00823100
v 0.01088800 0.04321900 -0.00790600
v 0.01089000 0.04324500 -0.00773600
v 0.01087000 0.04327300 -0.00756900
v 0.00658200 0.04428500 -0.00503500
v 0.00798500 0.04363900 -0.00843900
v 0.00654500 0.04398900 -0.00500400
v 0.00794200 0.04334600 -0.00839000
v 0.00933300 0.04367500 -0.00381800
v 0.00938500 0.04396900 -0.00384100
v 0.00883100 0.04380400 -0.00320600
v 0.00858300 0.04385700 -0.00303400
v 0.00831600 0.04390600 -0.00293500
v 0.00795800 0.04396400 -0.00289300
v 0.00761800 0.04401300 -0.00293200
v 0.00730200 0.04405100 -0.00304300
v 0.00701700 0.04407900 -0.00322000
v 0.00677600 0.04409500 -0.00345400
v 0.00659400 0.04409700 -0.00373500
v 0.00647500 0.04408600 -0.00405400
v 0.00642800 0.04406300 -0.00438700
v 0.00643700 0.04404400 -0.00458200
v 0.00647600 0.04402000 -0.00478300
v 0.00654500 0.04398900 -0.00500400
v 0.00658200 0.04428500 -0.00503500
v 0.00910900 0.04404500 -0.00346500
v 0.00886800 0.04410200 -0.00321500
v 0.00861300 0.04415600 -0.00304300
v 0.00834500 0.04420500 -0.00294800
v 0.00798700 0.04426300 -0.00291100
v 0.00765200 0.04431000 -0.00295300
v 0.00733900 0.04434800 -0.00306400
v 0.00705600 0.04437600 -0.00324000
v 0.00681500 0.04439200 -0.00347600
v 0.00663300 0.04439400 -0.00375600
v 0.00651300 0.04438300 -0.00407500
v 0.00646500 0.04436000 -0.00440600
v 0.00649200 0.04432700 -0.00472600
v 0.00446800 0.04472000 -0.00232700
v 0.00444200 0.04442100 -0.00231200
v 0.00651300 0.04424200 -0.00112800
v 0.00857200 0.04395500 0.00005800
v 0.00862100 0.04425100 0.00005800
v 0.00655100 0.04454000 -0.00113600
v 0.00446000 0.04412300 -0.00792700
v 0.00443700 0.04382800 -0.00788000
v 0.00444100 0.04419800 -0.00510300
v 0.00444200 0.04442100 -0.00231200
v 0.00446800 0.04472000 -0.00232700
v 0.00446600 0.04449500 -0.00513500
v 0.00134300 0.04427700 -0.00793800
v 0.00133700 0.04398100 -0.00789100
v 0.00157000 0.04384700 -0.00865900
v 0.00173800 0.04379700 -0.00891800
v 0.00195100 0.04375500 -0.00911600
v 0.00227500 0.04371100 -0.00929600
v 0.00260900 0.04367900 -0.00939300
v 0.00295200 0.04365900 -0.00941400
v 0.00328800 0.04365100 -0.00936100
v 0.00360600 0.04365500 -0.00923600
v 0.00389000 0.04367100 -0.00904400
v 0.00413000 0.04369900 -0.00879200
v 0.00430300 0.04373600 -0.00850200
v 0.00437100 0.04376200 -0.00831800
v 0.00441400 0.04379300 -0.00810500
v 0.00443700 0.04382800 -0.00788000
v 0.00446000 0.04412300 -0.00792700
v 0.00146600 0.04419400 -0.00842700
v 0.00158100 0.04414100 -0.00871700
v 0.00175500 0.04409000 -0.00898100
v 0.00196700 0.04404900 -0.00917500
v 0.00226100 0.04400800 -0.00934100
v 0.00259200 0.04397600 -0.00944300
v 0.00293300 0.04395500 -0.00947000
v 0.00327500 0.04394600 -0.00942500
v 0.00359200 0.04394800 -0.00930800
v 0.00387900 0.04396300 -0.00912300
v 0.00412700 0.04399000 -0.00887500
v 0.00430800 0.04402600 -0.00859000
v 0.00438200 0.04405100 -0.00840700
v 0.00443200 0.04408300 -0.00819200
v 0.00134200 0.04493600 -0.00134800
v 0.00133600 0.04463600 -0.00133800
v 0.00133600 0.04455200 -0.00298200
v 0.00133800 0.04441200 -0.00462300
v 0.00133700 0.04398100 -0.00789100
v 0.00134300 0.04427700 -0.00793800
v 0.00134300 0.04485100 -0.00300300
v 0.00134400 0.04471100 -0.00465300
v 0.00209300 0.04493500 -0.00005600
v 0.00208100 0.04463600 -0.00005500
v 0.00158300 0.04464800 -0.00055400
v 0.00149700 0.04464800 -0.00068400
v 0.00143400 0.04464800 -0.00080900
v 0.00136600 0.04464300 -0.00106100
v 0.00133600 0.04463600 -0.00133800
v 0.00134200 0.04493600 -0.00134800
v 0.00160100 0.04494800 -0.00054600
v 0.00145600 0.04494800 -0.00078200
v 0.00140800 0.04494600 -0.00091000
v 0.00137500 0.04494400 -0.00105500
v 0.00229400 0.04492700 0.00005800
v 0.00228100 0.04462700 0.00005800
v 0.00208100 0.04463600 -0.00005500
v 0.00209300 0.04493500 -0.00005600
v 0.00438000 0.04465800 0.00453900
v 0.00425100 0.04464900 0.00488300
v 0.00405100 0.04464600 0.00518300
v 0.00378500 0.04464900 0.00542800
v 0.00346700 0.04465900 0.00560400
v 0.00311800 0.04467500 0.00570200
v 0.00275600 0.04469400 0.00571400
v 0.00240300 0.04471700 0.00564200
v 0.00207400 0.04474200 0.00548900
v 0.00179200 0.04476700 0.00526400
v 0.00156900 0.04479300 0.00497800
v 0.00141900 0.04481700 0.00464800
v 0.00136500 0.04483200 0.00441400
v 0.00435400 0.04436000 0.00452100
v 0.00422700 0.04435000 0.00486400
v 0.00402800 0.04434700 0.00516400
v 0.00376400 0.04435100 0.00540700
v 0.00344700 0.04436100 0.00558300
v 0.00310000 0.04437600 0.00568100
v 0.00274100 0.04439500 0.00569300
v 0.00238900 0.04441800 0.00562000
v 0.00206100 0.04444300 0.00546800
v 0.00178200 0.04446800 0.00524300
v 0.00156100 0.04449300 0.00495900
v 0.00141200 0.04451800 0.00462900
v 0.00135800 0.04453300 0.00439700
v 0.00987500 0.04371000 0.00158800
v 0.00985000 0.04345900 0.00675700
v 0.00990400 0.04375300 0.00678100
v 0.00993000 0.04400500 0.00159400
v 0.00921400 0.04384400 0.00043000
v 0.00965600 0.04376100 0.00088800
v 0.00978900 0.04373400 0.00111800
v 0.00982600 0.04372500 0.00122400
v 0.00985000 0.04371900 0.00133700
v 0.00987500 0.04371000 0.00158800
v 0.00993000 0.04400500 0.00159400
v 0.00926600 0.04414000 0.00043100
v 0.00970100 0.04405800 0.00087800
v 0.00984100 0.04402900 0.00111500
v 0.00988000 0.04402000 0.00122500
v 0.00990600 0.04401400 0.00134200
v 0.00921400 0.04384400 0.00043000
v 0.00926600 0.04414000 0.00043100
v 0.00683300 0.04447500 0.00264700
v 0.00679300 0.04417800 0.00263700
v 0.00678100 0.04401900 0.00572600
v 0.00679300 0.04417800 0.00263700
v 0.00683300 0.04447500 0.00264700
v 0.00682000 0.04431600 0.00574700
v 0.00209300 0.04416800 0.00853100
v 0.00678100 0.04401900 0.00572600
v 0.00682000 0.04431600 0.00574700
v 0.00210400 0.04446600 0.00856300
v 0.00364500 0.04376300 0.01117600
v 0.00286100 0.04378300 0.01136600
v 0.00255300 0.04380000 0.01135400
v 0.00227300 0.04382300 0.01127100
v 0.00195600 0.04386000 0.01108700
v 0.00170500 0.04390000 0.01085000
v 0.00151500 0.04394200 0.01056900
v 0.00139300 0.04398500 0.01025700
v 0.00134100 0.04402800 0.00992300
v 0.00136400 0.04406900 0.00958600
v 0.00146000 0.04410600 0.00925800
v 0.00162300 0.04413600 0.00896100
v 0.00174900 0.04414900 0.00880900
v 0.00191000 0.04416000 0.00866300
v 0.00209300 0.04416800 0.00853100
v 0.00210400 0.04446600 0.00856300
v 0.00366500 0.04406000 0.01121700
v 0.00320100 0.04406900 0.01135400
v 0.00286400 0.04408000 0.01140800
v 0.00254700 0.04409800 0.01139200
v 0.00227200 0.04412100 0.01130700
v 0.00195300 0.04415900 0.01111800
v 0.00170800 0.04419800 0.01088500
v 0.00152100 0.04424000 0.01060500
v 0.00139900 0.04428300 0.01029200
v 0.00134800 0.04432600 0.00995900
v 0.00137000 0.04436600 0.00962500
v 0.00146600 0.04440300 0.00929500
v 0.00162700 0.04443300 0.00900100
v 0.00175300 0.04444700 0.00884600
v 0.00190600 0.04445700 0.00870800
v 0.00917500 0.04347600 0.00793600
v 0.00364500 0.04376300 0.01117600
v 0.00366500 0.04406000 0.01121700
v 0.00922500 0.04377100 0.00796300
v 0.00985000 0.04345900 0.00675700
v 0.00968200 0.04343900 0.00736200
v 0.00954300 0.04344200 0.00761400
v 0.00946100 0.04344700 0.00771100
v 0.00936000 0.04345700 0.00780100
v 0.00917500 0.04347600 0.00793600
v 0.00922500 0.04377100 0.00796300
v 0.00990400 0.04375300 0.00678100
v 0.00973200 0.04373300 0.00739400
v 0.00959600 0.04373600 0.00763900
v 0.00952000 0.04374100 0.00773000
v 0.00943100 0.04374900 0.00781200
v -0.01039800 0.04324600 -0.00725300
v -0.01033700 0.04295500 -0.00721200
v -0.01040800 0.04282400 -0.00799800
v -0.01035300 0.04278800 -0.00829600
v -0.01023200 0.04277000 -0.00855900
v -0.01000800 0.04276700 -0.00884700
v -0.00974200 0.04278200 -0.00906400
v -0.00944100 0.04281300 -0.00921500
v -0.00912000 0.04285900 -0.00929600
v -0.00878700 0.04291700 -0.00930500
v -0.00846500 0.04298500 -0.00924100
v -0.00816300 0.04306000 -0.00910600
v -0.00790000 0.04313700 -0.00891000
v -0.00770200 0.04321000 -0.00867100
v -0.00755500 0.04327800 -0.00840000
v -0.00760000 0.04357100 -0.00844800
v -0.01046300 0.04316700 -0.00770200
v -0.01046900 0.04311400 -0.00804500
v -0.01041800 0.04308000 -0.00832600
v -0.01030200 0.04306100 -0.00859200
v -0.01010500 0.04305600 -0.00885600
v -0.00984800 0.04306800 -0.00908100
v -0.00955700 0.04309600 -0.00924300
v -0.00923800 0.04313900 -0.00933800
v -0.00890600 0.04319500 -0.00936200
v -0.00858100 0.04326100 -0.00931200
v -0.00827000 0.04333600 -0.00919100
v -0.00800000 0.04341200 -0.00900900
v -0.00778100 0.04348900 -0.00877000
v -0.00769500 0.04352600 -0.00863100
v -0.00901100 0.04388700 -0.00385000
v -0.00895700 0.04359300 -0.00382700
v -0.01033700 0.04295500 -0.00721200
v -0.01039800 0.04324600 -0.00725300
v -0.00620500 0.04422800 -0.00504300
v -0.00616500 0.04393200 -0.00501200
v -0.00608500 0.04401400 -0.00426200
v -0.00612200 0.04403300 -0.00398400
v -0.00617300 0.04403900 -0.00382700
v -0.00632200 0.04403900 -0.00355700
v -0.00653300 0.04402700 -0.00331600
v -0.00679300 0.04400300 -0.00312000
v -0.00708700 0.04396700 -0.00298300
v -0.00740500 0.04392200 -0.00291100
v -0.00774100 0.04386800 -0.00291100
v -0.00808000 0.04380700 -0.00299000
v -0.00840700 0.04374000 -0.00315300
v -0.00856800 0.04370300 -0.00327600
v -0.00874600 0.04365800 -0.00346600
v -0.00895700 0.04359300 -0.00382700
v -0.00901100 0.04388700 -0.00385000
v -0.00613500 0.04428300 -0.00457300
v -0.00612700 0.04431500 -0.00423500
v -0.00618600 0.04433300 -0.00392600
v -0.00630900 0.04433700 -0.00366000
v -0.00653600 0.04432600 -0.00337500
v -0.00679700 0.04430300 -0.00316400
v -0.00709600 0.04426800 -0.00301400
v -0.00741700 0.04422300 -0.00293300
v -0.00775000 0.04417000 -0.00292500
v -0.00807400 0.04411300 -0.00298900
v -0.00838100 0.04405200 -0.00312300
v -0.00864800 0.04399200 -0.00332000
v -0.00885600 0.04393700 -0.00356600
v -0.00760000 0.04357100 -0.00844800
v -0.00620500 0.04422800 -0.00504300
v -0.00755500 0.04327800 -0.00840000
v -0.00616500 0.04393200 -0.00501200
v -0.00173000 0.04491700 -0.00005900
v -0.00171500 0.04461700 -0.00005800
v -0.00192000 0.04460700 0.00005800
v -0.00193600 0.04490600 0.00005800
v -0.00097800 0.04492400 -0.00135000
v -0.00096800 0.04462500 -0.00134000
v -0.00171500 0.04461700 -0.00005800
v -0.00135600 0.04463100 -0.00034400
v -0.00121400 0.04463500 -0.00054200
v -0.00107000 0.04463300 -0.00090100
v -0.00173000 0.04491700 -0.00005900
v -0.00116200 0.04493500 -0.00067500
v -0.00131200 0.04493300 -0.00041300
v -0.00149400 0.04492700 -0.00023000
v -0.00096600 0.04426700 -0.00794000
v -0.00095700 0.04397100 -0.00789200
v -0.00096500 0.04440100 -0.00462500
v -0.00096700 0.04454100 -0.00298400
v -0.00096800 0.04462500 -0.00134000
v -0.00097800 0.04492400 -0.00135000
v -0.00097400 0.04470000 -0.00465500
v -0.00097600 0.04484000 -0.00300400
v -0.00408200 0.04408500 -0.00793200
v -0.00405600 0.04379000 -0.00788600
v -0.00393900 0.04372500 -0.00834500
v -0.00381600 0.04368300 -0.00865700
v -0.00364700 0.04365100 -0.00891600
v -0.00343400 0.04363200 -0.00911300
v -0.00314100 0.04362300 -0.00928100
v -0.00280800 0.04362600 -0.00938700
v -0.00246500 0.04364100 -0.00941800
v -0.00212700 0.04366700 -0.00937400
v -0.00180700 0.04370400 -0.00925800
v -0.00152200 0.04374900 -0.00907600
v -0.00128100 0.04380100 -0.00883200
v -0.00110200 0.04385700 -0.00854600
v -0.00103900 0.04388600 -0.00839000
v -0.00099600 0.04391500 -0.00822700
v -0.00095700 0.04397100 -0.00789200
v -0.00096600 0.04426700 -0.00794000
v -0.00396800 0.04402100 -0.00838400
v -0.00384100 0.04397700 -0.00870900
v -0.00368300 0.04394700 -0.00895300
v -0.00346900 0.04392700 -0.00915700
v -0.00318100 0.04391800 -0.00932700
v -0.00285000 0.04391900 -0.00943700
v -0.00251200 0.04393300 -0.00947300
v -0.00217200 0.04395900 -0.00943600
v -0.00185000 0.04399400 -0.00932700
v -0.00156000 0.04403900 -0.00915000
v -0.00131200 0.04409100 -0.00891100
v -0.00112700 0.04414700 -0.00863000
v -0.00101400 0.04420300 -0.00831800
v -0.00098600 0.04423200 -0.00815200
v -0.00410000 0.04468000 -0.00233200
v -0.00407200 0.04438100 -0.00231700
v -0.00406600 0.04415900 -0.00510800
v -0.00405600 0.04379000 -0.00788600
v -0.00408200 0.04408500 -0.00793200
v -0.00409400 0.04445600 -0.00514000
v -0.00826900 0.04417200 0.00005800
v -0.00821700 0.04387700 0.00005800
v -0.00615100 0.04418300 -0.00113100
v -0.00407200 0.04438100 -0.00231700
v -0.00410000 0.04468000 -0.00233200
v -0.00619200 0.04448000 -0.00113800
v -0.00403600 0.04433700 0.00415200
v -0.00406400 0.04463500 0.00416800
v -0.00399300 0.04435900 0.00379300
v -0.00386800 0.04438600 0.00345500
v -0.00366800 0.04441700 0.00315800
v -0.00340100 0.04445000 0.00291200
v -0.00308900 0.04448200 0.00273800
v -0.00274400 0.04451100 0.00264200
v -0.00238100 0.04453500 0.00263100
v -0.00202900 0.04455400 0.00270300
v -0.00170600 0.04456500 0.00285700
v -0.00142300 0.04456900 0.00308500
v -0.00120000 0.04456600 0.00336900
v -0.00105100 0.04455600 0.00369400
v -0.00099600 0.04454700 0.00392500
v -0.00402100 0.04465700 0.00380800
v -0.00389700 0.04468500 0.00347000
v -0.00369700 0.04471600 0.00317200
v -0.00342900 0.04474800 0.00292500
v -0.00311600 0.04478000 0.00275000
v -0.00277100 0.04480900 0.00265300
v -0.00240500 0.04483400 0.00264100
v -0.00205200 0.04485300 0.00271200
v -0.00172700 0.04486400 0.00286400
v -0.00144200 0.04486900 0.00309100
v -0.00121500 0.04486600 0.00337600
v -0.00106200 0.04485600 0.00370300
v -0.00100600 0.04484600 0.00393700
v -0.00174900 0.04444700 0.00855900
v -0.00173500 0.04415000 0.00852700
v -0.00119100 0.04410600 0.00912300
v -0.00105200 0.04407900 0.00939700
v -0.00098800 0.04404600 0.00968200
v -0.00099300 0.04400100 0.01004800
v -0.00107600 0.04395600 0.01038200
v -0.00122900 0.04391100 0.01068600
v -0.00144100 0.04386900 0.01094600
v -0.00170700 0.04382900 0.01115400
v -0.00201200 0.04379500 0.01129800
v -0.00234400 0.04376600 0.01137300
v -0.00268400 0.04374600 0.01137400
v -0.00299700 0.04373500 0.01130200
v -0.00328900 0.04373100 0.01117200
v -0.00331100 0.04402800 0.01121200
v -0.00140500 0.04442500 0.00889900
v -0.00119500 0.04440300 0.00916700
v -0.00105500 0.04437400 0.00945100
v -0.00099500 0.04434200 0.00973200
v -0.00100500 0.04429700 0.01010100
v -0.00108900 0.04425200 0.01042900
v -0.00124100 0.04420800 0.01072800
v -0.00145500 0.04416500 0.01098800
v -0.00172000 0.04412600 0.01119500
v -0.00202400 0.04409200 0.01133800
v -0.00235900 0.04406300 0.01141400
v -0.00269500 0.04404200 0.01141600
v -0.00289200 0.04403400 0.01138000
v -0.00308800 0.04403000 0.01131500
v -0.00646000 0.04425500 0.00573900
v -0.00641900 0.04395900 0.00571800
v -0.00173500 0.04415000 0.00852700
v -0.00174900 0.04444700 0.00855900
v -0.00646900 0.04441400 0.00263800
v -0.00646000 0.04425500 0.00573900
v -0.00642700 0.04411700 0.00262800
v -0.00641900 0.04395900 0.00571800
v -0.00642700 0.04411700 0.00262800
v -0.00646900 0.04441400 0.00263800
v -0.00889600 0.04405900 0.00042100
v -0.00884200 0.04376400 0.00041900
v -0.00821700 0.04387700 0.00005800
v -0.00826900 0.04417200 0.00005800
v -0.00956100 0.04391900 0.00158200
v -0.00939400 0.04396000 0.00097800
v -0.00926100 0.04398800 0.00073600
v -0.00918600 0.04400300 0.00064700
v -0.00909900 0.04402000 0.00056700
v -0.00889600 0.04405900 0.00042100
v -0.00950300 0.04362400 0.00157600
v -0.00933100 0.04366700 0.00095900
v -0.00920000 0.04369400 0.00072800
v -0.00912800 0.04370900 0.00064300
v -0.00904300 0.04372500 0.00056500
v -0.00884200 0.04376400 0.00041900
v -0.00954000 0.04366700 0.00676700
v -0.00948300 0.04337300 0.00674400
v -0.00950300 0.04362400 0.00157600
v -0.00956100 0.04391900 0.00158200
v -0.00886300 0.04369100 0.00795000
v -0.00881000 0.04339700 0.00792300
v -0.00925800 0.04335700 0.00745500
v -0.00939300 0.04335100 0.00722000
v -0.00943100 0.04335300 0.00711300
v -0.00945600 0.04335800 0.00699700
v -0.00948300 0.04337300 0.00674400
v -0.00954000 0.04366700 0.00676700
v -0.00930400 0.04365100 0.00749300
v -0.00944700 0.04364500 0.00725100
v -0.00948700 0.04364700 0.00714000
v -0.00951300 0.04365200 0.00702100
v -0.00328900 0.04373100 0.01117200
v -0.00331100 0.04402800 0.01121200
v -0.00881000 0.04339700 0.00792300
v -0.00886300 0.04369100 0.00795000
v -0.00453300 0.01320600 0.01969800
v -0.00909300 0.01320600 0.01796900
v -0.01310600 0.01320600 0.01519900
v -0.01633900 0.01320600 0.01154900
v -0.01860600 0.01320600 0.00723100
v -0.01977300 0.01320600 0.00249600
v -0.01977300 0.01320600 -0.00238000
v -0.01860600 0.01320600 -0.00711500
v -0.01633900 0.01320600 -0.01143300
v -0.01310600 0.01320600 -0.01508300
v -0.00909300 0.01320600 -0.01785300
v -0.00453300 0.01320600 -0.01958200
v -0.00453300 0.02320600 0.01969800
v -0.00909300 0.02320600 0.01796900
v -0.01310600 0.02320600 0.01519900
v -0.01633900 0.02320600 0.01154900
v -0.01860600 0.02320600 0.00723100
v -0.01977300 0.02320600 0.00249600
v -0.01977300 0.02320600 -0.00238000
v -0.01860600 0.02320600 -0.00711500
v -0.01633900 0.02320600 -0.01143300
v -0.01310600 0.02320600 -0.01508300
v -0.00909300 0.02320600 -0.01785300
v -0.00453300 0.02320600 -0.01958200
v 0.00030800 0.02320600 0.02028600
v -0.00453300 0.02320600 0.01969800
v -0.00909300 0.02320600 0.01796900
v -0.01310600 0.02320600 0.01519900
v -0.01633900 0.02320600 0.01154900
v -0.01860600 0.02320600 0.00723100
v -0.01977300 0.02320600 0.00249600
v -0.01977300 0.02320600 -0.00238000
v -0.01860600 0.02320600 -0.00711500
v -0.01633900 0.02320600 -0.01143300
v -0.01310600 0.02320600 -0.01508300
v -0.00909300 0.02320600 -0.01785300
v -0.00453300 0.02320600 -0.01958200
v 0.00030800 0.02320600 -0.02017000
v 0.00514900 0.02320600 -0.01958200
v 0.00970800 0.02320600 -0.01785300
v 0.01372200 0.02320600 -0.01508300
v 0.01695500 0.02320600 -0.01143300
v 0.01922100 0.02320600 -0.00711500
v 0.02038800 0.02320600 -0.00238000
v 0.02038800 0.02320600 0.00249600
v 0.01922100 0.02320600 0.00723100
v 0.01695500 0.02320600 0.01154900
v 0.01372200 0.02320600 0.01519900
v 0.00970800 0.02320600 0.01796900
v 0.00514900 0.02320600 0.01969800
v -0.02867500 -0.00103000 0.12555800
v -0.02839200 -0.00103000 0.12555800
v -0.02839200 -0.00103000 0.12855800
v -0.02867500 -0.00103000 0.12855800
v -0.02839200 -0.00103000 0.12555800
v -0.02839200 -0.00003000 0.12555800
v -0.02839200 0.00097000 0.12555800
v -0.02839200 0.00097000 0.12855800
v -0.02839200 -0.00103000 0.12855800
v -0.02839200 0.00097000 0.12855800
v -0.02867500 0.00097000 0.12855800
v -0.02839200 0.00097000 0.12555800
v -0.02867500 0.00097000 0.12555800
v -0.03339000 0.01320600 0.00105800
v -0.03367500 0.01320600 0.00105800
v -0.03339000 0.01420600 0.00105800
v -0.03368000 0.01420600 0.00105800
v -0.03339000 0.01420600 -0.00094200
v -0.03339000 0.01320600 -0.00094200
v -0.03339000 0.01420600 0.00105800
v -0.03339000 0.01320600 0.00105800
v -0.03367700 0.01420600 -0.00094200
v -0.03339000 0.01420600 -0.00094200
v -0.03339000 0.01320600 -0.00094200
v -0.03367700 0.01320600 -0.00094200
v -0.03367700 0.01420600 -0.00094200
v -0.03339000 0.01420600 -0.00094200
v -0.03339000 0.01420600 0.00105800
v -0.03368000 0.01420600 0.00105800
v -0.03369700 0.01420600 0.00005800
v -0.02867500 -0.00103000 0.12855800
v -0.02776200 -0.00731600 0.12855800
v -0.02550200 -0.01325300 0.12855800
v -0.02200400 -0.01855500 0.12855800
v -0.01743600 -0.02296800 0.12855800
v -0.01201700 -0.02628100 0.12855800
v -0.00600600 -0.02833500 0.12855800
v 0.00030800 -0.02903000 0.12855800
v 0.00724800 -0.02818700 0.12855800
v 0.01378500 -0.02570800 0.12855800
v 0.01953800 -0.02173700 0.12855800
v 0.02417400 -0.01650400 0.12855800
v 0.02742300 -0.01031400 0.12855800
v 0.02909600 -0.00352600 0.12855800
v 0.02909600 0.00346500 0.12855800
v 0.02742300 0.01025300 0.12855800
v 0.02417400 0.01644400 0.12855800
v 0.01953800 0.02167700 0.12855800
v 0.01378500 0.02564800 0.12855800
v 0.00724800 0.02812700 0.12855800
v 0.00030800 0.02897000 0.12855800
v -0.00600600 0.02827400 0.12855800
v -0.01201700 0.02622100 0.12855800
v -0.01743600 0.02290800 0.12855800
v -0.02200400 0.01849400 0.12855800
v -0.02550200 0.01319200 0.12855800
v -0.02776200 0.00725600 0.12855800
v -0.02867500 0.00097000 0.12855800
v -0.02839200 0.00097000 0.12855800
v -0.02839200 -0.00103000 0.12855800
v -0.02069200 -0.00003000 0.12855800
v -0.02008200 -0.00505600 0.12855800
v -0.01828700 -0.00978900 0.12855800
v -0.01541100 -0.01395600 0.12855800
v -0.01162100 -0.01731300 0.12855800
v -0.00713900 -0.01966500 0.12855800
v -0.00222300 -0.02087700 0.12855800
v 0.00283900 -0.02087700 0.12855800
v 0.00775500 -0.01966500 0.12855800
v 0.01223700 -0.01731300 0.12855800
v 0.01602700 -0.01395600 0.12855800
v 0.01890200 -0.00978900 0.12855800
v 0.02069800 -0.00505600 0.12855800
v 0.02130800 -0.00003000 0.12855800
v 0.02069800 0.00499500 0.12855800
v 0.01890200 0.00972900 0.12855800
v 0.01602700 0.01389500 0.12855800
v 0.01223700 0.01725300 0.12855800
v 0.00775500 0.01960500 0.12855800
v 0.00283900 0.02081700 0.12855800
v -0.00222300 0.02081700 0.12855800
v -0.00713900 0.01960500 0.12855800
v -0.01162100 0.01725300 0.12855800
v -0.01541100 0.01389500 0.12855800
v -0.01828700 0.00972900 0.12855800
v -0.02008200 0.00499500 0.12855800
v -0.02069200 -0.00003000 0.11855800
v -0.02008200 -0.00505600 0.11855800
v -0.01828700 -0.00978900 0.11855800
v -0.01541100 -0.01395600 0.11855800
v -0.01162100 -0.01731300 0.11855800
v -0.00713900 -0.01966500 0.11855800
v -0.00222300 -0.02087700 0.11855800
v 0.00283900 -0.02087700 0.11855800
v 0.00775500 -0.01966500 0.11855800
v 0.01223700 -0.01731300 0.11855800
v 0.01602700 -0.01395600 0.11855800
v 0.01890200 -0.00978900 0.11855800
v 0.02069800 -0.00505600 0.11855800
v 0.02130800 -0.00003000 0.11855800
v 0.02069800 0.00499500 0.11855800
v 0.01890200 0.00972900 0.11855800
v 0.01602700 0.01389500 0.11855800
v 0.01223700 0.01725300 0.11855800
v 0.00775500 0.01960500 0.11855800
v 0.00283900 0.02081700 0.11855800
v -0.00222300 0.02081700 0.11855800
v -0.00713900 0.01960500 0.11855800
v -0.01162100 0.01725300 0.11855800
v -0.01541100 0.01389500 0.11855800
v -0.01828700 0.00972900 0.11855800
v -0.02008200 0.00499500 0.11855800
v -0.02008200 -0.00505600 0.12855800
v -0.01828700 -0.00978900 0.12855800
v -0.01541100 -0.01395600 0.12855800
v -0.01162100 -0.01731300 0.12855800
v -0.00713900 -0.01966500 0.12855800
v -0.00222300 -0.02087700 0.12855800
v 0.00283900 -0.02087700 0.12855800
v 0.00775500 -0.01966500 0.12855800
v 0.01223700 -0.01731300 0.12855800
v 0.01602700 -0.01395600 0.12855800
v 0.01890200 -0.00978900 0.12855800
v 0.02069800 -0.00505600 0.12855800
v -0.02008200 -0.00505600 0.11855800
v -0.01828700 -0.00978900 0.11855800
v -0.01541100 -0.01395600 0.11855800
v -0.01162100 -0.01731300 0.11855800
v -0.00713900 -0.01966500 0.11855800
v -0.00222300 -0.02087700 0.11855800
v 0.00283900 -0.02087700 0.11855800
v 0.00775500 -0.01966500 0.11855800
v 0.01223700 -0.01731300 0.11855800
v 0.01602700 -0.01395600 0.11855800
v 0.01890200 -0.00978900 0.11855800
v 0.02069800 -0.00505600 0.11855800
f 682 680 681
f 696 679 680
f 696 680 682
f 695 679 696
f 678 679 695
f 694 678 695
f 677 678 694
f 693 677 694
f 676 677 693
f 692 676 693
f 675 676 692
f 691 675 692
f 674 675 691
f 690 674 691
f 673 674 690
f 689 673 690
f 672 673 689
f 688 672 689
f 687 671 672
f 687 672 688
f 686 670 671
f 686 671 687
f 685 669 670
f 685 670 686
f 684 668 669
f 684 669 685
f 683 667 668
f 683 668 684
f 700 712 699
f 700 713 712
f 701 714 713
f 701 713 700
f 702 715 714
f 702 714 701
f 703 716 715
f 703 717 716
f 703 715 702
f 704 717 703
f 705 718 717
f 705 717 704
f 706 719 718
f 706 718 705
f 707 720 719
f 707 719 706
f 708 721 720
f 708 720 707
f 709 722 721
f 709 721 708
f 710 723 722
f 710 722 709
f 711 724 723
f 711 723 710
f 698 697 724
f 698 724 711
f 728 740 727
f 728 741 740
f 729 742 741
f 729 741 728
f 730 743 742
f 730 742 729
f 731 744 743
f 731 743 730
f 732 745 744
f 732 744 731
f 733 746 745
f 733 745 732
f 734 747 746
f 734 748 747
f 734 746 733
f 735 748 734
f 736 749 748
f 736 748 735
f 737 750 749
f 737 749 736
f 738 751 750
f 738 750 737
f 739 752 751
f 739 725 752
f 739 751 738
f 726 725 739
f 774 775 781
f 773 781 780
f 773 774 781
f 772 780 779
f 772 773 780
f 771 779 778
f 771 772 779
f 770 778 777
f 770 771 778
f 769 777 776
f 769 770 777
f 768 776 760
f 768 769 776
f 767 760 759
f 767 768 760
f 766 759 758
f 766 767 759
f 765 758 757
f 765 766 758
f 764 757 756
f 764 765 757
f 763 756 755
f 763 764 756
f 762 755 754
f 762 763 755
f 761 754 753
f 761 762 754
f 810 796 795
f 810 811 796
f 809 795 794
f 809 810 795
f 808 794 793
f 808 809 794
f 807 793 792
f 807 808 793
f 806 792 791
f 806 807 792
f 805 791 790
f 805 806 791
f 804 790 789
f 804 805 790
f 803 789 788
f 803 804 789
f 802 788 787
f 802 803 788
f 801 787 786
f 801 802 787
f 800 786 785
f 800 801 786
f 799 785 784
f 799 800 785
f 798 784 783
f 798 799 784
f 797 783 782
f 797 798 783
f 822 818 817
f 822 819 818
f 822 821 819
f 823 817 816
f 823 822 817
f 824 816 815
f 824 823 816
f 825 815 814
f 825 824 815
f 826 814 813
f 826 825 814
f 827 813 812
f 827 826 813
f 820 827 812
f 842 820 812
f 842 812 840
f 843 840 839
f 843 842 840
f 844 839 838
f 844 843 839
f 845 838 837
f 845 844 838
f 846 837 836
f 846 845 837
f 847 836 835
f 847 846 836
f 848 835 834
f 848 847 835
f 849 834 833
f 849 848 834
f 850 833 832
f 850 849 833
f 851 832 831
f 851 850 832
f 852 831 830
f 852 851 831
f 853 830 829
f 853 852 830
f 841 829 828
f 841 853 829
f 841 828 860
f 862 860 859
f 862 841 860
f 863 859 858
f 863 862 859
f 864 858 857
f 864 863 858
f 865 857 856
f 865 864 857
f 866 856 855
f 866 865 856
f 867 855 854
f 867 866 855
f 861 867 854
f 924 890 891
f 923 889 890
f 923 890 924
f 925 891 892
f 925 924 891
f 922 888 889
f 922 889 923
f 926 892 893
f 926 925 892
f 921 887 888
f 921 888 922
f 901 893 894
f 901 926 893
f 920 885 886
f 920 886 887
f 920 887 921
f 902 894 895
f 902 901 894
f 919 885 920
f 884 885 919
f 903 895 896
f 903 902 895
f 918 884 919
f 904 903 896
f 897 904 896
f 883 884 918
f 917 883 918
f 905 904 897
f 882 883 917
f 916 882 917
f 898 905 897
f 906 905 898
f 881 882 916
f 899 906 898
f 880 881 916
f 880 916 915
f 900 906 899
f 900 907 906
f 868 908 907
f 868 907 900
f 869 868 900
f 879 915 914
f 879 880 915
f 870 908 868
f 878 914 913
f 878 879 914
f 872 870 871
f 872 909 908
f 872 908 870
f 877 913 912
f 877 878 913
f 873 910 909
f 873 909 872
f 876 912 911
f 876 877 912
f 874 910 873
f 875 911 910
f 875 876 911
f 875 910 874
f 982 983 928
f 942 928 927
f 980 981 982
f 971 972 973
f 943 930 929
f 945 931 930
f 945 946 931
f 945 930 943
f 944 945 943
f 953 954 952
f 984 976 977
f 984 977 978
f 985 939 938
f 985 986 939
f 987 974 975
f 988 938 937
f 988 985 938
f 989 966 967
f 989 967 968
f 990 966 989
f 990 964 965
f 990 965 966
f 991 934 933
f 992 964 990
f 992 963 964
f 993 991 933
f 994 963 992
f 994 995 996
f 994 961 962
f 994 962 963
f 994 992 995
f 997 947 948
f 998 959 960
f 998 960 961
f 998 961 994
f 999 959 998
f 999 958 959
f 1000 956 957
f 1000 957 958
f 1000 958 999
f 1001 949 950
f 1001 950 1002
f 1003 955 956
f 1003 956 1000
f 1004 954 955
f 1005 942 941
f 1005 982 928
f 1005 928 942
f 1005 980 982
f 1006 941 940
f 1006 979 980
f 1006 1005 941
f 1006 980 1005
f 1007 978 979
f 1007 1006 940
f 1007 979 1006
f 1008 978 1007
f 1008 940 939
f 1008 984 978
f 1008 1007 940
f 1009 1008 939
f 1009 984 1008
f 1009 939 986
f 1009 986 984
f 1010 976 984
f 1010 975 976
f 1010 984 986
f 1011 1010 986
f 1011 987 975
f 1011 975 1010
f 1012 1011 986
f 1012 986 985
f 1013 987 1011
f 1013 1014 987
f 1013 1011 1012
f 1015 1013 1012
f 1015 1014 1013
f 1015 1012 985
f 1016 985 988
f 1016 1015 985
f 1017 1015 1016
f 1018 1014 1015
f 1018 1015 1017
f 1018 1019 1014
f 1020 973 974
f 1021 970 1020
f 1021 1020 974
f 1021 974 987
f 1022 971 973
f 1022 1020 970
f 1022 973 1020
f 1022 970 971
f 1023 988 937
f 1023 1017 1016
f 1023 1018 1017
f 1023 1019 1018
f 1023 1016 988
f 1024 937 936
f 1024 1025 1019
f 1024 1019 1023
f 1024 1023 937
f 1024 995 1025
f 1024 936 995
f 1026 970 1021
f 1026 1021 987
f 1026 969 970
f 1026 987 1014
f 1027 989 968
f 1027 968 969
f 1027 969 1026
f 1027 1026 1014
f 1027 1014 1019
f 1028 989 1027
f 1028 1027 1019
f 1029 990 989
f 1029 1019 1025
f 1029 989 1028
f 1029 1028 1019
f 1030 1029 1025
f 1030 1025 995
f 1030 990 1029
f 1030 992 990
f 1030 995 992
f 1031 936 935
f 1031 996 995
f 1031 1032 996
f 1031 995 936
f 1033 935 934
f 1033 1034 1035
f 1033 1035 1032
f 1033 1032 1031
f 1033 1031 935
f 1036 1037 1034
f 1036 1033 934
f 1036 934 991
f 1036 1034 1033
f 1038 933 932
f 1038 993 933
f 1038 997 993
f 1039 1037 1036
f 1039 1036 991
f 1040 1002 1037
f 1040 1039 991
f 1040 991 993
f 1040 1037 1039
f 1041 1000 999
f 1041 1032 1035
f 1041 996 1032
f 1041 998 994
f 1041 999 998
f 1041 994 996
f 1042 1038 932
f 1042 997 1038
f 1042 947 997
f 1043 932 931
f 1043 946 947
f 1043 931 946
f 1043 1042 932
f 1043 947 1042
f 1044 1034 1037
f 1044 1035 1034
f 1044 1041 1035
f 1045 1041 1044
f 1045 1000 1041
f 1046 948 949
f 1046 997 948
f 1046 1002 1040
f 1046 1040 993
f 1046 949 1001
f 1046 1001 1002
f 1046 993 997
f 1047 1045 1044
f 1048 1037 1002
f 1048 1044 1037
f 1049 1047 1044
f 1049 1044 1048
f 1050 1045 1047
f 1050 1047 1049
f 1050 1003 1000
f 1050 1000 1045
f 1051 1049 1048
f 1052 1051 1048
f 1052 950 951
f 1052 1002 950
f 1052 1048 1002
f 1053 1049 1051
f 1053 1050 1049
f 1053 1003 1050
f 1053 1051 1052
f 1053 955 1003
f 1053 1004 955
f 1054 1052 951
f 1054 1004 1053
f 1054 951 952
f 1054 954 1004
f 1054 952 954
f 1054 1053 1052
f 1063 1059 1058
f 1063 1058 1062
f 1064 1060 1059
f 1064 1059 1063
f 1056 1055 1061
f 1065 1061 1060
f 1065 1056 1061
f 1065 1060 1064
f 1057 1056 1065
f 1067 1071 1070
f 1067 1070 1066
f 1068 1072 1071
f 1068 1071 1067
f 1069 1073 1072
f 1069 1072 1068
f 1062 1058 1073
f 1062 1073 1069
f 1075 1079 1078
f 1075 1078 1074
f 1076 1080 1079
f 1076 1079 1075
f 1077 1081 1080
f 1077 1080 1076
f 1066 1070 1081
f 1066 1081 1077
f 1085 1082 983
f 1089 1083 1082
f 1089 1082 1085
f 1086 1085 1084
f 1086 1089 1085
f 1087 1090 1089
f 1087 1089 1086
f 1088 1091 1090
f 1088 1090 1087
f 1074 1078 1091
f 1074 1091 1088
f 1107 1108 1109
f 1114 1105 1106
f 1115 1109 1110
f 1115 1110 1111
f 1115 1111 1084
f 1115 1084 980
f 1115 1107 1109
f 1116 1107 1115
f 1116 1115 980
f 1117 1116 980
f 1118 1117 980
f 1119 980 979
f 1119 1118 980
f 1120 1106 1107
f 1120 1116 1117
f 1120 1107 1116
f 1121 1117 1118
f 1121 1120 1117
f 1121 1114 1106
f 1121 1106 1120
f 1122 1114 1121
f 1122 1121 1118
f 1122 1119 979
f 1122 1118 1119
f 1123 979 978
f 1123 1122 979
f 1124 1123 978
f 1125 1105 1114
f 1125 1114 1122
f 1125 1122 1123
f 1125 1123 1124
f 1126 1125 1124
f 1127 1104 1105
f 1127 1105 1125
f 1127 1125 1126
f 1128 978 977
f 1128 1124 978
f 1128 1126 1124
f 1129 1127 1126
f 1129 1126 1128
f 1130 1129 1128
f 1131 1127 1129
f 1131 1103 1104
f 1131 1104 1127
f 1131 1129 1130
f 1132 1128 977
f 1132 1130 1128
f 1133 1131 1130
f 1133 1130 1132
f 1134 1133 1132
f 1135 1134 1132
f 1136 1134 1135
f 1137 1103 1131
f 1137 1102 1103
f 1137 1133 1134
f 1137 1134 1136
f 1137 1131 1133
f 1138 1137 1136
f 1138 1136 1135
f 1139 1113 1112
f 1139 975 1113
f 1140 1092 1093
f 1140 1112 1092
f 1140 1139 1112
f 1140 1141 1139
f 1140 1142 1141
f 1143 1093 1094
f 1143 1094 1095
f 1143 1095 1144
f 1143 1140 1093
f 1143 1144 1142
f 1143 1142 1140
f 1145 1095 1096
f 1145 1101 1102
f 1145 1144 1095
f 1145 1137 1138
f 1145 1138 1144
f 1145 1102 1137
f 1146 1132 977
f 1146 1135 1132
f 1146 976 975
f 1146 977 976
f 1147 1138 1135
f 1147 1144 1138
f 1147 1135 1146
f 1147 1146 975
f 1148 1147 975
f 1148 1144 1147
f 1149 975 1139
f 1149 1148 975
f 1149 1139 1141
f 1149 1142 1144
f 1149 1141 1142
f 1149 1144 1148
f 1150 1096 1097
f 1150 1145 1096
f 1150 1097 1098
f 1151 1098 1099
f 1151 1099 1100
f 1151 1100 1101
f 1151 1101 1145
f 1151 1145 1150
f 1151 1150 1098
f 1161 1159 1160
f 1174 1163 1164
f 1175 1152 1057
f 1175 1057 1157
f 1175 1157 1158
f 1175 1158 1159
f 1175 1159 1161
f 1176 1152 1175
f 1177 1152 1176
f 1178 1161 1162
f 1178 1177 1176
f 1178 1175 1161
f 1178 1176 1175
f 1179 1152 1177
f 1180 946 1152
f 1180 1152 1179
f 1180 1179 1174
f 1181 1162 1163
f 1181 1178 1162
f 1181 1177 1178
f 1181 1163 1174
f 1181 1179 1177
f 1181 1174 1179
f 1182 1180 1174
f 1182 946 1180
f 1183 1182 1174
f 1183 1174 1164
f 1184 1183 1164
f 1184 1182 1183
f 1185 1153 946
f 1185 1182 1184
f 1185 946 1182
f 1186 1185 1184
f 1186 1153 1185
f 1187 1164 1165
f 1187 1184 1164
f 1187 1186 1184
f 1188 948 1153
f 1188 1153 1186
f 1189 1186 1187
f 1189 1188 1186
f 1190 1188 1189
f 1191 948 1188
f 1191 1188 1190
f 1192 1189 1187
f 1192 1190 1189
f 1192 1187 1165
f 1193 1191 1190
f 1193 1190 1192
f 1194 1191 1193
f 1195 1154 950
f 1196 1155 1154
f 1196 1154 1195
f 1197 1196 1195
f 1198 1197 1195
f 1199 1156 1155
f 1199 1155 1196
f 1199 1173 1156
f 1199 1196 1197
f 1200 1197 1198
f 1200 1199 1197
f 1201 1171 1172
f 1201 1172 1173
f 1201 1173 1199
f 1201 1199 1200
f 1202 1167 1168
f 1202 1168 1100
f 1202 1100 1099
f 1202 1099 1169
f 1202 1169 1170
f 1202 1170 1203
f 1204 949 948
f 1204 1191 1194
f 1204 1194 1205
f 1204 948 1191
f 1206 1192 1165
f 1206 1194 1193
f 1206 1193 1192
f 1207 949 1204
f 1207 1204 1205
f 1208 950 949
f 1208 949 1207
f 1208 1195 950
f 1208 1198 1195
f 1208 1207 1205
f 1209 1206 1165
f 1209 1165 1166
f 1210 1194 1206
f 1210 1205 1194
f 1210 1166 1167
f 1210 1203 1205
f 1210 1167 1202
f 1210 1202 1203
f 1210 1206 1209
f 1210 1209 1166
f 1211 1170 1171
f 1211 1205 1203
f 1211 1171 1201
f 1211 1200 1198
f 1211 1201 1200
f 1211 1203 1170
f 1211 1208 1205
f 1211 1198 1208
f 1065 1157 1057
f 1222 1160 1159
f 1223 1158 1157
f 1223 1159 1158
f 1223 1157 1065
f 1223 1222 1159
f 1224 1223 1065
f 1225 1065 1064
f 1225 1224 1065
f 1226 1224 1225
f 1227 1221 1222
f 1227 1224 1226
f 1227 1222 1223
f 1227 1223 1224
f 1228 1227 1226
f 1228 1226 1225
f 1228 1221 1227
f 1228 1225 1064
f 1229 1220 1221
f 1229 1221 1228
f 1230 1220 1229
f 1230 1228 1064
f 1230 1229 1228
f 1231 1064 1063
f 1231 1230 1064
f 1232 1230 1231
f 1232 1220 1230
f 1232 1231 1063
f 1233 1219 1220
f 1233 1220 1232
f 1234 1232 1063
f 1234 1219 1233
f 1234 1233 1232
f 1235 1063 1062
f 1235 1234 1063
f 1236 1235 1062
f 1236 1219 1234
f 1236 1234 1235
f 1237 1062 1069
f 1238 1218 1219
f 1238 1219 1236
f 1239 1062 1237
f 1239 1218 1238
f 1239 1236 1062
f 1239 1238 1236
f 1240 1237 1069
f 1240 1239 1237
f 1240 1218 1239
f 1241 1069 1068
f 1241 1240 1069
f 1242 1240 1241
f 1243 1242 1217
f 1243 1240 1242
f 1243 1217 1218
f 1243 1218 1240
f 1244 1217 1242
f 1244 1242 1241
f 1244 1241 1068
f 1245 1068 1067
f 1246 1068 1245
f 1246 1244 1068
f 1247 1217 1244
f 1247 1244 1246
f 1247 1216 1217
f 1247 1246 1216
f 1248 1246 1245
f 1248 1216 1246
f 1248 1245 1067
f 1249 1067 1066
f 1249 1066 1212
f 1249 1212 1213
f 1249 1248 1067
f 1250 1213 1214
f 1250 1214 1215
f 1250 1215 1216
f 1250 1216 1248
f 1250 1249 1213
f 1250 1248 1249
f 1077 1212 1066
f 1257 1215 1214
f 1111 1086 1084
f 1258 1213 1212
f 1258 1214 1213
f 1258 1212 1077
f 1258 1257 1214
f 1259 1258 1077
f 1260 1077 1076
f 1260 1259 1077
f 1261 1259 1260
f 1262 1256 1257
f 1262 1258 1259
f 1262 1257 1258
f 1262 1259 1261
f 1263 1256 1262
f 1263 1262 1261
f 1263 1260 1076
f 1263 1261 1260
f 1264 1263 1076
f 1265 1076 1075
f 1265 1264 1076
f 1266 1255 1256
f 1266 1263 1264
f 1266 1264 1255
f 1266 1256 1263
f 1267 1264 1265
f 1267 1255 1264
f 1267 1265 1075
f 1268 1267 1075
f 1269 1254 1255
f 1269 1255 1267
f 1269 1268 1254
f 1269 1267 1268
f 1270 1075 1074
f 1270 1268 1075
f 1271 1254 1268
f 1271 1270 1074
f 1271 1268 1270
f 1272 1074 1088
f 1273 1253 1254
f 1273 1254 1271
f 1274 1271 1074
f 1274 1253 1273
f 1274 1074 1272
f 1274 1273 1271
f 1275 1272 1088
f 1275 1253 1274
f 1275 1274 1272
f 1276 1088 1087
f 1276 1275 1088
f 1277 1275 1276
f 1278 1252 1253
f 1278 1277 1252
f 1278 1275 1277
f 1278 1253 1275
f 1279 1277 1276
f 1279 1252 1277
f 1279 1276 1087
f 1280 1087 1086
f 1281 1279 1087
f 1281 1087 1280
f 1282 1251 1252
f 1282 1252 1279
f 1282 1281 1251
f 1282 1279 1281
f 1283 1251 1281
f 1283 1280 1086
f 1283 1281 1280
f 1284 1111 1110
f 1284 1086 1111
f 1284 1283 1086
f 1285 1108 1251
f 1285 1251 1283
f 1285 1283 1284
f 1285 1109 1108
f 1285 1110 1109
f 1285 1284 1110
f 1297 1298 1299
f 1098 1301 1099
f 1307 1295 1296
f 1307 1296 1297
f 1307 1297 1299
f 1308 1307 1299
f 1308 1299 1300
f 1309 1294 1295
f 1310 1300 1301
f 1310 1301 1098
f 1311 1308 1300
f 1311 1300 1310
f 1312 1309 1313
f 1314 1097 1096
f 1314 1098 1097
f 1314 1310 1098
f 1314 1311 1310
f 1315 1309 1312
f 1316 1309 1315
f 1317 1315 1312
f 1317 1316 1315
f 1317 1312 1313
f 1318 1319 1320
f 1321 1322 1323
f 1321 1320 1322
f 1321 1092 1306
f 1324 781 775
f 1324 775 1319
f 1325 1324 1319
f 1325 1319 1318
f 1326 1321 1306
f 1326 1325 1318
f 1326 1306 1305
f 1326 1318 1320
f 1326 1320 1321
f 1327 1324 1325
f 1328 780 781
f 1328 781 1324
f 1329 1324 1327
f 1329 1328 1324
f 1330 1327 1325
f 1330 1329 1327
f 1330 1325 1326
f 1330 1305 969
f 1330 1326 1305
f 1331 1328 1329
f 1332 780 1328
f 1332 779 780
f 1333 1332 1328
f 1333 1328 1331
f 1334 1329 1330
f 1334 969 1304
f 1334 1331 1329
f 1334 1330 969
f 1334 1333 1331
f 1335 1332 1333
f 1336 779 1332
f 1337 1332 1335
f 1337 1336 1332
f 1338 1304 1303
f 1338 1334 1304
f 1338 1333 1334
f 1338 1335 1333
f 1338 1337 1335
f 1339 1336 1337
f 1340 760 776
f 1340 776 777
f 1340 777 1341
f 1342 1336 1339
f 1343 1338 1303
f 1343 1337 1338
f 1343 1339 1337
f 1344 1340 1341
f 1344 1341 1345
f 1346 1344 1345
f 1347 1291 760
f 1347 1340 1344
f 1347 760 1340
f 1347 1344 1346
f 1348 1347 1346
f 1348 1290 1291
f 1348 1291 1347
f 1349 965 964
f 1350 1287 1288
f 1351 1352 1349
f 1351 1353 1352
f 1354 1349 964
f 1354 1351 1349
f 1355 1350 1353
f 1355 1353 1351
f 1356 1286 1287
f 1356 1287 1350
f 1356 1350 1355
f 1357 1286 1356
f 1357 1351 1354
f 1357 1354 964
f 1357 1355 1351
f 1357 1356 1355
f 1357 964 1286
f 1358 1295 1307
f 1358 1308 1311
f 1358 1307 1308
f 1358 1309 1295
f 1358 1313 1309
f 1359 1358 1311
f 1359 1313 1358
f 1359 1317 1313
f 1360 1293 1294
f 1360 1361 1323
f 1360 1309 1316
f 1360 1316 1361
f 1360 1294 1309
f 1362 1311 1314
f 1363 1359 1311
f 1363 1311 1362
f 1364 1360 1323
f 1364 1293 1360
f 1365 1323 1322
f 1365 1320 1319
f 1365 1322 1320
f 1365 1364 1323
f 1365 1293 1364
f 1366 1317 1359
f 1366 1095 1094
f 1366 1096 1095
f 1366 1359 1363
f 1366 1362 1314
f 1366 1363 1362
f 1366 1094 1317
f 1366 1314 1096
f 1367 775 1292
f 1367 1292 1293
f 1367 1365 1319
f 1367 1293 1365
f 1367 1319 775
f 1368 1321 1323
f 1368 1323 1361
f 1368 1361 1316
f 1368 1316 1317
f 1369 1321 1368
f 1369 1368 1317
f 1370 1093 1092
f 1370 1094 1093
f 1370 1092 1321
f 1370 1317 1094
f 1370 1321 1369
f 1370 1369 1317
f 1371 777 778
f 1371 778 779
f 1371 779 1336
f 1371 1341 777
f 1372 1371 1336
f 1373 1372 1336
f 1374 1345 1341
f 1374 1341 1371
f 1374 1371 1372
f 1374 1372 1373
f 1375 1342 1376
f 1375 1373 1336
f 1375 1374 1373
f 1375 1336 1342
f 1377 1345 1374
f 1377 1374 1375
f 1377 1348 1346
f 1377 1346 1345
f 1378 1342 1339
f 1378 1339 1343
f 1379 1375 1376
f 1379 1377 1375
f 1380 1376 1342
f 1380 1342 1378
f 1381 1380 1378
f 1382 1378 1343
f 1382 1381 1378
f 1383 1289 1290
f 1383 1290 1348
f 1383 1348 1377
f 1383 1377 1379
f 1384 1383 1379
f 1384 1379 1376
f 1384 1289 1383
f 1385 1382 1343
f 1385 1343 1303
f 1385 965 1349
f 1385 1302 965
f 1385 1303 1302
f 1386 1382 1385
f 1386 1380 1381
f 1386 1349 1352
f 1386 1352 1380
f 1386 1385 1349
f 1386 1381 1382
f 1387 1384 1376
f 1387 1380 1352
f 1387 1353 1350
f 1387 1352 1353
f 1387 1376 1380
f 1388 1288 1289
f 1388 1289 1384
f 1388 1387 1350
f 1388 1384 1387
f 1388 1350 1288
f 1394 1299 1393
f 1400 1300 1299
f 1400 1299 1394
f 1401 1400 1394
f 1401 1394 1395
f 1402 1300 1400
f 1402 1400 1401
f 1403 1169 1099
f 1403 1301 1300
f 1403 1099 1301
f 1404 1396 1397
f 1405 1403 1300
f 1405 1300 1402
f 1406 1407 1404
f 1408 1170 1169
f 1408 1169 1403
f 1408 1403 1405
f 1409 1406 1404
f 1410 1172 1171
f 1410 1407 1406
f 1410 1406 1409
f 1411 1409 1404
f 1412 1389 1156
f 1412 1413 1414
f 1412 1415 1413
f 1416 1414 1417
f 1418 753 754
f 1418 1417 753
f 1419 1416 1417
f 1419 1417 1418
f 1420 1390 1389
f 1420 1414 1416
f 1420 1416 1419
f 1420 1412 1414
f 1420 1389 1412
f 1421 1419 1418
f 1422 754 755
f 1422 1418 754
f 1423 1421 1418
f 1423 1418 1422
f 1424 956 1390
f 1424 1420 1419
f 1424 1419 1421
f 1424 1390 1420
f 1424 1421 1423
f 1425 1423 1422
f 1426 755 756
f 1426 1422 755
f 1427 1425 1422
f 1427 1422 1426
f 1428 957 956
f 1428 956 1424
f 1428 1423 1425
f 1428 1424 1423
f 1428 1425 1427
f 1429 1427 1426
f 1430 1429 1426
f 1430 1426 1431
f 1432 957 1428
f 1432 958 957
f 1432 1427 1429
f 1432 1428 1427
f 1433 758 759
f 1434 1430 1431
f 1435 1433 759
f 1435 759 760
f 1435 1436 1433
f 1437 1434 1431
f 1438 1429 1430
f 1438 959 958
f 1438 1432 1429
f 1438 958 1432
f 1438 1430 1434
f 1439 1436 1435
f 1439 1440 1436
f 1441 1291 1290
f 1441 760 1291
f 1441 1435 760
f 1441 1439 1435
f 1442 1440 1439
f 1442 1441 1290
f 1442 1439 1441
f 1443 1437 1444
f 1443 959 1438
f 1443 1434 1437
f 1443 1438 1434
f 1445 1288 1287
f 1446 1392 1391
f 1447 1448 1445
f 1447 1449 1448
f 1450 1287 1286
f 1450 1445 1287
f 1450 1447 1445
f 1451 1286 1392
f 1451 1392 1446
f 1451 1446 1449
f 1451 1449 1447
f 1451 1447 1450
f 1451 1450 1286
f 1452 1401 1395
f 1452 1402 1401
f 1453 1396 1404
f 1453 1395 1396
f 1453 1452 1395
f 1454 1407 1402
f 1454 1404 1407
f 1454 1402 1452
f 1454 1453 1404
f 1454 1452 1453
f 1455 1402 1407
f 1455 1171 1170
f 1455 1170 1408
f 1455 1408 1405
f 1455 1410 1171
f 1455 1405 1402
f 1455 1407 1410
f 1456 1397 1398
f 1456 1404 1397
f 1456 1415 1457
f 1456 1457 1411
f 1456 1411 1404
f 1458 1414 1413
f 1458 1417 1414
f 1458 1413 1415
f 1458 1415 1456
f 1458 1456 1398
f 1459 1458 1398
f 1459 1398 1399
f 1459 1399 753
f 1459 1417 1458
f 1459 753 1417
f 1460 1410 1409
f 1460 1457 1415
f 1460 1411 1457
f 1460 1415 1412
f 1460 1409 1411
f 1461 1410 1460
f 1461 1460 1412
f 1462 1173 1172
f 1462 1156 1173
f 1462 1172 1410
f 1462 1410 1461
f 1462 1461 1412
f 1462 1412 1156
f 1463 756 757
f 1463 1426 756
f 1463 1431 1426
f 1464 757 758
f 1464 758 1433
f 1464 1433 1436
f 1464 1463 757
f 1464 1436 1440
f 1465 1464 1440
f 1465 1431 1463
f 1465 1463 1464
f 1466 1444 1437
f 1466 1431 1465
f 1466 1437 1431
f 1466 1467 1444
f 1468 1465 1440
f 1468 1466 1465
f 1468 1467 1466
f 1469 1290 1289
f 1469 1440 1442
f 1469 1442 1290
f 1469 1468 1440
f 1469 1467 1468
f 1470 1469 1289
f 1470 1467 1469
f 1471 1467 1448
f 1471 1448 1449
f 1471 1444 1467
f 1471 1443 1444
f 1472 960 959
f 1472 1391 960
f 1472 1446 1391
f 1472 1449 1446
f 1472 959 1443
f 1472 1471 1449
f 1472 1443 1471
f 1473 1289 1288
f 1473 1448 1467
f 1473 1445 1448
f 1473 1288 1445
f 1473 1470 1289
f 1473 1467 1470
f 761 753 1399
f 1487 1399 1398
f 1487 761 1399
f 1486 1398 1397
f 1486 1487 1398
f 1485 1397 1396
f 1485 1486 1397
f 1484 1396 1395
f 1484 1485 1396
f 1483 1395 1475
f 1483 1484 1395
f 1482 1475 1474
f 1482 1483 1475
f 1481 1474 1297
f 1481 1482 1474
f 1480 1297 1296
f 1480 1481 1297
f 1479 1296 1295
f 1479 1480 1296
f 1478 1295 1294
f 1478 1479 1295
f 1477 1294 1293
f 1477 1478 1294
f 1476 1293 1292
f 1476 1477 1293
f 774 1292 775
f 774 1476 1292
f 1536 1498 1497
f 1536 1537 1498
f 1499 1498 1537
f 1538 1499 1537
f 1535 1497 1496
f 1535 1536 1497
f 1539 1500 1499
f 1539 1499 1538
f 1534 1496 1495
f 1534 1535 1496
f 1514 1501 1500
f 1514 1500 1539
f 1533 1495 1494
f 1533 1534 1495
f 1515 1502 1501
f 1515 1501 1514
f 1532 1494 1493
f 1532 1533 1494
f 1516 1503 1502
f 1516 1502 1515
f 1531 1493 1492
f 1531 1532 1493
f 1517 1504 1503
f 1517 1503 1516
f 1530 1531 1492
f 1491 1530 1492
f 1518 1504 1517
f 1505 1504 1518
f 1490 1530 1491
f 1490 1529 1530
f 1519 1505 1518
f 1506 1505 1519
f 1489 1529 1490
f 1489 1528 1529
f 1520 1506 1519
f 1507 1506 1520
f 1527 1528 1489
f 1488 1527 1489
f 1521 1507 1520
f 1508 1507 1521
f 1526 1527 1488
f 1513 1526 1488
f 1522 1508 1521
f 1509 1508 1522
f 1525 1526 1513
f 1512 1525 1513
f 1510 1509 1522
f 1510 1522 1523
f 1511 1510 1523
f 1511 1523 1524
f 1511 1524 1525
f 1511 1525 1512
f 1581 1566 1567
f 1580 1566 1581
f 1582 1567 1568
f 1582 1581 1567
f 1565 1566 1580
f 1579 1565 1580
f 1569 1582 1568
f 1583 1582 1569
f 1564 1565 1579
f 1578 1564 1579
f 1570 1583 1569
f 1540 1583 1570
f 1563 1564 1578
f 1541 1583 1540
f 1577 1563 1578
f 1562 1563 1577
f 1584 1541 1542
f 1584 1542 1543
f 1544 1584 1543
f 1576 1562 1577
f 1561 1562 1576
f 1585 1544 1545
f 1585 1584 1544
f 1575 1561 1576
f 1546 1585 1545
f 1560 1561 1575
f 1586 1585 1546
f 1574 1560 1575
f 1547 1586 1546
f 1587 1586 1547
f 1573 1559 1574
f 1548 1587 1547
f 1588 1587 1548
f 1572 1558 1573
f 1549 1588 1548
f 1589 1588 1549
f 1571 1557 1572
f 1550 1589 1549
f 1590 1589 1550
f 1595 1556 1571
f 1551 1590 1550
f 1591 1590 1551
f 1594 1555 1595
f 1552 1591 1551
f 1592 1591 1552
f 1593 1554 1594
f 1553 1593 1592
f 1553 1592 1552
f 1553 1554 1593
f 1554 1555 1594
f 1555 1556 1595
f 1556 1557 1571
f 1557 1558 1572
f 1558 1559 1573
f 1559 1560 1574
f 1596 1597 1598
f 1596 1598 1599
f 1613 1614 1615
f 1629 1613 1615
f 1628 1612 1613
f 1628 1613 1629
f 1627 1611 1612
f 1627 1612 1628
f 1626 1610 1611
f 1626 1611 1627
f 1625 1609 1610
f 1625 1610 1626
f 1624 1608 1609
f 1624 1609 1625
f 1623 1607 1608
f 1623 1608 1624
f 1622 1606 1607
f 1622 1607 1623
f 1621 1606 1622
f 1605 1606 1621
f 1620 1605 1621
f 1604 1605 1620
f 1619 1604 1620
f 1618 1603 1604
f 1618 1604 1619
f 1617 1602 1603
f 1617 1603 1618
f 1616 1602 1617
f 1601 1602 1616
f 1600 1601 1616
f 1630 1632 1633
f 1630 1633 1631
f 1650 1648 1649
f 1663 1647 1648
f 1663 1648 1650
f 1662 1646 1647
f 1662 1647 1663
f 1645 1646 1662
f 1661 1645 1662
f 1644 1645 1661
f 1660 1644 1661
f 1643 1644 1660
f 1659 1643 1660
f 1658 1642 1643
f 1658 1643 1659
f 1657 1641 1642
f 1657 1642 1658
f 1656 1640 1641
f 1656 1641 1657
f 1655 1639 1640
f 1655 1640 1656
f 1654 1638 1639
f 1654 1639 1655
f 1653 1637 1638
f 1653 1638 1654
f 1652 1636 1637
f 1652 1637 1653
f 1651 1636 1652
f 1634 1636 1651
f 1635 1634 1651
f 1666 1667 1668
f 1669 1666 1668
f 1665 1666 1669
f 1664 1665 1669
f 1675 1672 1673
f 1675 1673 1674
f 1670 1671 1672
f 1670 1672 1675
f 1692 1690 1691
f 1706 1689 1690
f 1706 1690 1692
f 1705 1688 1689
f 1705 1689 1706
f 1704 1687 1688
f 1704 1688 1705
f 1703 1687 1704
f 1686 1687 1703
f 1702 1686 1703
f 1685 1686 1702
f 1701 1685 1702
f 1684 1685 1701
f 1700 1684 1701
f 1683 1684 1700
f 1699 1683 1700
f 1682 1683 1699
f 1698 1682 1699
f 1681 1682 1698
f 1697 1681 1698
f 1680 1681 1697
f 1696 1680 1697
f 1695 1679 1680
f 1695 1680 1696
f 1694 1678 1679
f 1694 1679 1695
f 1693 1678 1694
f 1677 1678 1693
f 1676 1677 1693
f 1710 1711 1712
f 1714 1710 1712
f 1709 1710 1714
f 1713 1709 1714
f 1708 1709 1713
f 1707 1708 1713
f 1722 1720 1721
f 1726 1720 1722
f 1725 1719 1720
f 1725 1720 1726
f 1724 1718 1719
f 1724 1719 1725
f 1723 1717 1718
f 1723 1718 1724
f 1716 1717 1723
f 1715 1716 1723
f 1730 1728 1729
f 1727 1728 1730
f 1756 797 782
f 1756 782 1743
f 1755 1743 1742
f 1755 1756 1743
f 1754 1742 1741
f 1754 1755 1742
f 1753 1741 1740
f 1753 1754 1741
f 1752 1740 1739
f 1752 1753 1740
f 1751 1739 1738
f 1751 1752 1739
f 1750 1738 1737
f 1750 1751 1738
f 1749 1737 1736
f 1749 1750 1737
f 1748 1736 1735
f 1748 1749 1736
f 1734 1748 1735
f 1747 1748 1734
f 1733 1747 1734
f 1746 1747 1733
f 1732 1746 1733
f 1745 1746 1732
f 1731 1745 1732
f 1744 1745 1731
f 796 1744 1731
f 811 1744 796
f 1757 1758 1759
f 1757 1759 1760
f 1766 1767 1772
f 1765 1766 1772
f 1764 1772 1771
f 1764 1765 1772
f 1763 1771 1770
f 1763 1764 1771
f 1762 1770 1769
f 1762 1763 1770
f 1761 1769 1768
f 1761 1762 1769
f 1667 1773 1774
f 1667 1774 1668
f 1776 1727 1775
f 1776 1728 1727
f 1777 1778 1779
f 1777 1779 1780
f 1784 1782 1783
f 1781 1782 1784
f 1798 1799 1800
f 1798 1800 1815
f 1797 1815 1814
f 1797 1798 1815
f 1796 1814 1813
f 1796 1797 1814
f 1795 1813 1812
f 1795 1796 1813
f 1794 1812 1811
f 1794 1795 1812
f 1793 1811 1810
f 1793 1794 1811
f 1809 1793 1810
f 1792 1793 1809
f 1808 1792 1809
f 1791 1792 1808
f 1807 1791 1808
f 1790 1791 1807
f 1806 1790 1807
f 1789 1790 1806
f 1805 1789 1806
f 1788 1805 1804
f 1788 1789 1805
f 1787 1788 1804
f 1803 1787 1804
f 1786 1787 1803
f 1802 1786 1803
f 1785 1802 1801
f 1785 1786 1802
f 1819 1817 1818
f 1816 1817 1819
f 1824 1825 1826
f 1824 1826 1831
f 1823 1831 1830
f 1823 1824 1831
f 1822 1829 1828
f 1822 1830 1829
f 1822 1823 1830
f 1821 1822 1828
f 1827 1821 1828
f 1820 1821 1827
f 1861 1845 1846
f 1861 1846 1847
f 1860 1844 1845
f 1860 1845 1861
f 1859 1843 1844
f 1859 1844 1860
f 1858 1842 1843
f 1858 1843 1859
f 1857 1841 1842
f 1857 1842 1858
f 1856 1840 1841
f 1856 1841 1857
f 1855 1839 1840
f 1855 1840 1856
f 1854 1838 1839
f 1854 1839 1855
f 1853 1837 1838
f 1853 1838 1854
f 1852 1837 1853
f 1836 1837 1852
f 1851 1835 1836
f 1851 1836 1852
f 1850 1835 1851
f 1834 1835 1850
f 1849 1834 1850
f 1848 1834 1849
f 1833 1834 1848
f 1832 1833 1848
f 1863 1864 1865
f 1862 1863 1865
f 1895 1880 1881
f 1895 1881 1882
f 1894 1878 1879
f 1894 1879 1880
f 1894 1880 1895
f 1893 1877 1878
f 1893 1878 1894
f 1892 1877 1893
f 1876 1877 1892
f 1891 1876 1892
f 1875 1876 1891
f 1890 1875 1891
f 1874 1875 1890
f 1889 1874 1890
f 1873 1874 1889
f 1888 1873 1889
f 1872 1873 1888
f 1887 1872 1888
f 1871 1872 1887
f 1886 1870 1871
f 1886 1871 1887
f 1885 1869 1870
f 1885 1870 1886
f 1884 1868 1869
f 1884 1869 1885
f 1883 1868 1884
f 1867 1868 1883
f 1866 1867 1883
f 1898 1899 1897
f 1896 1898 1897
f 1900 1901 1902
f 1900 1902 1903
f 1913 1907 1906
f 1913 1906 1910
f 1912 1908 1907
f 1912 1907 1913
f 1911 1909 1908
f 1911 1908 1912
f 1904 1905 1909
f 1904 1909 1911
f 1921 1917 1918
f 1921 1918 1919
f 1920 1916 1917
f 1920 1917 1921
f 1914 1915 1916
f 1914 1916 1920
f 1953 1937 1938
f 1953 1938 1939
f 1952 1936 1937
f 1952 1937 1953
f 1951 1935 1936
f 1951 1936 1952
f 1934 1935 1951
f 1950 1934 1951
f 1933 1934 1950
f 1949 1933 1950
f 1932 1933 1949
f 1948 1932 1949
f 1931 1932 1948
f 1947 1931 1948
f 1930 1931 1947
f 1946 1930 1947
f 1929 1930 1946
f 1945 1929 1946
f 1928 1929 1945
f 1944 1928 1945
f 1927 1928 1944
f 1943 1926 1927
f 1943 1927 1944
f 1942 1926 1943
f 1925 1926 1942
f 1941 1925 1942
f 1924 1925 1941
f 1940 1924 1941
f 1923 1924 1940
f 1922 1923 1940
f 1959 1956 1957
f 1959 1957 1958
f 1954 1955 1956
f 1954 1956 1959
f 1965 1962 1963
f 1965 1963 1964
f 1960 1961 1962
f 1960 1962 1965
f 683 1980 667
f 1993 1979 1980
f 1993 1980 683
f 1992 1979 1993
f 1978 1979 1992
f 1991 1978 1992
f 1977 1978 1991
f 1990 1977 1991
f 1976 1977 1990
f 1989 1976 1990
f 1975 1976 1989
f 1988 1975 1989
f 1974 1975 1988
f 1987 1974 1988
f 1973 1974 1987
f 1986 1973 1987
f 1972 1973 1986
f 1985 1972 1986
f 1971 1972 1985
f 1984 1971 1985
f 1970 1971 1984
f 1983 1970 1984
f 1969 1970 1983
f 1982 1969 1983
f 1968 1969 1982
f 1981 1968 1982
f 1966 1968 1981
f 1967 1966 1981
f 2023 2007 2008
f 2023 2008 2009
f 2022 2006 2007
f 2022 2007 2023
f 2021 2006 2022
f 2005 2006 2021
f 2020 2005 2021
f 2004 2005 2020
f 2019 2004 2020
f 2003 2004 2019
f 2018 2003 2019
f 2017 2002 2003
f 2017 2003 2018
f 2016 2001 2002
f 2016 2002 2017
f 2015 2000 2001
f 2015 2001 2016
f 2014 1999 2000
f 2014 2000 2015
f 2013 1998 1999
f 2013 1999 2014
f 2012 1997 1998
f 2012 1998 2013
f 2011 1996 1997
f 2011 1997 2012
f 2010 1996 2011
f 1995 1996 2010
f 1994 1995 2010
f 2025 2026 2027
f 2024 2025 2027
f 2028 2030 2031
f 2028 2031 2029
f 1903 1902 2032
f 1903 2032 2033
f 2034 2035 2036
f 2034 2036 2037
f 2042 2047 2048
f 2042 2048 2049
f 2042 2049 2043
f 2041 2046 2047
f 2041 2047 2042
f 2040 2045 2046
f 2040 2046 2041
f 2039 2045 2040
f 2044 2045 2039
f 2038 2044 2039
f 2050 2051 2052
f 2050 2052 2053
f 2065 2058 2059
f 2065 2059 2060
f 2065 2060 2061
f 2064 2057 2058
f 2064 2058 2065
f 2063 2056 2057
f 2063 2057 2064
f 2062 2056 2063
f 2055 2056 2062
f 2054 2055 2062
f 2066 2068 2069
f 2067 2066 2069
f 2070 725 726
f 2070 2082 725
f 2071 2083 2082
f 2071 2082 2070
f 2072 2084 2083
f 2072 2083 2071
f 2073 2085 2084
f 2073 2084 2072
f 2074 2086 2085
f 2074 2085 2073
f 2075 2087 2086
f 2075 2086 2074
f 2076 2088 2087
f 2076 2087 2075
f 2077 2089 2088
f 2077 2088 2076
f 2078 2090 2089
f 2078 2089 2077
f 2079 2091 2090
f 2079 2090 2078
f 2080 2092 2091
f 2080 2091 2079
f 2081 2093 2092
f 2081 2092 2080
f 727 740 2093
f 727 2093 2081
f 2118 2116 2117
f 2094 2118 2119
f 2095 2118 2094
f 2112 2113 2114
f 2097 2095 2096
f 2097 2116 2118
f 2097 2118 2095
f 2098 2116 2097
f 2109 2110 2111
f 2099 2115 2116
f 2099 2116 2098
f 2108 2111 2112
f 2108 2109 2111
f 2100 2114 2115
f 2100 2115 2099
f 2101 2114 2100
f 2106 2107 2108
f 2102 2112 2114
f 2102 2114 2101
f 2105 2106 2108
f 2103 2112 2102
f 2104 2108 2112
f 2104 2105 2108
f 2104 2112 2103
f 2120 2122 2121
f 2120 2123 2122
f 2127 2126 2125
f 2128 2125 2124
f 2128 2127 2125
f 2132 2129 2130
f 2132 2131 2129
f 2134 2135 2133
f 2134 2136 2135
f 2140 2137 2138
f 2140 2139 2137
f 2141 2144 2143
f 2142 2141 2143
f 2149 2147 2148
f 2145 2146 2149
f 2146 2147 2149
f 2196 2166 2167
f 2197 2167 2168
f 2197 2196 2167
f 2195 2165 2166
f 2195 2166 2196
f 2198 2168 2169
f 2198 2197 2168
f 2194 2164 2165
f 2194 2165 2195
f 2199 2169 2170
f 2199 2198 2169
f 2193 2163 2164
f 2193 2164 2194
f 2200 2170 2171
f 2200 2199 2170
f 2192 2162 2163
f 2192 2163 2193
f 2201 2171 2172
f 2201 2200 2171
f 2191 2162 2192
f 2161 2162 2191
f 2202 2201 2172
f 2173 2202 2172
f 2190 2161 2191
f 2203 2202 2173
f 2160 2161 2190
f 2174 2203 2173
f 2189 2160 2190
f 2204 2203 2174
f 2159 2160 2189
f 2159 2189 2188
f 2175 2204 2174
f 2176 2204 2175
f 2176 2205 2204
f 2158 2159 2188
f 2158 2188 2187
f 2178 2205 2176
f 2178 2180 2205
f 2177 2178 2176
f 2157 2158 2187
f 2157 2187 2186
f 2179 2181 2180
f 2179 2180 2178
f 2156 2157 2186
f 2156 2186 2185
f 2151 2179 2150
f 2151 2182 2181
f 2151 2181 2179
f 2155 2185 2184
f 2155 2156 2185
f 2152 2182 2151
f 2154 2184 2183
f 2154 2155 2184
f 2153 2183 2182
f 2153 2154 2183
f 2153 2182 2152
f 2221 2222 2223
f 2219 2220 2221
f 2226 2223 2224
f 2226 2224 2225
f 2218 2219 2221
f 2217 2221 2223
f 2217 2218 2221
f 2216 2226 2227
f 2216 2223 2226
f 2216 2217 2223
f 2215 2216 2227
f 2231 2227 2228
f 2231 2228 2229
f 2231 2229 2230
f 2212 2213 2214
f 2211 2214 2215
f 2211 2212 2214
f 2208 2206 2207
f 2208 2231 2206
f 2209 2210 2211
f 2209 2215 2227
f 2209 2227 2231
f 2209 2211 2215
f 2209 2231 2208
f 2232 697 698
f 2232 2244 697
f 2233 2245 2244
f 2233 2246 2245
f 2233 2244 2232
f 2234 2246 2233
f 2235 2247 2246
f 2235 2248 2247
f 2235 2246 2234
f 2236 2248 2235
f 2237 2249 2248
f 2237 2248 2236
f 2238 2250 2249
f 2238 2249 2237
f 2239 2251 2250
f 2239 2250 2238
f 2240 2252 2251
f 2240 2253 2252
f 2240 2251 2239
f 2241 2253 2240
f 2242 2254 2253
f 2242 2255 2254
f 2242 2253 2241
f 2243 2255 2242
f 699 712 2255
f 699 2255 2243

