# https://github.com/mikedh/trimesh
mtllib material.mtl

o black_rubber
usemtl material_0
v 0.02810800 -0.00004600 0.11202400
v 0.02728900 -0.00679500 0.11202400
v 0.02487800 -0.01315100 0.11202400
v 0.02101600 -0.01874600 0.11202400
v 0.01592700 -0.02325400 0.11202400
v 0.00990800 -0.02641300 0.11202400
v 0.00330700 -0.02804000 0.11202400
v -0.00349100 -0.02804000 0.11202400
v -0.01009200 -0.02641300 0.11202400
v -0.01611100 -0.02325400 0.11202400
v -0.02120000 -0.01874600 0.11202400
v -0.02506200 -0.01315100 0.11202400
v -0.02747300 -0.00679500 0.11202400
v -0.02829200 -0.00004600 0.11202400
v -0.02829200 -0.00004600 0.10502400
v 0.02810800 -0.00004600 0.10502400
v 0.02728900 -0.00679500 0.10502400
v 0.02487800 -0.01315100 0.10502400
v 0.02101600 -0.01874600 0.10502400
v 0.01592700 -0.02325400 0.10502400
v 0.00990800 -0.02641300 0.10502400
v 0.00330700 -0.02804000 0.10502400
v -0.00349100 -0.02804000 0.10502400
v -0.01009200 -0.02641300 0.10502400
v -0.01611100 -0.02325400 0.10502400
v -0.02120000 -0.01874600 0.10502400
v -0.02506200 -0.01315100 0.10502400
v -0.02747300 -0.00679500 0.10502400
v -0.02747300 0.00670300 0.11202400
v -0.02506200 0.01305900 0.11202400
v -0.02120000 0.01865400 0.11202400
v -0.01611100 0.02316200 0.11202400
v -0.01009200 0.02632200 0.11202400
v -0.00349100 0.02794800 0.11202400
v 0.00330700 0.02794800 0.11202400
v 0.00990800 0.02632200 0.11202400
v 0.01592700 0.02316200 0.11202400
v 0.02101600 0.01865400 0.11202400
v 0.02487800 0.01305900 0.11202400
v 0.02728900 0.00670300 0.11202400
v -0.02747300 0.00670300 0.10502400
v -0.02506200 0.01305900 0.10502400
v -0.02120000 0.01865400 0.10502400
v -0.01611100 0.02316200 0.10502400
v -0.01009200 0.02632200 0.10502400
v -0.00349100 0.02794800 0.10502400
v 0.00330700 0.02794800 0.10502400
v 0.00990800 0.02632200 0.10502400
v 0.01592700 0.02316200 0.10502400
v 0.02101600 0.01865400 0.10502400
v 0.02487800 0.01305900 0.10502400
v 0.02728900 0.00670300 0.10502400
v -0.00009200 0.03207800 -0.02497600
v -0.00009700 0.03485400 -0.02110200
v -0.00010100 0.03691300 -0.01657800
v -0.00010300 0.03878500 -0.01012300
v -0.00010400 0.03964800 -0.00497200
v -0.00010400 0.03995400 0.00002400
v -0.00010400 0.03995400 0.00002400
v 0.00135500 0.03992900 0.00002400
v 0.00135700 0.03992900 0.00001700
v 0.00097900 0.03993900 -0.00037500
v 0.00084300 0.03993900 -0.00059900
v 0.00079100 0.03993700 -0.00077800
v 0.00077000 0.03993200 -0.00099100
v 0.00077000 0.03987700 -0.00228400
v 0.00077000 0.03978300 -0.00357500
v 0.00076700 0.03949000 -0.00614600
v 0.00096700 0.03939700 -0.00675700
v 0.00111400 0.03935800 -0.00698400
v 0.00127900 0.03933000 -0.00713500
v 0.00151400 0.03930200 -0.00726200
v 0.00176900 0.03928200 -0.00733300
v 0.00203600 0.03926800 -0.00734900
v 0.00229800 0.03926200 -0.00730900
v 0.00255200 0.03926400 -0.00721200
v 0.00277300 0.03927400 -0.00706600
v 0.00293400 0.03929000 -0.00689300
v 0.00303800 0.03931100 -0.00671100
v 0.00313500 0.03934500 -0.00643400
v 0.00320300 0.03938200 -0.00614100
v 0.00320800 0.03963400 -0.00395500
v 0.00321000 0.03978300 -0.00176000
v 0.00477600 0.03966200 -0.00086900
v 0.00633400 0.03947300 0.00002400
v 0.01522700 0.03739800 0.00002400
v 0.02190000 0.03439400 0.00002400
v 0.02349500 0.03331800 0.00002400
v 0.02492300 0.03209400 0.00002400
v 0.00552100 0.03207800 -0.02433800
v 0.01119700 0.03207800 -0.02228200
v 0.01591500 0.03207800 -0.01917900
v 0.01950300 0.03207800 -0.01550100
v 0.02223600 0.03207800 -0.01122100
v 0.02400600 0.03207800 -0.00663100
v 0.02469200 0.03207800 -0.00325800
v 0.00596100 0.03904600 -0.00654900
v 0.00636400 0.03892200 -0.00702100
v 0.00658000 0.03886900 -0.00717100
v 0.00678400 0.03882800 -0.00724600
v 0.00704200 0.03878600 -0.00727200
v 0.00729800 0.03875100 -0.00724000
v 0.00754500 0.03872500 -0.00715400
v 0.00776700 0.03870900 -0.00701800
v 0.00796000 0.03870400 -0.00683500
v 0.00810600 0.03871000 -0.00661900
v 0.00818600 0.03872600 -0.00641000
v 0.00821500 0.03874900 -0.00620100
v 0.00819900 0.03879000 -0.00591200
v 0.00814900 0.03883400 -0.00562300
v 0.00705500 0.03926600 -0.00295600
v 0.00664200 0.03935800 -0.00247400
v 0.00642700 0.03939700 -0.00232400
v 0.00621600 0.03943100 -0.00224700
v 0.00606400 0.03945300 -0.00222500
v 0.00580000 0.03948800 -0.00223500
v 0.00555000 0.03951700 -0.00230000
v 0.00531700 0.03954000 -0.00241800
v 0.00511300 0.03955500 -0.00258300
v 0.00494700 0.03956100 -0.00278900
v 0.00483800 0.03955800 -0.00302000
v 0.00479400 0.03954600 -0.00324700
v 0.00480400 0.03952200 -0.00354600
v 0.00486000 0.03948700 -0.00388000
v 0.01695600 0.03289800 -0.01702100
v 0.01004700 0.03770200 -0.01012300
v 0.00385100 0.03958300 -0.00393100
v 0.00510900 0.03357300 -0.02256500
v 0.00856000 0.03445300 -0.02003700
v 0.00452300 0.03596600 -0.01833800
v 0.00728800 0.03543400 -0.01863000
v 0.01291300 0.03424500 -0.01796900
v 0.01627400 0.03362400 -0.01634100
v 0.01331500 0.03597100 -0.01338600
v 0.00645200 0.03646100 -0.01652200
v 0.01791800 0.03425200 -0.01296900
v 0.00559900 0.03732400 -0.01437200
v 0.00805000 0.03690900 -0.01451100
v 0.02023900 0.03430200 -0.00873200
v 0.02289600 0.03331800 -0.00525000
v 0.00441000 0.03828700 -0.01137300
v 0.01897900 0.03522700 -0.00752700
v 0.00581900 0.03859300 -0.00929700
v 0.01406700 0.03707700 -0.00791800
v 0.01817400 0.03603800 -0.00457400
v 0.01586700 0.03673200 -0.00629600
v 0.01369800 0.03755500 -0.00543800
v 0.01211600 0.03816400 -0.00373600
v 0.01205400 0.03819200 -0.00358700
v 0.01125100 0.03847900 -0.00217500
v -0.02507700 0.03206200 0.00002400
v -0.02076200 0.03505700 0.00002400
v -0.01572900 0.03722600 0.00002400
v -0.01119300 0.03854400 0.00002400
v -0.00660200 0.03943500 0.00002400
v -0.00504600 0.03963400 -0.00086900
v -0.00348000 0.03976300 -0.00176000
v -0.00347700 0.03961400 -0.00395500
v -0.00347000 0.03936200 -0.00614100
v -0.00326700 0.03928900 -0.00675400
v -0.00312000 0.03926500 -0.00698100
v -0.00295300 0.03925200 -0.00713200
v -0.00271800 0.03924700 -0.00725900
v -0.00246200 0.03925000 -0.00733200
v -0.00219500 0.03926100 -0.00734900
v -0.00193300 0.03927900 -0.00731000
v -0.00167800 0.03930500 -0.00721300
v -0.00145900 0.03933600 -0.00706800
v -0.00135300 0.03935500 -0.00696300
v -0.00124300 0.03938300 -0.00680500
v -0.00112400 0.03943000 -0.00651200
v -0.00103600 0.03948500 -0.00614600
v -0.00104000 0.03977800 -0.00357500
v -0.00104000 0.03987200 -0.00228400
v -0.00104100 0.03992700 -0.00099100
v -0.00119400 0.03993200 -0.00047100
v -0.00132300 0.03993100 -0.00024100
v -0.00138700 0.03992900 -0.00016600
v -0.00145100 0.03992700 -0.00010800
v -0.00162800 0.03992000 0.00001700
v -0.00162600 0.03992000 0.00002400
v -0.00010400 0.03995400 0.00002400
v -0.02439000 0.03207800 -0.00586000
v -0.02242600 0.03207800 -0.01121000
v -0.01954300 0.03207800 -0.01568100
v -0.01573200 0.03207800 -0.01947900
v -0.01125300 0.03207800 -0.02234600
v -0.00644100 0.03207800 -0.02415700
v -0.00322300 0.03207800 -0.02477900
v -0.00622600 0.03901100 -0.00654900
v -0.00512900 0.03945800 -0.00388000
v -0.00508000 0.03951500 -0.00324900
v -0.00512700 0.03952900 -0.00298500
v -0.00522100 0.03953100 -0.00278000
v -0.00538500 0.03952400 -0.00257800
v -0.00558800 0.03950800 -0.00241600
v -0.00582300 0.03948400 -0.00229900
v -0.00607300 0.03945300 -0.00223500
v -0.00633600 0.03941700 -0.00222600
v -0.00658900 0.03937800 -0.00227500
v -0.00679200 0.03934200 -0.00236700
v -0.00696000 0.03931000 -0.00249400
v -0.00715300 0.03926700 -0.00271300
v -0.00732200 0.03922400 -0.00295600
v -0.00841300 0.03878700 -0.00562300
v -0.00845800 0.03869800 -0.00625200
v -0.00841000 0.03867100 -0.00651200
v -0.00831600 0.03865900 -0.00671300
v -0.00815100 0.03865900 -0.00691600
v -0.00794700 0.03867000 -0.00707800
v -0.00771300 0.03869100 -0.00719400
v -0.00746200 0.03872200 -0.00725900
v -0.00719900 0.03876200 -0.00726800
v -0.00694700 0.03880800 -0.00721900
v -0.00674500 0.03885200 -0.00712700
v -0.00658000 0.03889500 -0.00700200
v -0.00640900 0.03894800 -0.00680900
v -0.01713300 0.03282300 -0.01702100
v -0.01024500 0.03765700 -0.01012300
v -0.00405700 0.03956600 -0.00393100
v -0.02246300 0.03367200 -0.00510200
v -0.02001100 0.03448700 -0.00855000
v -0.01799900 0.03612600 -0.00448200
v -0.01852800 0.03549400 -0.00727400
v -0.01808300 0.03419000 -0.01294800
v -0.01645400 0.03355200 -0.01634100
v -0.01350500 0.03591200 -0.01338600
v -0.01619900 0.03660300 -0.00635100
v -0.01303900 0.03419600 -0.01799300
v -0.01403800 0.03744400 -0.00549500
v -0.01435000 0.03697800 -0.00796700
v -0.01243300 0.03808800 -0.00361800
v -0.00870800 0.03442100 -0.02004300
v -0.00523400 0.03356000 -0.02256500
v -0.01023900 0.03866700 -0.00297000
v -0.00748000 0.03540200 -0.01862800
v -0.00824700 0.03687300 -0.01450900
v -0.00664800 0.03643300 -0.01652100
v -0.00471900 0.03594500 -0.01833700
v -0.00579800 0.03729900 -0.01437100
v -0.00615200 0.03856800 -0.00921000
v -0.00599700 0.03856400 -0.00933000
v -0.00461300 0.03826800 -0.01137200
v -0.00010300 0.03915400 0.00854000
v -0.00009800 0.03716300 0.01681700
v -0.00009200 0.03460400 0.02502400
v 0.02492300 0.03209400 0.00002400
v 0.02415700 0.03218400 0.00619200
v 0.02208300 0.03270300 0.01159300
v 0.01887400 0.03360200 0.01631400
v 0.01451200 0.03444900 0.02031600
v 0.00994400 0.03478200 0.02292100
v 0.00537300 0.03474000 0.02442800
v 0.00268300 0.03465500 0.02487600
v 0.00696900 0.03937600 0.00038400
v 0.00730100 0.03932000 0.00073700
v 0.00742500 0.03929600 0.00094100
v 0.00745500 0.03929000 0.00102200
v 0.00747200 0.03928500 0.00109300
v 0.00749200 0.03927700 0.00129000
v 0.00747500 0.03901900 0.00534000
v 0.00733200 0.03899100 0.00581200
v 0.00721500 0.03898500 0.00602500
v 0.00716000 0.03898500 0.00609200
v 0.00710600 0.03898700 0.00614300
v 0.00694400 0.03899700 0.00626200
v 0.00259400 0.03904000 0.00879800
v 0.00196700 0.03904400 0.00893600
v 0.00169700 0.03905500 0.00892600
v 0.00148200 0.03907400 0.00886100
v 0.00125700 0.03910500 0.00872700
v 0.00106800 0.03914200 0.00854700
v 0.00092000 0.03918300 0.00833000
v 0.00082300 0.03922600 0.00808900
v 0.00077800 0.03927100 0.00782800
v 0.00079300 0.03931300 0.00756900
v 0.00086000 0.03934700 0.00734500
v 0.00096400 0.03937300 0.00716500
v 0.00115400 0.03940200 0.00694300
v 0.00137100 0.03942600 0.00673900
v 0.00505900 0.03942300 0.00453900
v 0.00506600 0.03959100 0.00212000
v 0.00318400 0.03970200 0.00332300
v 0.00314800 0.03968400 0.00360100
v 0.00304600 0.03966900 0.00387000
v 0.00289000 0.03966000 0.00410500
v 0.00268400 0.03965600 0.00429600
v 0.00243400 0.03965800 0.00443300
v 0.00216000 0.03966500 0.00451000
v 0.00187900 0.03967800 0.00452100
v 0.00160300 0.03969500 0.00446400
v 0.00134500 0.03971600 0.00434300
v 0.00112400 0.03974000 0.00416900
v 0.00095100 0.03976400 0.00394700
v 0.00083400 0.03978900 0.00368800
v 0.00079100 0.03980500 0.00350500
v 0.00077700 0.03982000 0.00331600
v 0.00081300 0.03983900 0.00303700
v 0.00091400 0.03985500 0.00277300
v 0.00107200 0.03986500 0.00254000
v 0.00128100 0.03986900 0.00234800
v 0.00152800 0.03986700 0.00221200
v 0.00180000 0.03985900 0.00213600
v 0.00208300 0.03984600 0.00212500
v 0.00235800 0.03982800 0.00218100
v 0.00261200 0.03980600 0.00230100
v 0.00283400 0.03978200 0.00247700
v 0.00301100 0.03975600 0.00269800
v 0.00312800 0.03973200 0.00295300
v 0.00317100 0.03971600 0.00313500
v 0.02067200 0.03505600 0.00211500
v 0.02003600 0.03534000 0.00315100
v 0.02084900 0.03465700 0.00601500
v 0.01901200 0.03562400 0.00590900
v 0.01523900 0.03712200 0.00588100
v 0.01521300 0.03680100 0.00875100
v 0.01652200 0.03592000 0.01137400
v 0.01515100 0.03680700 0.00885700
v 0.01262300 0.03767900 0.00784200
v 0.01349100 0.03694200 0.01122400
v 0.01346400 0.03694400 0.01125700
v 0.01343700 0.03694700 0.01128200
v 0.01335800 0.03695800 0.01134000
v 0.01145900 0.03772700 0.00951800
v 0.01142300 0.03772900 0.00955700
v 0.01135100 0.03773600 0.00961300
v 0.01382000 0.03623800 0.01435800
v 0.01108400 0.03711500 0.01334900
v 0.00897200 0.03721400 0.01458000
v 0.00700900 0.03897000 -0.00293600
v 0.00660400 0.03906100 -0.00246200
v 0.00639200 0.03910000 -0.00231200
v 0.00618600 0.03913300 -0.00223500
v 0.00603900 0.03915500 -0.00221100
v 0.00577500 0.03919000 -0.00221800
v 0.00551700 0.03922000 -0.00228300
v 0.00527600 0.03924300 -0.00240500
v 0.00506800 0.03925800 -0.00257500
v 0.00490600 0.03926400 -0.00278300
v 0.00480700 0.03926100 -0.00299200
v 0.00476400 0.03925100 -0.00318900
v 0.00477000 0.03922500 -0.00351400
v 0.00482800 0.03919000 -0.00385400
v 0.00809700 0.03854100 -0.00558700
v 0.00592200 0.03875100 -0.00650700
v 0.00632700 0.03862800 -0.00697900
v 0.00653400 0.03857600 -0.00712400
v 0.00673200 0.03853600 -0.00719800
v 0.00698200 0.03849500 -0.00722600
v 0.00724400 0.03845900 -0.00719600
v 0.00749800 0.03843200 -0.00710900
v 0.00772600 0.03841600 -0.00696900
v 0.00792000 0.03841200 -0.00678100
v 0.00806200 0.03841800 -0.00656400
v 0.00811900 0.03842800 -0.00642500
v 0.00815800 0.03844600 -0.00624300
v 0.00815300 0.03849000 -0.00591800
v -0.00775900 0.03923300 0.00129000
v -0.00761800 0.03926700 0.00082300
v -0.00750200 0.03928900 0.00061300
v -0.00744800 0.03929900 0.00054800
v -0.00739600 0.03930800 0.00049800
v -0.00723600 0.03933500 0.00038400
v -0.00009200 0.03460400 0.02502400
v -0.00601600 0.03475300 0.02432000
v -0.01158500 0.03472700 0.02222700
v -0.01601200 0.03425300 0.01929900
v -0.01941400 0.03351000 0.01589300
v -0.02202400 0.03277300 0.01204600
v -0.02389000 0.03227900 0.00775100
v -0.02478100 0.03211000 0.00405500
v -0.00009800 0.03716300 0.01681700
v -0.00533500 0.03956100 0.00212100
v -0.00532700 0.03939300 0.00454000
v -0.00163800 0.03941700 0.00673900
v -0.00121500 0.03935900 0.00721800
v -0.00109300 0.03932500 0.00745700
v -0.00104500 0.03929100 0.00767500
v -0.00105400 0.03924800 0.00793500
v -0.00112000 0.03920300 0.00818700
v -0.00123800 0.03916000 0.00842000
v -0.00140300 0.03912000 0.00862100
v -0.00161200 0.03908300 0.00878700
v -0.00184700 0.03905400 0.00890100
v -0.00206800 0.03903700 0.00895000
v -0.00228300 0.03902700 0.00894800
v -0.00257400 0.03902400 0.00889000
v -0.00285900 0.03902500 0.00879900
v -0.00720800 0.03895700 0.00626300
v -0.00754600 0.03894700 0.00590200
v -0.00767100 0.03895000 0.00569300
v -0.00770200 0.03895400 0.00561200
v -0.00772000 0.03895900 0.00554000
v -0.00774100 0.03897600 0.00534000
v -0.00104700 0.03981400 0.00332500
v -0.00108200 0.03979100 0.00360300
v -0.00118200 0.03976600 0.00387200
v -0.00133700 0.03974000 0.00410700
v -0.00154200 0.03971500 0.00429700
v -0.00179000 0.03969200 0.00443400
v -0.00206400 0.03967100 0.00451000
v -0.00234500 0.03965500 0.00452100
v -0.00262100 0.03964500 0.00446400
v -0.00288000 0.03964000 0.00434300
v -0.00310200 0.03964000 0.00416800
v -0.00327600 0.03964700 0.00394600
v -0.00339400 0.03965900 0.00368700
v -0.00343800 0.03967000 0.00350400
v -0.00345200 0.03968300 0.00331400
v -0.00341900 0.03970500 0.00303600
v -0.00331900 0.03973000 0.00277000
v -0.00316300 0.03975600 0.00253800
v -0.00295600 0.03978200 0.00234600
v -0.00271000 0.03980600 0.00221100
v -0.00243800 0.03982700 0.00213600
v -0.00215500 0.03984300 0.00212500
v -0.00188000 0.03985500 0.00218200
v -0.00162500 0.03986000 0.00230200
v -0.00140200 0.03985900 0.00247800
v -0.00122400 0.03985200 0.00270000
v -0.00110500 0.03983900 0.00295500
v -0.00106000 0.03982700 0.00313800
v -0.02011900 0.03525600 0.00394000
v -0.02086000 0.03458400 0.00668100
v -0.01919500 0.03552000 0.00613200
v -0.01547800 0.03702900 0.00598900
v -0.01532400 0.03674000 0.00891100
v -0.01676500 0.03583400 0.01133100
v -0.01525900 0.03674700 0.00901400
v -0.01280900 0.03761800 0.00790700
v -0.01391400 0.03686500 0.01094300
v -0.01175700 0.03767300 0.00938600
v -0.01374600 0.03688300 0.01112100
v -0.01458600 0.03610800 0.01386600
v -0.01198400 0.03701700 0.01283000
v 0.00318100 0.03908500 -0.00610000
v 0.00318500 0.03933600 -0.00392700
v 0.00318700 0.03948500 -0.00174700
v 0.00076200 0.03919300 -0.00610500
v 0.00096100 0.03910000 -0.00671300
v 0.00110100 0.03906300 -0.00693200
v 0.00126000 0.03903600 -0.00708000
v 0.00148700 0.03900800 -0.00720700
v 0.00174700 0.03898700 -0.00728300
v 0.00202100 0.03897200 -0.00730000
v 0.00229000 0.03896600 -0.00725900
v 0.00254800 0.03896800 -0.00715800
v 0.00276600 0.03897900 -0.00701000
v 0.00287200 0.03898900 -0.00690200
v 0.00297900 0.03900600 -0.00674600
v 0.00310200 0.03904300 -0.00643500
v 0.00076400 0.03963200 -0.00098300
v 0.00076400 0.03957800 -0.00226700
v 0.00076400 0.03948400 -0.00354900
v 0.00134600 0.03962900 0.00001700
v 0.00096100 0.03963900 -0.00038400
v 0.00083300 0.03963900 -0.00060300
v 0.00078200 0.03963700 -0.00078400
v 0.00134400 0.03962900 0.00002400
v 0.00629200 0.03917600 0.00002400
v 0.00474300 0.03936500 -0.00086300
v -0.00836000 0.03849400 -0.00558700
v -0.00840500 0.03840600 -0.00620800
v -0.00835900 0.03837900 -0.00646400
v -0.00826900 0.03836700 -0.00666200
v -0.00811200 0.03836600 -0.00686100
v -0.00790500 0.03837700 -0.00702900
v -0.00766500 0.03839900 -0.00714900
v -0.00740700 0.03843100 -0.00721300
v -0.00713800 0.03847200 -0.00722000
v -0.00688900 0.03851800 -0.00716900
v -0.00668800 0.03856200 -0.00707400
v -0.00653400 0.03860300 -0.00695300
v -0.00635200 0.03865900 -0.00674500
v -0.00618600 0.03871700 -0.00650700
v -0.00727400 0.03892900 -0.00293600
v -0.00509400 0.03916100 -0.00385400
v -0.00504600 0.03921800 -0.00322300
v -0.00509100 0.03923100 -0.00296900
v -0.00518100 0.03923400 -0.00276900
v -0.00533600 0.03922800 -0.00257200
v -0.00554300 0.03921100 -0.00240400
v -0.00578400 0.03918700 -0.00228400
v -0.00604100 0.03915500 -0.00222000
v -0.00630900 0.03911800 -0.00221300
v -0.00656300 0.03907800 -0.00226600
v -0.00676500 0.03904300 -0.00236200
v -0.00692100 0.03901200 -0.00248300
v -0.00710800 0.03897100 -0.00269800
v -0.00161500 0.03962000 0.00001700
v -0.00161400 0.03962000 0.00002400
v -0.00103300 0.03962700 -0.00098300
v -0.00119000 0.03963300 -0.00045400
v -0.00131800 0.03963100 -0.00023100
v -0.00145100 0.03962700 -0.00009700
v -0.00102900 0.03918800 -0.00610500
v -0.00103200 0.03947900 -0.00354900
v -0.00103300 0.03957200 -0.00226700
v -0.00344700 0.03906600 -0.00610000
v -0.00324900 0.03899400 -0.00670500
v -0.00310500 0.03897000 -0.00692800
v -0.00294300 0.03895700 -0.00707900
v -0.00271600 0.03895100 -0.00720600
v -0.00245500 0.03895400 -0.00728200
v -0.00218100 0.03896500 -0.00730100
v -0.00191100 0.03898400 -0.00725900
v -0.00165400 0.03901000 -0.00715900
v -0.00143900 0.03904100 -0.00701200
v -0.00128600 0.03907200 -0.00684300
v -0.00118800 0.03910200 -0.00666700
v -0.00109600 0.03914500 -0.00639700
v -0.00345500 0.03946500 -0.00174700
v -0.00345300 0.03931700 -0.00392800
v -0.00655800 0.03913900 0.00002400
v -0.00501100 0.03933600 -0.00086300
v 0.00316100 0.03940400 0.00330100
v 0.00312500 0.03938500 0.00357700
v 0.00302500 0.03937100 0.00384400
v 0.00287000 0.03936100 0.00407800
v 0.00266500 0.03935800 0.00426700
v 0.00241700 0.03936000 0.00440400
v 0.00214500 0.03936700 0.00448100
v 0.00186500 0.03938000 0.00449200
v 0.00159200 0.03939700 0.00443500
v 0.00133400 0.03941800 0.00431400
v 0.00111600 0.03944100 0.00414100
v 0.00094400 0.03946600 0.00392100
v 0.00082800 0.03949100 0.00366200
v 0.00078500 0.03950600 0.00348100
v 0.00077100 0.03952100 0.00329400
v 0.00080600 0.03954000 0.00301700
v 0.00090700 0.03955500 0.00275300
v 0.00106500 0.03956500 0.00252100
v 0.00127300 0.03956900 0.00233000
v 0.00152000 0.03956700 0.00219500
v 0.00179100 0.03955900 0.00212100
v 0.00207300 0.03954600 0.00211100
v 0.00234700 0.03952800 0.00216800
v 0.00260000 0.03950600 0.00229000
v 0.00281900 0.03948200 0.00246600
v 0.00299300 0.03945700 0.00268600
v 0.00310700 0.03943300 0.00293800
v 0.00314900 0.03941700 0.00311700
v 0.00742900 0.03872400 0.00531000
v 0.00728000 0.03869600 0.00579500
v 0.00716500 0.03869000 0.00599900
v 0.00704900 0.03869300 0.00612300
v 0.00690100 0.03870200 0.00622600
v 0.00744300 0.03898200 0.00128200
v 0.00692300 0.03908000 0.00038200
v 0.00726400 0.03902200 0.00074700
v 0.00738000 0.03899900 0.00094500
v 0.00742800 0.03898800 0.00110500
v 0.00503200 0.03929300 0.00210700
v 0.00502600 0.03912600 0.00451100
v 0.00136200 0.03912900 0.00669600
v 0.00257900 0.03874500 0.00874500
v 0.00195200 0.03874900 0.00888200
v 0.00169300 0.03876000 0.00887300
v 0.00148300 0.03877800 0.00881100
v 0.00126300 0.03880800 0.00868300
v 0.00106800 0.03884500 0.00850100
v 0.00091500 0.03888700 0.00827900
v 0.00081500 0.03893200 0.00803000
v 0.00077300 0.03897700 0.00776400
v 0.00079000 0.03901900 0.00750500
v 0.00085800 0.03905200 0.00729000
v 0.00095900 0.03907700 0.00711700
v 0.00114400 0.03910500 0.00690100
v -0.00769300 0.03868100 0.00531000
v -0.00770800 0.03893800 0.00128200
v -0.00716400 0.03866200 0.00622700
v -0.00751000 0.03865200 0.00585400
v -0.00762800 0.03865600 0.00565200
v -0.00767700 0.03866500 0.00549000
v -0.00284200 0.03873000 0.00874600
v -0.00162700 0.03912000 0.00669600
v -0.00120500 0.03906200 0.00717600
v -0.00108800 0.03902900 0.00740500
v -0.00104000 0.03899600 0.00761800
v -0.00103600 0.03897100 0.00776900
v -0.00107800 0.03892600 0.00803200
v -0.00117800 0.03888100 0.00827900
v -0.00133100 0.03883800 0.00850100
v -0.00153000 0.03880000 0.00868400
v -0.00176000 0.03876800 0.00881700
v -0.00190300 0.03875300 0.00886800
v -0.00205100 0.03874200 0.00889500
v -0.00219200 0.03873500 0.00890000
v -0.00251100 0.03872900 0.00884900
v -0.00529200 0.03909600 0.00451200
v -0.00529900 0.03926300 0.00210700
v -0.00718900 0.03903900 0.00038200
v -0.00756200 0.03897300 0.00080300
v -0.00744800 0.03899400 0.00060300
v -0.00733400 0.03901500 0.00048200
v -0.00103900 0.03951500 0.00330300
v -0.00107300 0.03949200 0.00357900
v -0.00117200 0.03946700 0.00384500
v -0.00132600 0.03944100 0.00407900
v -0.00153000 0.03941700 0.00426800
v -0.00177700 0.03939300 0.00440400
v -0.00204900 0.03937300 0.00448100
v -0.00232900 0.03935700 0.00449100
v -0.00260200 0.03934700 0.00443500
v -0.00286100 0.03934200 0.00431400
v -0.00308000 0.03934200 0.00414000
v -0.00325300 0.03934900 0.00392000
v -0.00337000 0.03936100 0.00366200
v -0.00341300 0.03937200 0.00348000
v -0.00342800 0.03938500 0.00329300
v -0.00339500 0.03940700 0.00301600
v -0.00329500 0.03943200 0.00275100
v -0.00313900 0.03945800 0.00251900
v -0.00293200 0.03948300 0.00232900
v -0.00268600 0.03950700 0.00219400
v -0.00241500 0.03952800 0.00212100
v -0.00213300 0.03954500 0.00211100
v -0.00185900 0.03955500 0.00216900
v -0.00160500 0.03956000 0.00229100
v -0.00138500 0.03955900 0.00246800
v -0.00121100 0.03955200 0.00268800
v -0.00109500 0.03953900 0.00293900
v -0.00105200 0.03952800 0.00311900
f 16 1 2
f 17 2 3
f 17 16 2
f 18 17 3
f 19 3 4
f 19 4 5
f 19 18 3
f 20 19 5
f 21 5 6
f 21 20 5
f 22 6 7
f 22 21 6
f 23 7 8
f 23 8 9
f 23 22 7
f 24 23 9
f 25 9 10
f 25 24 9
f 26 10 11
f 26 25 10
f 27 11 12
f 27 26 11
f 28 12 13
f 28 27 12
f 15 13 14
f 15 28 13
f 41 15 14
f 41 14 29
f 42 29 30
f 42 41 29
f 43 30 31
f 43 42 30
f 44 31 32
f 44 32 33
f 44 43 31
f 45 44 33
f 46 33 34
f 46 34 35
f 46 45 33
f 47 46 35
f 48 35 36
f 48 47 35
f 49 36 37
f 49 37 38
f 49 48 36
f 50 49 38
f 51 38 39
f 51 50 38
f 52 39 40
f 52 51 39
f 16 40 1
f 16 52 40
f 69 56 57
f 69 70 56
f 71 56 70
f 88 89 96
f 72 56 71
f 68 69 57
f 73 56 72
f 67 68 57
f 58 67 57
f 97 80 81
f 66 67 58
f 82 97 81
f 65 66 58
f 64 65 58
f 83 117 118
f 83 118 119
f 83 119 120
f 83 120 121
f 83 121 122
f 84 113 114
f 84 114 115
f 84 115 116
f 84 116 117
f 84 117 83
f 85 112 113
f 85 113 84
f 59 60 61
f 59 61 62
f 59 62 63
f 58 59 63
f 58 63 64
f 125 93 92
f 126 102 103
f 126 103 104
f 126 104 105
f 126 105 106
f 126 106 107
f 127 83 122
f 127 82 83
f 127 97 82
f 127 122 123
f 127 123 124
f 127 124 97
f 128 53 54
f 128 90 53
f 128 91 90
f 129 91 128
f 130 54 55
f 130 128 54
f 131 128 130
f 131 129 128
f 132 125 92
f 132 133 125
f 132 92 91
f 132 131 134
f 132 129 131
f 132 91 129
f 135 131 130
f 136 132 134
f 136 125 133
f 136 93 125
f 136 133 132
f 136 94 93
f 137 135 130
f 137 130 55
f 138 131 135
f 138 137 126
f 138 126 134
f 138 134 131
f 138 135 137
f 139 94 136
f 140 88 96
f 140 87 88
f 140 95 94
f 140 96 95
f 140 94 139
f 141 55 56
f 141 73 74
f 141 74 75
f 141 75 76
f 141 76 77
f 141 126 137
f 141 137 55
f 141 56 73
f 142 139 136
f 142 136 134
f 142 87 140
f 142 140 139
f 143 126 141
f 143 77 78
f 143 78 79
f 143 79 80
f 143 80 97
f 143 141 77
f 143 97 98
f 143 98 99
f 143 99 100
f 143 100 101
f 143 101 102
f 143 102 126
f 144 142 134
f 144 134 126
f 145 87 142
f 145 86 87
f 146 86 145
f 146 145 142
f 146 142 144
f 147 146 144
f 147 86 146
f 147 107 108
f 147 126 107
f 147 144 126
f 148 147 108
f 148 86 147
f 148 108 109
f 148 109 110
f 149 86 148
f 149 148 110
f 149 110 111
f 150 149 111
f 150 85 86
f 150 111 112
f 150 86 149
f 150 112 85
f 201 155 156
f 200 201 156
f 199 200 156
f 198 199 156
f 197 198 156
f 182 179 180
f 182 180 181
f 178 179 182
f 177 178 182
f 157 197 156
f 157 192 193
f 157 193 194
f 157 194 195
f 157 195 196
f 157 196 197
f 176 177 182
f 159 190 158
f 159 217 190
f 175 176 182
f 56 165 166
f 56 166 167
f 168 56 167
f 169 56 168
f 170 56 169
f 171 56 170
f 57 56 171
f 57 171 172
f 57 172 173
f 59 57 173
f 59 173 174
f 59 174 175
f 182 59 175
f 218 186 185
f 219 207 208
f 219 208 209
f 219 209 210
f 219 210 211
f 220 157 158
f 220 192 157
f 220 158 190
f 220 190 191
f 220 191 192
f 221 151 152
f 221 183 151
f 221 184 183
f 222 184 221
f 223 152 153
f 224 221 152
f 224 152 223
f 224 222 221
f 225 218 185
f 225 184 222
f 225 185 184
f 225 222 224
f 225 226 218
f 225 224 227
f 228 224 223
f 229 226 225
f 229 187 186
f 229 225 227
f 229 218 226
f 229 186 218
f 230 228 223
f 230 223 153
f 230 206 207
f 230 207 219
f 231 228 230
f 231 219 227
f 231 224 228
f 231 227 224
f 231 230 219
f 232 153 154
f 232 230 153
f 232 206 230
f 232 205 206
f 233 187 229
f 234 54 53
f 234 188 187
f 234 189 188
f 234 53 189
f 234 187 233
f 235 154 155
f 235 155 201
f 235 205 232
f 235 201 202
f 235 202 203
f 235 203 204
f 235 204 205
f 235 232 154
f 236 229 227
f 236 233 229
f 236 234 233
f 237 227 219
f 237 236 227
f 238 236 237
f 239 236 238
f 239 54 234
f 239 55 54
f 239 234 236
f 240 239 238
f 240 238 237
f 240 237 219
f 240 55 239
f 241 219 211
f 241 211 212
f 241 212 213
f 241 213 214
f 241 214 215
f 241 215 216
f 241 216 217
f 241 217 159
f 242 159 160
f 242 160 161
f 242 161 162
f 242 219 241
f 242 241 159
f 243 162 163
f 243 163 164
f 243 164 165
f 243 56 55
f 243 55 240
f 243 219 242
f 243 242 162
f 243 165 56
f 243 240 219
f 248 247 88
f 256 86 255
f 257 86 256
f 258 86 257
f 259 86 258
f 85 255 86
f 260 86 259
f 261 86 260
f 306 307 282
f 306 282 60
f 308 282 307
f 305 306 60
f 309 282 308
f 304 305 60
f 310 282 309
f 283 282 310
f 283 281 282
f 303 304 60
f 284 281 283
f 302 303 60
f 285 281 284
f 301 60 59
f 301 302 60
f 286 281 285
f 300 301 59
f 287 281 286
f 299 300 59
f 288 281 287
f 298 299 59
f 297 298 59
f 296 297 59
f 280 288 289
f 280 289 290
f 280 290 291
f 280 291 292
f 280 292 293
f 280 281 288
f 279 280 293
f 278 293 294
f 278 279 293
f 277 278 294
f 244 270 271
f 244 271 272
f 244 272 273
f 244 273 274
f 244 274 275
f 244 275 276
f 244 276 277
f 244 294 295
f 244 295 296
f 244 296 59
f 244 277 294
f 245 267 268
f 245 268 269
f 245 269 270
f 245 270 244
f 254 253 245
f 246 254 245
f 311 87 86
f 311 88 87
f 311 248 88
f 312 311 86
f 313 249 248
f 313 248 311
f 313 311 312
f 314 313 312
f 315 86 261
f 315 314 312
f 315 312 86
f 316 314 315
f 317 250 249
f 317 313 314
f 317 314 316
f 317 316 318
f 317 249 313
f 319 261 262
f 319 262 263
f 319 315 261
f 319 316 315
f 319 318 316
f 320 318 319
f 320 317 318
f 321 317 320
f 322 321 320
f 323 322 320
f 324 319 263
f 324 320 319
f 324 323 320
f 325 323 324
f 326 323 325
f 326 325 324
f 326 263 264
f 326 264 265
f 326 265 266
f 326 266 267
f 326 324 263
f 327 251 250
f 327 322 323
f 327 321 322
f 327 250 317
f 327 317 321
f 328 327 323
f 328 323 326
f 329 267 245
f 329 252 251
f 329 253 252
f 329 245 253
f 329 327 328
f 329 251 327
f 329 328 326
f 329 326 267
f 356 352 351
f 356 353 352
f 356 354 353
f 356 355 354
f 357 347 346
f 357 348 347
f 357 349 348
f 357 350 349
f 357 351 350
f 357 356 351
f 344 346 345
f 344 357 346
f 330 343 342
f 330 345 343
f 330 344 345
f 341 330 342
f 340 330 341
f 339 330 340
f 338 330 339
f 334 332 331
f 334 333 332
f 337 331 330
f 337 330 338
f 335 334 331
f 336 331 337
f 336 335 331
f 152 151 371
f 362 154 361
f 360 361 154
f 363 154 362
f 359 360 154
f 155 154 363
f 358 359 154
f 394 358 154
f 413 373 412
f 411 412 373
f 414 181 373
f 414 373 413
f 410 411 373
f 415 181 414
f 409 373 374
f 409 410 373
f 416 181 415
f 408 409 374
f 417 181 416
f 407 408 374
f 418 59 181
f 418 181 417
f 406 407 374
f 419 59 418
f 405 406 374
f 420 59 419
f 404 405 374
f 421 59 420
f 422 59 421
f 395 59 422
f 375 398 399
f 375 399 400
f 375 400 401
f 375 401 402
f 375 402 403
f 375 403 404
f 375 404 374
f 376 397 398
f 376 398 375
f 244 376 377
f 244 377 378
f 244 378 379
f 244 379 380
f 244 380 381
f 244 381 382
f 244 382 383
f 244 383 384
f 244 395 396
f 244 396 397
f 244 59 395
f 244 397 376
f 372 384 385
f 372 385 386
f 372 386 387
f 372 387 388
f 372 244 384
f 364 372 365
f 423 153 152
f 423 152 371
f 424 423 371
f 424 370 369
f 424 371 370
f 425 423 424
f 426 154 153
f 426 423 425
f 426 153 423
f 427 426 425
f 428 429 427
f 428 369 368
f 428 425 424
f 428 427 425
f 428 424 369
f 430 427 429
f 430 394 154
f 430 154 426
f 430 390 391
f 430 391 392
f 430 392 393
f 430 393 394
f 430 426 427
f 431 429 428
f 431 430 429
f 432 390 430
f 432 388 389
f 432 389 390
f 432 431 433
f 432 430 431
f 434 431 428
f 434 367 366
f 434 368 367
f 434 428 368
f 434 433 431
f 435 366 365
f 435 372 388
f 435 388 432
f 435 433 434
f 435 432 433
f 435 365 372
f 435 434 366
f 448 446 445
f 448 447 446
f 449 448 445
f 450 444 443
f 450 445 444
f 450 449 445
f 451 441 440
f 451 442 441
f 451 443 442
f 451 450 443
f 436 440 439
f 436 451 440
f 437 439 454
f 437 436 439
f 453 437 454
f 438 437 453
f 452 438 453
f 458 438 452
f 457 438 458
f 456 438 457
f 455 461 438
f 455 438 456
f 459 460 461
f 459 461 455
f 466 464 463
f 466 465 464
f 467 466 463
f 468 467 463
f 469 468 463
f 485 487 486
f 485 488 487
f 470 463 462
f 470 469 463
f 484 488 485
f 471 470 462
f 472 471 462
f 483 489 488
f 483 488 484
f 473 472 462
f 474 473 462
f 482 489 483
f 475 462 476
f 475 474 462
f 481 476 489
f 481 489 482
f 480 476 481
f 479 476 480
f 478 476 479
f 477 475 476
f 477 476 478
f 503 502 501
f 504 503 501
f 505 501 500
f 505 504 501
f 506 505 500
f 491 515 514
f 490 512 515
f 490 515 491
f 507 506 500
f 508 500 499
f 508 507 500
f 495 512 490
f 509 508 499
f 510 509 499
f 511 510 499
f 494 512 495
f 496 499 513
f 496 511 499
f 493 512 494
f 497 496 513
f 492 512 493
f 498 513 512
f 498 497 513
f 498 512 492
f 516 543 542
f 536 538 537
f 536 539 538
f 517 542 541
f 517 516 542
f 533 535 534
f 533 536 535
f 533 539 536
f 532 539 533
f 521 518 517
f 521 519 518
f 521 520 519
f 522 521 517
f 530 532 531
f 529 539 532
f 529 532 530
f 528 540 539
f 528 539 529
f 524 523 522
f 524 541 540
f 524 517 541
f 524 522 517
f 525 524 540
f 526 528 527
f 526 540 528
f 526 525 540
f 549 552 551
f 549 553 552
f 554 551 550
f 554 550 460
f 554 549 551
f 459 554 460
f 547 546 545
f 548 545 544
f 548 547 545
f 555 544 549
f 555 549 554
f 555 548 544
f 557 555 556
f 557 556 569
f 557 548 555
f 566 568 567
f 558 557 569
f 565 568 566
f 564 569 568
f 564 568 565
f 560 559 558
f 563 558 569
f 563 569 564
f 561 560 558
f 562 558 563
f 562 561 558
f 594 596 595
f 594 593 596
f 592 514 593
f 592 594 571
f 592 593 594
f 573 575 574
f 573 570 575
f 491 514 592
f 572 570 573
f 591 571 570
f 591 592 571
f 591 570 572
f 576 577 591
f 576 591 572
f 590 578 577
f 590 577 576
f 581 579 578
f 581 580 579
f 587 589 588
f 582 581 578
f 586 589 587
f 583 582 578
f 585 590 589
f 585 589 586
f 584 578 590
f 584 583 578
f 584 590 585
f 620 617 616
f 620 618 617
f 620 619 618
f 607 609 608
f 621 620 616
f 606 609 607
f 605 610 609
f 605 611 610
f 605 612 611
f 605 609 606
f 597 622 621
f 597 623 622
f 597 624 623
f 603 605 604
f 603 613 612
f 603 612 605
f 598 615 614
f 598 616 615
f 598 621 616
f 598 597 621
f 602 613 603
f 599 614 613
f 599 598 614
f 599 613 602
f 600 602 601
f 600 599 602

o white_cover
usemtl material_1
v -0.00103900 0.03951500 0.00330300
v -0.00107300 0.03949200 0.00357900
v -0.00117200 0.03946700 0.00384500
v -0.00132600 0.03944100 0.00407900
v -0.00153000 0.03941700 0.00426800
v -0.00177700 0.03939300 0.00440400
v -0.00204900 0.03937300 0.00448100
v -0.00232900 0.03935700 0.00449100
v -0.00260200 0.03934700 0.00443500
v -0.00286100 0.03934200 0.00431400
v -0.00308000 0.03934200 0.00414000
v -0.00325300 0.03934900 0.00392000
v -0.00337000 0.03936100 0.00366200
v -0.00341300 0.03937200 0.00348000
v -0.00342800 0.03938500 0.00329300
v -0.00345200 0.03968300 0.00331400
v -0.00104700 0.03981400 0.00332500
v -0.00108200 0.03979100 0.00360300
v -0.00118200 0.03976600 0.00387200
v -0.00133700 0.03974000 0.00410700
v -0.00154200 0.03971500 0.00429700
v -0.00179000 0.03969200 0.00443400
v -0.00206400 0.03967100 0.00451000
v -0.00234500 0.03965500 0.00452100
v -0.00262100 0.03964500 0.00446400
v -0.00288000 0.03964000 0.00434300
v -0.00310200 0.03964000 0.00416800
v -0.00327600 0.03964700 0.00394600
v -0.00339400 0.03965900 0.00368700
v -0.00343800 0.03967000 0.00350400
v -0.02009200 -0.00004600 0.10418400
v -0.02009200 -0.00004600 0.11499800
v -0.01951100 0.00474000 0.11499800
v -0.01780100 0.00924900 0.11499800
v -0.01506200 0.01321700 0.11499800
v -0.01145300 0.01641400 0.11499800
v -0.00718400 0.01865400 0.11499800
v -0.00250300 0.01980800 0.11499800
v 0.00231900 0.01980800 0.11499800
v 0.00700000 0.01865400 0.11499800
v 0.01126900 0.01641400 0.11499800
v 0.01487800 0.01321700 0.11499800
v 0.01761700 0.00924900 0.11499800
v 0.01932700 0.00474000 0.11499800
v 0.01990800 -0.00004600 0.11499800
v 0.01990800 -0.00004600 0.10418400
v 0.01932700 0.00474000 0.10418400
v 0.01761700 0.00924900 0.10418400
v 0.01487800 0.01321700 0.10418400
v 0.01126900 0.01641400 0.10418400
v 0.00700000 0.01865400 0.10418400
v 0.00231900 0.01980800 0.10418400
v -0.00250300 0.01980800 0.10418400
v -0.00718400 0.01865400 0.10418400
v -0.01145300 0.01641400 0.10418400
v -0.01506200 0.01321700 0.10418400
v -0.01780100 0.00924900 0.10418400
v -0.01951100 0.00474000 0.10418400
v -0.00009300 0.02239000 0.01999800
v -0.00009300 0.01239000 0.01999800
v -0.00009300 0.01239000 -0.02000200
v 0.00469300 0.01239000 -0.01942000
v 0.00920100 0.01239000 -0.01771100
v 0.01316900 0.01239000 -0.01497200
v 0.01636600 0.01239000 -0.01136300
v 0.01860700 0.01239000 -0.00709400
v 0.01976100 0.01239000 -0.00241200
v 0.01976100 0.01239000 0.00240900
v 0.01860700 0.01239000 0.00709100
v 0.01636600 0.01239000 0.01136000
v 0.01316900 0.01239000 0.01496900
v 0.00920100 0.01239000 0.01770800
v 0.00469300 0.01239000 0.01941700
v -0.00009300 0.02239000 -0.02000200
v 0.00469300 0.02239000 -0.01942000
v 0.00920100 0.02239000 -0.01771100
v 0.01316900 0.02239000 -0.01497200
v 0.01636600 0.02239000 -0.01136300
v 0.01860700 0.02239000 -0.00709400
v 0.01976100 0.02239000 -0.00241200
v 0.01976100 0.02239000 0.00240900
v 0.01860700 0.02239000 0.00709100
v 0.01636600 0.02239000 0.01136000
v 0.01316900 0.02239000 0.01496900
v 0.00920100 0.02239000 0.01770800
v 0.00469300 0.02239000 0.01941700
v -0.00009200 -0.02854600 0.06502400
v 0.00630100 -0.02782000 0.06502400
v 0.01236900 -0.02567800 0.06502400
v 0.01780100 -0.02222900 0.06502400
v 0.02232100 -0.01765000 0.06502400
v 0.02569900 -0.01217400 0.06502400
v 0.02772200 -0.00625900 0.06502400
v 0.02840800 -0.00004600 0.06502400
v 0.02840800 -0.00004600 0.10502400
v 0.02758000 -0.00686600 0.10502400
v 0.02514300 -0.01329100 0.10502400
v 0.02124000 -0.01894500 0.10502400
v 0.01609800 -0.02350100 0.10502400
v 0.01001400 -0.02669400 0.10502400
v 0.00334300 -0.02833800 0.10502400
v -0.00352700 -0.02833800 0.10502400
v -0.01019800 -0.02669400 0.10502400
v -0.01628200 -0.02350100 0.10502400
v -0.02142500 -0.01894500 0.10502400
v -0.02532800 -0.01329100 0.10502400
v -0.02776400 -0.00686600 0.10502400
v -0.02859200 -0.00004600 0.10502400
v -0.02859200 -0.00004600 0.06502400
v -0.02786500 -0.00644000 0.06502400
v -0.02572300 -0.01250800 0.06502400
v -0.02227300 -0.01794100 0.06502400
v -0.01769300 -0.02246200 0.06502400
v -0.01221500 -0.02583900 0.06502400
v -0.00630300 -0.02786100 0.06502400
v 0.00077700 0.03982000 0.00331600
v 0.00081300 0.03983900 0.00303700
v 0.00091400 0.03985500 0.00277300
v 0.00107200 0.03986500 0.00254000
v 0.00128100 0.03986900 0.00234800
v 0.00152800 0.03986700 0.00221200
v 0.00180000 0.03985900 0.00213600
v 0.00208300 0.03984600 0.00212500
v 0.00235800 0.03982800 0.00218100
v 0.00261200 0.03980600 0.00230100
v 0.00283400 0.03978200 0.00247700
v 0.00301100 0.03975600 0.00269800
v 0.00312800 0.03973200 0.00295300
v 0.00317100 0.03971600 0.00313500
v 0.00318400 0.03970200 0.00332300
v 0.00077100 0.03952100 0.00329400
v 0.00080600 0.03954000 0.00301700
v 0.00090700 0.03955500 0.00275300
v 0.00106500 0.03956500 0.00252100
v 0.00127300 0.03956900 0.00233000
v 0.00152000 0.03956700 0.00219500
v 0.00179100 0.03955900 0.00212100
v 0.00207300 0.03954600 0.00211100
v 0.00234700 0.03952800 0.00216800
v 0.00260000 0.03950600 0.00229000
v 0.00281900 0.03948200 0.00246600
v 0.00299300 0.03945700 0.00268600
v 0.00310700 0.03943300 0.00293800
v 0.00314900 0.03941700 0.00311700
v 0.00316100 0.03940400 0.00330100
v -0.02857500 0.00095400 0.11499800
v -0.02857500 0.00095400 0.11202400
v -0.02745300 0.00792900 0.11499800
v -0.02465100 0.01441400 0.11499800
v -0.02034000 0.02001100 0.11499800
v -0.01478500 0.02437500 0.11499800
v -0.00832600 0.02723900 0.11499800
v -0.00136200 0.02842600 0.11499800
v 0.00568000 0.02786300 0.11499800
v 0.01236700 0.02558600 0.11499800
v 0.01828900 0.02173400 0.11499800
v 0.02308200 0.01654400 0.11499800
v 0.02645100 0.01033400 0.11499800
v 0.02818800 0.00348600 0.11499800
v 0.02818800 -0.00357800 0.11499800
v 0.02645100 -0.01042600 0.11499800
v 0.02308200 -0.01663600 0.11499800
v 0.01828900 -0.02182600 0.11499800
v 0.01236700 -0.02567800 0.11499800
v 0.00568000 -0.02795500 0.11499800
v -0.00136200 -0.02851800 0.11499800
v -0.00832600 -0.02733000 0.11499800
v -0.01478500 -0.02446700 0.11499800
v -0.02034000 -0.02010300 0.11499800
v -0.02465100 -0.01450600 0.11499800
v -0.02745300 -0.00802100 0.11499800
v -0.02857500 -0.00104600 0.11499800
v -0.02857500 -0.00104600 0.11202400
v -0.02745300 0.00792900 0.11202400
v -0.02465100 0.01441400 0.11202400
v -0.02034000 0.02001100 0.11202400
v -0.01478500 0.02437500 0.11202400
v -0.00832600 0.02723900 0.11202400
v -0.00136200 0.02842600 0.11202400
v 0.00568000 0.02786300 0.11202400
v 0.01236700 0.02558600 0.11202400
v 0.01828900 0.02173400 0.11202400
v 0.02308200 0.01654400 0.11202400
v 0.02645100 0.01033400 0.11202400
v 0.02818800 0.00348600 0.11202400
v 0.02818800 -0.00357800 0.11202400
v 0.02645100 -0.01042600 0.11202400
v 0.02308200 -0.01663600 0.11202400
v 0.01828900 -0.02182600 0.11202400
v 0.01236700 -0.02567800 0.11202400
v 0.00568000 -0.02795500 0.11202400
v -0.00136200 -0.02851800 0.11202400
v -0.00832600 -0.02733000 0.11202400
v -0.01478500 -0.02446700 0.11202400
v -0.02034000 -0.02010300 0.11202400
v -0.02465100 -0.01450600 0.11202400
v -0.02745300 -0.00802100 0.11202400
v -0.02857500 -0.00104600 0.11202400
v -0.02857500 -0.00104600 0.11499800
v -0.02829200 -0.00104600 0.11202400
v -0.02829200 -0.00104600 0.11499800
v -0.02829200 -0.00104600 0.11202400
v -0.02829200 -0.00104600 0.11499800
v -0.02829200 -0.00004600 0.11202400
v -0.02829200 0.00095400 0.11202400
v -0.02829200 0.00095400 0.11499800
v -0.02829200 0.00095400 0.11202400
v -0.02829200 0.00095400 0.11499800
v -0.02857500 0.00095400 0.11202400
v -0.02857500 0.00095400 0.11499800
v 0.02768100 0.00634800 0.06502400
v 0.02553900 0.01241700 0.06502400
v 0.02208900 0.01784900 0.06502400
v 0.01750900 0.02237000 0.06502400
v 0.01203100 0.02574700 0.06502400
v 0.00611900 0.02776900 0.06502400
v -0.00009200 0.02845400 0.06502400
v -0.00648600 0.02772800 0.06502400
v -0.01255300 0.02558500 0.06502400
v -0.01798600 0.02213600 0.06502400
v -0.02250600 0.01755700 0.06502400
v -0.02588400 0.01208000 0.06502400
v -0.02790700 0.00616600 0.06502400
v -0.02776400 0.00677500 0.10502400
v -0.02532800 0.01319900 0.10502400
v -0.02142500 0.01885300 0.10502400
v -0.01628200 0.02340900 0.10502400
v -0.01019800 0.02660200 0.10502400
v -0.00352700 0.02824600 0.10502400
v 0.00334300 0.02824600 0.10502400
v 0.01001400 0.02660200 0.10502400
v 0.01609800 0.02340900 0.10502400
v 0.02124000 0.01885300 0.10502400
v 0.02514300 0.01319900 0.10502400
v 0.02758000 0.00677500 0.10502400
v -0.02859200 -0.00004600 0.10502400
v -0.02776400 0.00677500 0.10502400
v -0.02532800 0.01319900 0.10502400
v -0.02142500 0.01885300 0.10502400
v -0.01628200 0.02340900 0.10502400
v -0.01019800 0.02660200 0.10502400
v -0.00352700 0.02824600 0.10502400
v 0.00334300 0.02824600 0.10502400
v 0.01001400 0.02660200 0.10502400
v 0.01609800 0.02340900 0.10502400
v 0.02124000 0.01885300 0.10502400
v 0.02514300 0.01319900 0.10502400
v 0.02758000 0.00677500 0.10502400
v 0.02840800 -0.00004600 0.10502400
v 0.02758000 -0.00686600 0.10502400
v 0.02514300 -0.01329100 0.10502400
v 0.02124000 -0.01894500 0.10502400
v 0.01609800 -0.02350100 0.10502400
v 0.01001400 -0.02669400 0.10502400
v 0.00334300 -0.02833800 0.10502400
v -0.00352700 -0.02833800 0.10502400
v -0.01019800 -0.02669400 0.10502400
v -0.01628200 -0.02350100 0.10502400
v -0.02142500 -0.01894500 0.10502400
v -0.02532800 -0.01329100 0.10502400
v -0.02776400 -0.00686600 0.10502400
v 0.02810800 -0.00004600 0.10502400
v 0.02728900 -0.00679500 0.10502400
v 0.02487800 -0.01315100 0.10502400
v 0.02101600 -0.01874600 0.10502400
v 0.01592700 -0.02325400 0.10502400
v 0.00990800 -0.02641300 0.10502400
v 0.00330700 -0.02804000 0.10502400
v -0.00349100 -0.02804000 0.10502400
v -0.01009200 -0.02641300 0.10502400
v -0.01611100 -0.02325400 0.10502400
v -0.02120000 -0.01874600 0.10502400
v -0.02506200 -0.01315100 0.10502400
v -0.02747300 -0.00679500 0.10502400
v -0.02829200 -0.00004600 0.10502400
v -0.02747300 0.00670300 0.10502400
v -0.02506200 0.01305900 0.10502400
v -0.02120000 0.01865400 0.10502400
v -0.01611100 0.02316200 0.10502400
v -0.01009200 0.02632200 0.10502400
v -0.00349100 0.02794800 0.10502400
v 0.00330700 0.02794800 0.10502400
v 0.00990800 0.02632200 0.10502400
v 0.01592700 0.02316200 0.10502400
v 0.02101600 0.01865400 0.10502400
v 0.02487800 0.01305900 0.10502400
v 0.02728900 0.00670300 0.10502400
v -0.00009200 0.01229000 0.03202300
v 0.00786600 0.01210000 0.03202400
v 0.01179400 0.01252300 0.03202400
v 0.01461500 0.01337600 0.03202400
v 0.01652400 0.01443200 0.03202400
v 0.01816900 0.01592200 0.03202300
v 0.01934400 0.01768300 0.03202400
v 0.02007600 0.01972900 0.03202300
v 0.02025000 0.02084000 0.03202500
v 0.02027400 0.02197200 0.03202400
v 0.01999000 0.02373600 0.03202300
v 0.01935200 0.02535400 0.03202300
v 0.01835100 0.02688200 0.03202400
v 0.01698000 0.02829000 0.03202300
v 0.01529900 0.02950400 0.03202300
v 0.01333700 0.03051200 0.03202300
v 0.01037200 0.03151000 0.03202300
v 0.00535300 0.03230500 0.03202300
v -0.00009200 0.03246400 0.03202400
v -0.00009200 0.02993200 0.04292000
v -0.00009200 0.02868100 0.05384600
v -0.00009200 -0.02815500 0.05949900
v -0.00009200 -0.02733400 0.05701600
v -0.00009200 -0.02633300 0.05532800
v -0.00009200 -0.02441600 0.05330100
v -0.00009200 -0.02214700 0.05172100
v -0.00009200 -0.01840700 0.04993400
v -0.00009200 -0.00097900 0.04476000
v -0.00009200 0.00536200 0.04218000
v -0.00009200 0.00811700 0.04036500
v -0.00009200 0.00972200 0.03879700
v -0.00009200 0.01101000 0.03687400
v -0.00009200 0.01184900 0.03467700
v -0.00009200 0.01212500 0.03337500
v 0.01499000 0.02942100 0.03261000
v 0.02107500 0.01697100 0.03764200
v 0.00573700 0.02791400 0.05953700
v 0.00974000 0.02675000 0.06145000
v 0.00864800 0.02716900 0.05960000
v 0.00545700 0.02819400 0.05400300
v 0.00815500 0.02757500 0.05410800
v 0.01807100 0.02299500 0.04939700
v 0.01598100 0.02456600 0.04904800
v 0.01794300 0.02261400 0.05457700
v 0.00832600 0.03031000 0.03717800
v 0.02600300 0.01059600 0.05171400
v 0.02508900 0.01328400 0.05129900
v 0.02636400 0.01110900 0.05604800
v 0.02753300 0.00721100 0.05639900
v 0.02662400 0.00778700 0.05209400
v 0.02812100 0.00317800 0.05668100
v 0.02692500 0.00498100 0.05241900
v 0.02810000 -0.00089800 0.05686800
v 0.02690500 0.00212400 0.05268100
v 0.01947000 0.02441800 0.03375000
v 0.01995000 0.02311200 0.03465000
v 0.02025200 0.02219100 0.03473600
v 0.02225900 -0.01062100 0.05278000
v 0.02458600 -0.01211700 0.05672900
v 0.02201800 -0.01581500 0.05643500
v 0.02395900 -0.00796200 0.05292100
v 0.00668900 -0.02769100 0.06235400
v 0.01128400 -0.02603600 0.06099300
v 0.00686300 -0.02754600 0.06103700
v 0.02020400 -0.01306800 0.05256500
v 0.00698100 -0.02737700 0.06006700
v 0.01052600 -0.02595800 0.05897400
v 0.00711900 -0.02704600 0.05878900
v 0.01066200 -0.02553000 0.05788800
v 0.00342300 -0.02817500 0.06092500
v 0.00473700 -0.02763000 0.05901500
v 0.00227700 -0.02823000 0.06044600
v 0.00483200 -0.02712800 0.05756400
v 0.00731900 -0.02584700 0.05619500
v 0.01904600 0.01278300 0.03777100
v 0.01950400 0.00991300 0.04049500
v 0.01716300 0.01127000 0.03785600
v 0.00745800 -0.01271800 0.04845400
v 0.01001100 -0.00719000 0.04707500
v 0.01045800 -0.00937800 0.04781000
v 0.01605200 0.01222800 0.03599800
v 0.01616000 0.01079900 0.03783900
v 0.01506300 0.01040600 0.03784300
v 0.01397100 0.01010200 0.03787800
v 0.01499000 0.00452200 0.04267400
v 0.01468800 0.01166100 0.03602700
v 0.00833600 0.00077300 0.04421400
v 0.01252300 0.00979300 0.03798100
v 0.01305600 0.01119300 0.03611000
v 0.00772900 0.00371900 0.04286300
v 0.01063500 0.00950300 0.03819800
v 0.00743300 0.00521900 0.04203300
v 0.01085000 0.01081600 0.03628300
v 0.00722000 0.00871000 0.03928400
v 0.00252700 0.01052900 0.03750300
v 0.00382300 0.01083400 0.03675700
v 0.00380600 0.01127500 0.03579000
v 0.01330800 0.02557500 0.05427000
v 0.02200900 0.01822900 0.06009300
v 0.02284500 0.01755000 0.05529700
v 0.02378400 0.01599400 0.05864700
v 0.02191500 0.01882900 0.05350400
v 0.01999500 0.02119800 0.04978900
v 0.02351100 0.01663900 0.05305800
v 0.01533000 0.02647700 0.04073500
v 0.02414400 0.01554300 0.05245400
v 0.02288100 0.01755000 0.05053700
v 0.02206100 0.01855900 0.04511700
v 0.01626400 0.02578800 0.04095600
v 0.02846600 -0.00151900 0.06097500
v 0.02771600 -0.00654800 0.06237300
v 0.02843900 -0.00133600 0.05960400
v 0.02766500 -0.00672100 0.06101400
v 0.02460000 0.01350800 0.04880600
v 0.02464800 -0.01423000 0.06227300
v 0.02698000 -0.00865300 0.05962500
v 0.02559000 -0.01234300 0.06092100
v 0.02392700 -0.01525000 0.06080800
v 0.02699200 -0.00662700 0.05692900
v 0.02116200 -0.01900800 0.06209600
v 0.02262400 -0.01708300 0.06071200
v 0.02692600 -0.00245500 0.05423900
v 0.02345200 -0.01557100 0.05934300
v 0.02668300 -0.00478000 0.05493200
v 0.02200500 0.01751400 0.04111400
v 0.02619800 -0.00726300 0.05557400
v 0.02039700 -0.01964100 0.06054200
v 0.02588000 0.00281000 0.05064600
v 0.02600800 -0.00300900 0.05294600
v 0.02403300 0.00116800 0.04893200
v 0.01764700 -0.02216300 0.06066800
v 0.01729500 -0.02185900 0.05849000
v 0.01522100 -0.02326900 0.05828400
v 0.02365600 -0.00469800 0.05107900
v 0.02261500 0.00957500 0.04374200
v 0.01698600 -0.02141800 0.05708800
v 0.01870000 -0.01732300 0.05423400
v 0.01469100 -0.01770300 0.05215500
v 0.01639600 -0.02055000 0.05531600
v 0.01301200 -0.02229000 0.05473700
v 0.01120000 -0.02364500 0.05518000
v 0.01135900 -0.02237100 0.05396400
v 0.01977600 0.00200400 0.04554500
v 0.00771000 -0.02282800 0.05307700
v 0.00370100 -0.02458300 0.05371700
v 0.00777900 -0.02079100 0.05175600
v 0.01758700 0.00692300 0.04170300
v 0.01113500 -0.01575900 0.05012300
v 0.01536800 -0.01410300 0.05065700
v 0.01557600 -0.01219900 0.04994400
v 0.00775300 -0.01834400 0.05053200
v 0.01233000 -0.00381100 0.04623800
v 0.00403900 -0.01789700 0.04989400
v 0.01300300 -0.00113600 0.04529100
v 0.01330400 -0.00210900 0.04572500
v 0.00735200 0.01097800 0.03591600
v 0.02607000 0.01149800 0.06201400
v 0.02582100 0.00829100 0.04983200
v 0.02421600 0.01119800 0.04615400
v 0.02491400 0.00851700 0.04777300
v 0.02163800 0.00564100 0.04476300
v 0.02021700 -0.00898600 0.05060500
v 0.01915400 -0.01184800 0.05131300
v 0.01840100 -0.00505600 0.04815400
v 0.01688100 -0.00046300 0.04571100
v 0.02780800 0.00591100 0.06361400
v 0.02780700 0.00637600 0.06122000
v -0.00450800 0.03237300 0.03202300
v -0.00877100 0.03189800 0.03202300
v -0.01281600 0.03079800 0.03202300
v -0.01562800 0.02941500 0.03202300
v -0.01748400 0.02800500 0.03202300
v -0.01909400 0.02611200 0.03202300
v -0.01999900 0.02429300 0.03202300
v -0.02030400 0.02319600 0.03202300
v -0.02045800 0.02197200 0.03202300
v -0.02039600 0.02049400 0.03202300
v -0.01989800 0.01852200 0.03202300
v -0.01921400 0.01711400 0.03202300
v -0.01841700 0.01599700 0.03202300
v -0.01733700 0.01491700 0.03202400
v -0.01615500 0.01407000 0.03202300
v -0.01485400 0.01340000 0.03202400
v -0.01297300 0.01275400 0.03202300
v -0.01004800 0.01223200 0.03202600
v -0.00655800 0.01208400 0.03202400
v -0.01777100 0.02701900 0.03358100
v -0.01968800 0.02402900 0.03478900
v -0.02125900 0.01697100 0.03764200
v -0.00609300 0.02787900 0.05954000
v -0.01014700 0.02666800 0.06145400
v -0.00899900 0.02711600 0.05960400
v -0.00574900 0.02817500 0.05400700
v -0.00849700 0.02753100 0.05411500
v -0.01732700 0.02322600 0.05447300
v -0.01484400 0.02540100 0.04884500
v -0.01702500 0.02396300 0.04916300
v -0.02519200 0.01410500 0.05572500
v -0.01734900 0.02449300 0.04389100
v -0.02004200 0.02133900 0.04975900
v -0.02773000 0.00715300 0.05640300
v -0.02446500 0.01508800 0.05099200
v -0.02620900 0.01051600 0.05172500
v -0.02680800 0.00778700 0.05209400
v -0.02830900 0.00311800 0.05668400
v -0.02381500 0.01515000 0.04641200
v -0.02711300 0.00489700 0.05242800
v -0.02682000 -0.00022700 0.05283700
v -0.02768600 -0.00474600 0.05693800
v -0.02614300 -0.00317800 0.05295000
v -0.02556500 -0.01064100 0.05681000
v -0.02509600 0.00586100 0.04830300
v -0.01968800 0.00991300 0.04049500
v -0.02524400 -0.00569000 0.05296900
v -0.02384800 -0.00848000 0.05290100
v -0.02203400 -0.01601700 0.05641500
v -0.02365900 -0.00041600 0.04908100
v -0.01777100 0.00692300 0.04170300
v -0.02233400 -0.01076900 0.05277000
v -0.00668000 -0.02773700 0.06234900
v -0.01122200 -0.02614000 0.06098100
v -0.00685100 -0.02759400 0.06103000
v -0.02025900 -0.01320200 0.05255100
v -0.00696600 -0.02742600 0.06005800
v -0.01051800 -0.02603200 0.05896300
v -0.00710000 -0.02709600 0.05878000
v -0.01065200 -0.02560500 0.05787500
v -0.00350600 -0.02818700 0.06092200
v -0.02123900 -0.00483100 0.04930100
v -0.01517400 0.00452200 0.04267400
v -0.00478300 -0.02765200 0.05901000
v -0.00239200 -0.02823500 0.06044400
v -0.00487500 -0.02715100 0.05755800
v -0.00736500 -0.02588200 0.05618700
v -0.01921100 0.01541800 0.03495400
v -0.01892600 0.01386000 0.03638100
v -0.01814200 0.01135700 0.03826000
v -0.01844500 0.01338100 0.03639700
v -0.01860300 0.01467500 0.03497100
v -0.01749400 0.01201900 0.03713900
v -0.01682700 0.01162400 0.03715800
v -0.01724600 0.01314800 0.03550400
v -0.01573900 0.00927000 0.03917500
v -0.01617300 0.01129000 0.03719200
v -0.01640900 0.01262700 0.03553600
v -0.01491700 0.01030600 0.03785000
v -0.01418500 0.01010900 0.03787700
v -0.00532600 -0.00823900 0.04696800
v -0.01064200 -0.00937800 0.04781000
v -0.01019500 -0.00719000 0.04707500
v -0.00831100 0.00177500 0.04378400
v -0.00764200 -0.01271800 0.04845400
v -0.00954500 -0.00408600 0.04602900
v -0.01467600 0.01160000 0.03602700
v -0.01320200 0.00988900 0.03793900
v -0.01357600 0.01128000 0.03607900
v -0.01062700 0.00743400 0.04031700
v -0.01177100 0.00963500 0.03808000
v -0.01199400 0.01095500 0.03619200
v -0.00857200 0.00896900 0.03890300
v -0.00380000 0.00612400 0.04165800
v -0.00774400 0.01048600 0.03685700
v -0.00680600 0.00906400 0.03895300
v -0.00456400 0.00923300 0.03901600
v -0.00325800 0.01135400 0.03574100
v -0.00789700 0.02821100 0.04852000
v -0.00763100 0.02867000 0.04570000
v -0.02171900 0.01918400 0.05506800
v -0.02116700 0.01991400 0.05332400
v -0.02088200 0.02062600 0.04662700
v -0.02864300 -0.00164300 0.06097700
v -0.02247400 0.01836700 0.04798400
v -0.02116000 0.02033100 0.04507700
v -0.02850200 -0.00272300 0.05963000
v -0.02723300 -0.00882000 0.06099700
v -0.02498100 -0.01397000 0.06228000
v -0.02685100 -0.00951400 0.05960700
v -0.02446000 -0.01470200 0.06083300
v -0.02111400 -0.01926200 0.06208400
v -0.02493200 0.01060600 0.04742200
v -0.02260700 -0.01733900 0.06069600
v -0.02383400 -0.01528300 0.05936100
v -0.02034900 -0.01987500 0.06052500
v -0.01758700 -0.02235200 0.06065200
v -0.01726300 -0.02202000 0.05847000
v -0.01519300 -0.02339900 0.05826700
v -0.01697800 -0.02155600 0.05706800
v -0.01873500 -0.01745000 0.05421600
v -0.01476200 -0.01776700 0.05214300
v -0.01641300 -0.02066400 0.05529700
v -0.01304100 -0.02236500 0.05472300
v -0.01123300 -0.02370500 0.05516800
v -0.01141500 -0.02242200 0.05395300
v -0.01786400 -0.00995600 0.04981700
v -0.01546600 -0.01415600 0.05064900
v -0.01568600 -0.01224600 0.04993800
v -0.00780300 -0.02285100 0.05307100
v -0.01652000 -0.00795800 0.04857800
v -0.01621600 -0.00700600 0.04813600
v -0.00381300 -0.02459200 0.05371500
v -0.00789600 -0.02080800 0.05175200
v -0.01126000 -0.01578100 0.05011800
v -0.00789400 -0.01835500 0.05053000
v -0.00422300 -0.01789700 0.04989400
v -0.01318700 -0.00113600 0.04529100
v -0.01276900 0.00022000 0.04466500
v -0.00835500 0.00585600 0.04159500
v -0.00741000 0.00589900 0.04161300
v -0.01289600 0.02706400 0.04461500
v 0.02051200 0.02220700 0.02884900
v 0.02110900 0.02248200 0.02572300
v 0.02380100 0.02330200 0.01753200
v 0.02741900 0.02417400 0.00714200
v 0.02814000 0.02433200 0.00361300
v 0.02840800 0.02439000 0.00002300
v 0.02840700 0.02453200 0.00002400
v 0.02814400 0.02673100 0.00002400
v 0.02760800 0.02834500 0.00002400
v 0.02680700 0.02983200 0.00002400
v 0.02592700 0.03101000 0.00002400
v 0.02492300 0.03209400 0.00002400
v 0.02415700 0.03218400 0.00619200
v 0.02208300 0.03270300 0.01159300
v 0.01887400 0.03360200 0.01631400
v 0.01451200 0.03444900 0.02031600
v 0.00994400 0.03478200 0.02292100
v 0.00537300 0.03474000 0.02442800
v 0.00268300 0.03465500 0.02487600
v -0.00009200 0.03460400 0.02502400
v 0.02728300 0.02862400 0.00328100
v 0.02741300 0.02726000 0.00563900
v 0.02701400 0.02869600 0.00488900
v 0.02670800 0.02859400 0.00666100
v 0.02540100 0.03019400 0.00831000
v 0.02579600 0.02905400 0.00934900
v 0.02565400 0.02714300 0.01207700
v 0.02296100 0.03045200 0.01516400
v 0.02310900 0.02917500 0.01692300
v 0.02439500 0.02834300 0.01455300
v 0.02291200 0.02681400 0.01980600
v 0.02189700 0.02839900 0.02098200
v 0.02004800 0.03102100 0.02081700
v 0.02030400 0.02956100 0.02304500
v 0.02031900 0.02490300 0.02886100
v 0.01951700 0.02624700 0.02992800
v 0.02002000 0.02586600 0.02887700
v 0.01921500 0.02918600 0.02602800
v 0.01627800 0.03155900 0.02616500
v 0.02433500 0.03020300 0.01184600
v 0.02398100 0.02628500 0.01719300
v 0.02145200 0.02604100 0.02433300
v 0.02095900 0.02597900 0.02584100
v 0.02027400 0.02197200 0.03202400
v 0.02380100 0.02330200 0.01753200
v 0.02741900 0.02417400 0.00714200
v 0.02840800 0.02439000 0.00002300
v -0.00009200 0.01229000 0.03202300
v -0.00009200 0.01238900 0.02852400
v 0.00641000 0.01239000 0.02777200
v 0.01287900 0.01239000 0.02540100
v 0.01869900 0.01238900 0.02145000
v 0.02307400 0.01238900 0.01662600
v 0.02599800 0.01239000 0.01150800
v 0.02762100 0.01239000 0.00667600
v 0.02826600 0.01239000 0.00286500
v 0.02840800 0.01239000 0.00002400
v 0.02608200 0.01486900 0.01059900
v 0.02167200 0.01726500 0.01970700
v 0.01723500 0.01481700 0.02635400
v 0.01196200 0.01282800 0.02860800
v 0.01334300 0.01318700 0.02863800
v 0.01970800 0.01824500 0.02618500
v 0.02010600 0.01954800 0.02707500
v 0.01943900 0.01815700 0.02768900
v -0.02857500 0.01239000 0.00099800
v -0.02857300 0.01339000 0.00099800
v -0.02760800 0.01239000 0.00745200
v -0.02520800 0.01239000 0.01350600
v -0.02152700 0.01239000 0.01880700
v -0.01727900 0.01238800 0.02275600
v -0.01267400 0.01239000 0.02559500
v -0.00758600 0.01239000 0.02752100
v -0.00379200 0.01238900 0.02828200
v -0.01921400 0.01711400 0.03202300
v -0.00655800 0.01208400 0.03202400
v -0.02068600 0.02220100 0.02892000
v -0.02124000 0.02246200 0.02594600
v -0.02364100 0.02321000 0.01843800
v -0.02708100 0.02405400 0.00902100
v -0.02818500 0.02430000 0.00446300
v -0.02859200 0.02439000 0.00002300
v -0.02859200 0.01339000 0.00002300
v -0.02626600 0.01486900 0.01059900
v -0.02381500 0.01758600 0.01568400
v -0.02080400 0.01724100 0.02203300
v -0.01965600 0.01677700 0.02441400
v -0.01638200 0.01426000 0.02711800
v -0.01696800 0.01469100 0.02713600
v -0.01104300 0.01263900 0.02870300
v -0.01245700 0.01290300 0.02872500
v -0.01693700 0.01494600 0.02874600
v -0.01746400 0.01511900 0.02715400
v -0.01764500 0.01556400 0.02876000
v -0.01935500 0.01442600 0.02253200
v -0.01973000 0.01855100 0.02894000
v -0.00601600 0.03475300 0.02432000
v -0.01158500 0.03472700 0.02222700
v -0.01601200 0.03425300 0.01929900
v -0.01941400 0.03351000 0.01589300
v -0.02202400 0.03277300 0.01204600
v -0.02389000 0.03227900 0.00775100
v -0.02478100 0.03211000 0.00405500
v -0.02507700 0.03206200 0.00002400
v -0.02679300 0.03012500 0.00002400
v -0.02790100 0.02808300 0.00002400
v -0.02842100 0.02628800 0.00002400
v -0.02859200 0.02439000 0.00002300
v -0.02708100 0.02405400 0.00902100
v -0.02818500 0.02430000 0.00446300
v -0.02758300 0.02847600 0.00285500
v -0.02733600 0.02862100 0.00425600
v -0.02728200 0.02726000 0.00706600
v -0.02693700 0.02876400 0.00609100
v -0.02637300 0.02998800 0.00542200
v -0.02647400 0.02858400 0.00837600
v -0.02565300 0.02901200 0.01051300
v -0.02522500 0.03019800 0.00960400
v -0.02548900 0.02706300 0.01314800
v -0.02433900 0.02832300 0.01523100
v -0.02309200 0.03036400 0.01547400
v -0.02329800 0.02899300 0.01716100
v -0.02240500 0.02739700 0.02120400
v -0.02199900 0.02995700 0.01891000
v -0.02131500 0.03126900 0.01792000
v -0.02094500 0.02918600 0.02262500
v -0.02025100 0.02564500 0.02898600
v -0.01988300 0.02581300 0.02999700
v -0.01980600 0.02883700 0.02574600
v -0.01726900 0.03127100 0.02564900
v -0.01404600 0.03233000 0.02713500
v -0.02397700 0.02612000 0.01776500
v -0.02121100 0.02574000 0.02581000
v -0.01889200 0.03207700 0.02099900
v -0.02829200 -0.00104600 0.11202400
v -0.02829200 -0.00004600 0.11202400
v -0.02829200 0.00095400 0.11202400
v -0.02857500 0.00095400 0.11202400
v -0.02745300 0.00792900 0.11202400
v -0.02465100 0.01441400 0.11202400
v -0.02034000 0.02001100 0.11202400
v -0.01478500 0.02437500 0.11202400
v -0.00832600 0.02723900 0.11202400
v -0.00136200 0.02842600 0.11202400
v 0.00568000 0.02786300 0.11202400
v 0.01236700 0.02558600 0.11202400
v 0.01828900 0.02173400 0.11202400
v 0.02308200 0.01654400 0.11202400
v 0.02645100 0.01033400 0.11202400
v 0.02818800 0.00348600 0.11202400
v 0.02818800 -0.00357800 0.11202400
v 0.02645100 -0.01042600 0.11202400
v 0.02308200 -0.01663600 0.11202400
v 0.01828900 -0.02182600 0.11202400
v 0.01236700 -0.02567800 0.11202400
v 0.00568000 -0.02795500 0.11202400
v -0.00136200 -0.02851800 0.11202400
v -0.00832600 -0.02733000 0.11202400
v -0.01478500 -0.02446700 0.11202400
v -0.02034000 -0.02010300 0.11202400
v -0.02465100 -0.01450600 0.11202400
v -0.02745300 -0.00802100 0.11202400
v -0.02857500 -0.00104600 0.11202400
v 0.02810800 -0.00004600 0.11202400
v 0.02728900 -0.00679500 0.11202400
v 0.02487800 -0.01315100 0.11202400
v 0.02101600 -0.01874600 0.11202400
v 0.01592700 -0.02325400 0.11202400
v 0.00990800 -0.02641300 0.11202400
v 0.00330700 -0.02804000 0.11202400
v -0.00349100 -0.02804000 0.11202400
v -0.01009200 -0.02641300 0.11202400
v -0.01611100 -0.02325400 0.11202400
v -0.02120000 -0.01874600 0.11202400
v -0.02506200 -0.01315100 0.11202400
v -0.02747300 -0.00679500 0.11202400
v -0.02747300 0.00670300 0.11202400
v -0.02506200 0.01305900 0.11202400
v -0.02120000 0.01865400 0.11202400
v -0.01611100 0.02316200 0.11202400
v -0.01009200 0.02632200 0.11202400
v -0.00349100 0.02794800 0.11202400
v 0.00330700 0.02794800 0.11202400
v 0.00990800 0.02632200 0.11202400
v 0.01592700 0.02316200 0.11202400
v 0.02101600 0.01865400 0.11202400
v 0.02487800 0.01305900 0.11202400
v 0.02728900 0.00670300 0.11202400
v -0.00009200 0.03207800 -0.02497600
v 0.00552100 0.03207800 -0.02433800
v 0.01119700 0.03207800 -0.02228200
v 0.01591500 0.03207800 -0.01917900
v 0.01950300 0.03207800 -0.01550100
v 0.02223600 0.03207800 -0.01122100
v 0.02400600 0.03207800 -0.00663100
v 0.02469200 0.03207800 -0.00325800
v 0.02761800 0.02439000 -0.00663800
v 0.02541100 0.02439000 -0.01269700
v 0.02217000 0.02439000 -0.01777100
v 0.01787900 0.02439000 -0.02209600
v 0.01282600 0.02439000 -0.02538000
v 0.00738500 0.02439000 -0.02747800
v 0.00359500 0.02439000 -0.02823700
v -0.00009200 0.02439000 -0.02847600
v -0.00009200 0.02672900 -0.02821200
v -0.00009200 0.02890000 -0.02741500
v -0.00009200 0.03021500 -0.02661400
v -0.00009200 0.03118000 -0.02584700
v 0.00312900 0.02869500 -0.02732800
v 0.00567500 0.02725600 -0.02747500
v 0.00478500 0.02859100 -0.02713100
v 0.00662400 0.02859100 -0.02673600
v 0.01086300 0.02725600 -0.02584900
v 0.00977900 0.02859100 -0.02573900
v 0.00833800 0.02984400 -0.02551100
v 0.01239000 0.02859100 -0.02458100
v 0.01435000 0.02725600 -0.02407700
v 0.01490700 0.02859100 -0.02313200
v 0.01541600 0.02984400 -0.02194400
v 0.01743900 0.02859100 -0.02127900
v 0.01922100 0.02725600 -0.02038300
v 0.01961600 0.02859100 -0.01928300
v 0.01976500 0.02984400 -0.01810900
v 0.02149600 0.02859100 -0.01715600
v 0.02306800 0.02725600 -0.01588300
v 0.02319800 0.02859100 -0.01476600
v 0.02307500 0.02984400 -0.01362900
v 0.02457300 0.02859100 -0.01233800
v 0.02656400 0.02725600 -0.00885600
v 0.02567900 0.02859100 -0.00982600
v 0.02469000 0.02984400 -0.01041500
v 0.02662100 0.02859100 -0.00687300
v 0.02703500 0.02859100 -0.00500700
v 0.02619700 0.02984400 -0.00563000
v 0.02733300 0.02851000 -0.00330800
v -0.02857400 0.01339000 -0.00100200
v -0.02857400 0.01239000 -0.00100200
v -0.02780200 0.02439000 -0.00663800
v -0.02559500 0.02439000 -0.01269800
v -0.02235300 0.02439000 -0.01777200
v -0.01806100 0.02439000 -0.02209700
v -0.01300800 0.02439000 -0.02538100
v -0.00756700 0.02439000 -0.02747900
v -0.00377800 0.02439000 -0.02823700
v 0.02761300 0.01239000 -0.00666000
v 0.02539100 0.01239000 -0.01273800
v 0.02212800 0.01239000 -0.01782400
v 0.01781100 0.01239000 -0.02215100
v 0.01273300 0.01239000 -0.02542800
v 0.00727000 0.01239000 -0.02750900
v 0.00180200 0.01239000 -0.02841300
v -0.00352600 0.01239000 -0.02826900
v -0.00902800 0.01239000 -0.02703900
v -0.01442100 0.01239000 -0.02461200
v -0.01931900 0.01239000 -0.02101400
v -0.02335900 0.01239000 -0.01643500
v -0.02628800 0.01239000 -0.01120200
v -0.02793300 0.01239000 -0.00606900
v -0.02829200 0.01239000 0.00099800
v -0.02857500 0.01239000 0.00099800
v -0.02829200 0.01239000 -0.00100200
v -0.02857400 0.01239000 -0.00100200
v 0.02840800 0.01239000 0.00002400
v 0.02761300 0.01239000 -0.00666000
v 0.02539100 0.01239000 -0.01273800
v 0.02212800 0.01239000 -0.01782400
v 0.01781100 0.01239000 -0.02215100
v 0.01273300 0.01239000 -0.02542800
v 0.00727000 0.01239000 -0.02750900
v 0.00180200 0.01239000 -0.02841300
v -0.00352600 0.01239000 -0.02826900
v -0.00902800 0.01239000 -0.02703900
v -0.01442100 0.01239000 -0.02461200
v -0.01931900 0.01239000 -0.02101400
v -0.02335900 0.01239000 -0.01643500
v -0.02628800 0.01239000 -0.01120200
v -0.02793300 0.01239000 -0.00606900
v -0.00009200 0.01238900 0.02852400
v 0.00641000 0.01239000 0.02777200
v 0.01287900 0.01239000 0.02540100
v 0.01869900 0.01238900 0.02145000
v 0.02307400 0.01238900 0.01662600
v 0.02599800 0.01239000 0.01150800
v 0.02762100 0.01239000 0.00667600
v 0.02826600 0.01239000 0.00286500
v -0.02760800 0.01239000 0.00745200
v -0.02520800 0.01239000 0.01350600
v -0.02152700 0.01239000 0.01880700
v -0.01727900 0.01238800 0.02275600
v -0.01267400 0.01239000 0.02559500
v -0.00758600 0.01239000 0.02752100
v -0.00009300 0.01239000 0.01999800
v -0.00488000 0.01239000 0.01941700
v -0.00938800 0.01239000 0.01770800
v -0.01335600 0.01239000 0.01496900
v -0.01655300 0.01239000 0.01136000
v -0.01879400 0.01239000 0.00709100
v -0.01994700 0.01239000 0.00240900
v -0.01994700 0.01239000 -0.00241200
v -0.01879400 0.01239000 -0.00709400
v -0.01655300 0.01239000 -0.01136300
v -0.01335600 0.01239000 -0.01497200
v -0.00938800 0.01239000 -0.01771100
v -0.00488000 0.01239000 -0.01942000
v -0.00009300 0.01239000 -0.02000200
v 0.00469300 0.01239000 -0.01942000
v 0.00920100 0.01239000 -0.01771100
v 0.01316900 0.01239000 -0.01497200
v 0.01636600 0.01239000 -0.01136300
v 0.01860700 0.01239000 -0.00709400
v 0.01976100 0.01239000 -0.00241200
v 0.01976100 0.01239000 0.00240900
v 0.01860700 0.01239000 0.00709100
v 0.01636600 0.01239000 0.01136000
v 0.01316900 0.01239000 0.01496900
v 0.00920100 0.01239000 0.01770800
v 0.00469300 0.01239000 0.01941700
v -0.02439000 0.03207800 -0.00586000
v -0.02242600 0.03207800 -0.01121000
v -0.01954300 0.03207800 -0.01568100
v -0.01573200 0.03207800 -0.01947900
v -0.01125300 0.03207800 -0.02234600
v -0.00644100 0.03207800 -0.02415700
v -0.00322300 0.03207800 -0.02477900
v -0.02554000 0.02903200 -0.01005100
v -0.02300100 0.02903200 -0.01495300
v -0.01944500 0.02903200 -0.01933000
v -0.01506900 0.02903200 -0.02288500
v -0.01016700 0.02903200 -0.02542500
v -0.02742300 0.02842300 -0.00426700
v -0.02655300 0.03021000 -0.00306900
v -0.02691200 0.02859100 -0.00644700
v -0.02651600 0.02873900 -0.00765900
v -0.00820700 0.02873900 -0.02627100
v -0.00613300 0.02725600 -0.02741600
v -0.00721300 0.02859100 -0.02663100
v -0.00537400 0.02859100 -0.02705500
v -0.00360400 0.02859100 -0.02734100
v -0.00464400 0.02984400 -0.02647900
v -0.00241400 0.02869500 -0.02741900
v 0.00809700 0.03854100 -0.00558700
v 0.00700900 0.03897000 -0.00293600
v 0.00705500 0.03926600 -0.00295600
v 0.00814900 0.03883400 -0.00562300
v 0.00592200 0.03875100 -0.00650700
v 0.00632700 0.03862800 -0.00697900
v 0.00653400 0.03857600 -0.00712400
v 0.00673200 0.03853600 -0.00719800
v 0.00698200 0.03849500 -0.00722600
v 0.00724400 0.03845900 -0.00719600
v 0.00749800 0.03843200 -0.00710900
v 0.00772600 0.03841600 -0.00696900
v 0.00792000 0.03841200 -0.00678100
v 0.00806200 0.03841800 -0.00656400
v 0.00811900 0.03842800 -0.00642500
v 0.00815800 0.03844600 -0.00624300
v 0.00815300 0.03849000 -0.00591800
v 0.00809700 0.03854100 -0.00558700
v 0.00814900 0.03883400 -0.00562300
v 0.00596100 0.03904600 -0.00654900
v 0.00636400 0.03892200 -0.00702100
v 0.00658000 0.03886900 -0.00717100
v 0.00678400 0.03882800 -0.00724600
v 0.00704200 0.03878600 -0.00727200
v 0.00729800 0.03875100 -0.00724000
v 0.00754500 0.03872500 -0.00715400
v 0.00776700 0.03870900 -0.00701800
v 0.00796000 0.03870400 -0.00683500
v 0.00810600 0.03871000 -0.00661900
v 0.00818600 0.03872600 -0.00641000
v 0.00821500 0.03874900 -0.00620100
v 0.00819900 0.03879000 -0.00591200
v 0.00486000 0.03948700 -0.00388000
v 0.00482800 0.03919000 -0.00385400
v 0.00592200 0.03875100 -0.00650700
v 0.00596100 0.03904600 -0.00654900
v 0.00700900 0.03897000 -0.00293600
v 0.00660400 0.03906100 -0.00246200
v 0.00639200 0.03910000 -0.00231200
v 0.00618600 0.03913300 -0.00223500
v 0.00603900 0.03915500 -0.00221100
v 0.00577500 0.03919000 -0.00221800
v 0.00551700 0.03922000 -0.00228300
v 0.00527600 0.03924300 -0.00240500
v 0.00506800 0.03925800 -0.00257500
v 0.00490600 0.03926400 -0.00278300
v 0.00480700 0.03926100 -0.00299200
v 0.00476400 0.03925100 -0.00318900
v 0.00477000 0.03922500 -0.00351400
v 0.00482800 0.03919000 -0.00385400
v 0.00486000 0.03948700 -0.00388000
v 0.00705500 0.03926600 -0.00295600
v 0.00664200 0.03935800 -0.00247400
v 0.00642700 0.03939700 -0.00232400
v 0.00621600 0.03943100 -0.00224700
v 0.00606400 0.03945300 -0.00222500
v 0.00580000 0.03948800 -0.00223500
v 0.00555000 0.03951700 -0.00230000
v 0.00531700 0.03954000 -0.00241800
v 0.00511300 0.03955500 -0.00258300
v 0.00494700 0.03956100 -0.00278900
v 0.00483800 0.03955800 -0.00302000
v 0.00479400 0.03954600 -0.00324700
v 0.00480400 0.03952200 -0.00354600
v 0.00318700 0.03948500 -0.00174700
v 0.00474300 0.03936500 -0.00086300
v 0.00629200 0.03917600 0.00002400
v 0.00633400 0.03947300 0.00002400
v 0.00321000 0.03978300 -0.00176000
v 0.00477600 0.03966200 -0.00086900
v 0.00320300 0.03938200 -0.00614100
v 0.00318100 0.03908500 -0.00610000
v 0.00318500 0.03933600 -0.00392700
v 0.00318700 0.03948500 -0.00174700
v 0.00321000 0.03978300 -0.00176000
v 0.00320800 0.03963400 -0.00395500
v 0.00076200 0.03919300 -0.00610500
v 0.00096100 0.03910000 -0.00671300
v 0.00110100 0.03906300 -0.00693200
v 0.00126000 0.03903600 -0.00708000
v 0.00148700 0.03900800 -0.00720700
v 0.00174700 0.03898700 -0.00728300
v 0.00202100 0.03897200 -0.00730000
v 0.00229000 0.03896600 -0.00725900
v 0.00254800 0.03896800 -0.00715800
v 0.00276600 0.03897900 -0.00701000
v 0.00287200 0.03898900 -0.00690200
v 0.00297900 0.03900600 -0.00674600
v 0.00310200 0.03904300 -0.00643500
v 0.00318100 0.03908500 -0.00610000
v 0.00320300 0.03938200 -0.00614100
v 0.00076700 0.03949000 -0.00614600
v 0.00096700 0.03939700 -0.00675700
v 0.00111400 0.03935800 -0.00698400
v 0.00127900 0.03933000 -0.00713500
v 0.00151400 0.03930200 -0.00726200
v 0.00176900 0.03928200 -0.00733300
v 0.00203600 0.03926800 -0.00734900
v 0.00229800 0.03926200 -0.00730900
v 0.00255200 0.03926400 -0.00721200
v 0.00277300 0.03927400 -0.00706600
v 0.00293400 0.03929000 -0.00689300
v 0.00303800 0.03931100 -0.00671100
v 0.00313500 0.03934500 -0.00643400
v 0.00076400 0.03963200 -0.00098300
v 0.00076400 0.03957800 -0.00226700
v 0.00076400 0.03948400 -0.00354900
v 0.00076200 0.03919300 -0.00610500
v 0.00076700 0.03949000 -0.00614600
v 0.00077000 0.03993200 -0.00099100
v 0.00077000 0.03987700 -0.00228400
v 0.00077000 0.03978300 -0.00357500
v 0.00134600 0.03962900 0.00001700
v 0.00096100 0.03963900 -0.00038400
v 0.00083300 0.03963900 -0.00060300
v 0.00078200 0.03963700 -0.00078400
v 0.00076400 0.03963200 -0.00098300
v 0.00077000 0.03993200 -0.00099100
v 0.00135700 0.03992900 0.00001700
v 0.00097900 0.03993900 -0.00037500
v 0.00084300 0.03993900 -0.00059900
v 0.00079100 0.03993700 -0.00077800
v 0.00134400 0.03962900 0.00002400
v 0.00134600 0.03962900 0.00001700
v 0.00135700 0.03992900 0.00001700
v 0.00135500 0.03992900 0.00002400
v 0.00135800 0.03977900 0.00002100
v 0.00135900 0.03985400 0.00001900
v 0.00135400 0.03970400 0.00001900
v -0.00509400 0.03916100 -0.00385400
v -0.00504600 0.03921800 -0.00322300
v -0.00509100 0.03923100 -0.00296900
v -0.00518100 0.03923400 -0.00276900
v -0.00533600 0.03922800 -0.00257200
v -0.00554300 0.03921100 -0.00240400
v -0.00578400 0.03918700 -0.00228400
v -0.00604100 0.03915500 -0.00222000
v -0.00630900 0.03911800 -0.00221300
v -0.00656300 0.03907800 -0.00226600
v -0.00676500 0.03904300 -0.00236200
v -0.00692100 0.03901200 -0.00248300
v -0.00710800 0.03897100 -0.00269800
v -0.00727400 0.03892900 -0.00293600
v -0.00732200 0.03922400 -0.00295600
v -0.00512900 0.03945800 -0.00388000
v -0.00508000 0.03951500 -0.00324900
v -0.00512700 0.03952900 -0.00298500
v -0.00522100 0.03953100 -0.00278000
v -0.00538500 0.03952400 -0.00257800
v -0.00558800 0.03950800 -0.00241600
v -0.00582300 0.03948400 -0.00229900
v -0.00607300 0.03945300 -0.00223500
v -0.00633600 0.03941700 -0.00222600
v -0.00658900 0.03937800 -0.00227500
v -0.00679200 0.03934200 -0.00236700
v -0.00696000 0.03931000 -0.00249400
v -0.00715300 0.03926700 -0.00271300
v -0.00622600 0.03901100 -0.00654900
v -0.00618600 0.03871700 -0.00650700
v -0.00509400 0.03916100 -0.00385400
v -0.00512900 0.03945800 -0.00388000
v -0.00836000 0.03849400 -0.00558700
v -0.00840500 0.03840600 -0.00620800
v -0.00835900 0.03837900 -0.00646400
v -0.00826900 0.03836700 -0.00666200
v -0.00811200 0.03836600 -0.00686100
v -0.00790500 0.03837700 -0.00702900
v -0.00766500 0.03839900 -0.00714900
v -0.00740700 0.03843100 -0.00721300
v -0.00713800 0.03847200 -0.00722000
v -0.00688900 0.03851800 -0.00716900
v -0.00668800 0.03856200 -0.00707400
v -0.00653400 0.03860300 -0.00695300
v -0.00635200 0.03865900 -0.00674500
v -0.00618600 0.03871700 -0.00650700
v -0.00622600 0.03901100 -0.00654900
v -0.00841300 0.03878700 -0.00562300
v -0.00845800 0.03869800 -0.00625200
v -0.00841000 0.03867100 -0.00651200
v -0.00831600 0.03865900 -0.00671300
v -0.00815100 0.03865900 -0.00691600
v -0.00794700 0.03867000 -0.00707800
v -0.00771300 0.03869100 -0.00719400
v -0.00746200 0.03872200 -0.00725900
v -0.00719900 0.03876200 -0.00726800
v -0.00694700 0.03880800 -0.00721900
v -0.00674500 0.03885200 -0.00712700
v -0.00658000 0.03889500 -0.00700200
v -0.00640900 0.03894800 -0.00680900
v -0.00727400 0.03892900 -0.00293600
v -0.00836000 0.03849400 -0.00558700
v -0.00841300 0.03878700 -0.00562300
v -0.00732200 0.03922400 -0.00295600
v -0.00655800 0.03913900 0.00002400
v -0.00501100 0.03933600 -0.00086300
v -0.00345500 0.03946500 -0.00174700
v -0.00348000 0.03976300 -0.00176000
v -0.00660200 0.03943500 0.00002400
v -0.00504600 0.03963400 -0.00086900
v -0.00161500 0.03962000 0.00001700
v -0.00161400 0.03962000 0.00002400
v -0.00162600 0.03992000 0.00002400
v -0.00162800 0.03992000 0.00001700
v -0.00162800 0.03977000 0.00002100
v -0.00163000 0.03984500 0.00001900
v -0.00162300 0.03969500 0.00001900
v -0.00104100 0.03992700 -0.00099100
v -0.00103300 0.03962700 -0.00098300
v -0.00119000 0.03963300 -0.00045400
v -0.00131800 0.03963100 -0.00023100
v -0.00145100 0.03962700 -0.00009700
v -0.00161500 0.03962000 0.00001700
v -0.00162800 0.03992000 0.00001700
v -0.00119400 0.03993200 -0.00047100
v -0.00132300 0.03993100 -0.00024100
v -0.00138700 0.03992900 -0.00016600
v -0.00145100 0.03992700 -0.00010800
v -0.00102900 0.03918800 -0.00610500
v -0.00103200 0.03947900 -0.00354900
v -0.00103300 0.03957200 -0.00226700
v -0.00103300 0.03962700 -0.00098300
v -0.00104100 0.03992700 -0.00099100
v -0.00103600 0.03948500 -0.00614600
v -0.00104000 0.03977800 -0.00357500
v -0.00104000 0.03987200 -0.00228400
v -0.00344700 0.03906600 -0.00610000
v -0.00324900 0.03899400 -0.00670500
v -0.00310500 0.03897000 -0.00692800
v -0.00294300 0.03895700 -0.00707900
v -0.00271600 0.03895100 -0.00720600
v -0.00245500 0.03895400 -0.00728200
v -0.00218100 0.03896500 -0.00730100
v -0.00191100 0.03898400 -0.00725900
v -0.00165400 0.03901000 -0.00715900
v -0.00143900 0.03904100 -0.00701200
v -0.00128600 0.03907200 -0.00684300
v -0.00118800 0.03910200 -0.00666700
v -0.00109600 0.03914500 -0.00639700
v -0.00102900 0.03918800 -0.00610500
v -0.00103600 0.03948500 -0.00614600
v -0.00347000 0.03936200 -0.00614100
v -0.00326700 0.03928900 -0.00675400
v -0.00312000 0.03926500 -0.00698100
v -0.00295300 0.03925200 -0.00713200
v -0.00271800 0.03924700 -0.00725900
v -0.00246200 0.03925000 -0.00733200
v -0.00219500 0.03926100 -0.00734900
v -0.00193300 0.03927900 -0.00731000
v -0.00167800 0.03930500 -0.00721300
v -0.00145900 0.03933600 -0.00706800
v -0.00135300 0.03935500 -0.00696300
v -0.00124300 0.03938300 -0.00680500
v -0.00112400 0.03943000 -0.00651200
v -0.00345500 0.03946500 -0.00174700
v -0.00345300 0.03931700 -0.00392800
v -0.00344700 0.03906600 -0.00610000
v -0.00347000 0.03936200 -0.00614100
v -0.00348000 0.03976300 -0.00176000
v -0.00347700 0.03961400 -0.00395500
v 0.00314800 0.03968400 0.00360100
v 0.00304600 0.03966900 0.00387000
v 0.00289000 0.03966000 0.00410500
v 0.00268400 0.03965600 0.00429600
v 0.00243400 0.03965800 0.00443300
v 0.00216000 0.03966500 0.00451000
v 0.00187900 0.03967800 0.00452100
v 0.00160300 0.03969500 0.00446400
v 0.00134500 0.03971600 0.00434300
v 0.00112400 0.03974000 0.00416900
v 0.00095100 0.03976400 0.00394700
v 0.00083400 0.03978900 0.00368800
v 0.00079100 0.03980500 0.00350500
v 0.00312500 0.03938500 0.00357700
v 0.00302500 0.03937100 0.00384400
v 0.00287000 0.03936100 0.00407800
v 0.00266500 0.03935800 0.00426700
v 0.00241700 0.03936000 0.00440400
v 0.00214500 0.03936700 0.00448100
v 0.00186500 0.03938000 0.00449200
v 0.00159200 0.03939700 0.00443500
v 0.00133400 0.03941800 0.00431400
v 0.00111600 0.03944100 0.00414100
v 0.00094400 0.03946600 0.00392100
v 0.00082800 0.03949100 0.00366200
v 0.00078500 0.03950600 0.00348100
v 0.00503200 0.03929300 0.00210700
v 0.00134400 0.03962900 0.00002400
v 0.00135500 0.03992900 0.00002400
v 0.00506600 0.03959100 0.00212000
v 0.00502600 0.03912600 0.00451100
v 0.00503200 0.03929300 0.00210700
v 0.00506600 0.03959100 0.00212000
v 0.00505900 0.03942300 0.00453900
v 0.00136200 0.03912900 0.00669600
v 0.00502600 0.03912600 0.00451100
v 0.00505900 0.03942300 0.00453900
v 0.00137100 0.03942600 0.00673900
v 0.00257900 0.03874500 0.00874500
v 0.00195200 0.03874900 0.00888200
v 0.00169300 0.03876000 0.00887300
v 0.00148300 0.03877800 0.00881100
v 0.00126300 0.03880800 0.00868300
v 0.00106800 0.03884500 0.00850100
v 0.00091500 0.03888700 0.00827900
v 0.00081500 0.03893200 0.00803000
v 0.00077300 0.03897700 0.00776400
v 0.00079000 0.03901900 0.00750500
v 0.00085800 0.03905200 0.00729000
v 0.00095900 0.03907700 0.00711700
v 0.00114400 0.03910500 0.00690100
v 0.00136200 0.03912900 0.00669600
v 0.00137100 0.03942600 0.00673900
v 0.00259400 0.03904000 0.00879800
v 0.00196700 0.03904400 0.00893600
v 0.00169700 0.03905500 0.00892600
v 0.00148200 0.03907400 0.00886100
v 0.00125700 0.03910500 0.00872700
v 0.00106800 0.03914200 0.00854700
v 0.00092000 0.03918300 0.00833000
v 0.00082300 0.03922600 0.00808900
v 0.00077800 0.03927100 0.00782800
v 0.00079300 0.03931300 0.00756900
v 0.00086000 0.03934700 0.00734500
v 0.00096400 0.03937300 0.00716500
v 0.00115400 0.03940200 0.00694300
v 0.00690100 0.03870200 0.00622600
v 0.00257900 0.03874500 0.00874500
v 0.00259400 0.03904000 0.00879800
v 0.00694400 0.03899700 0.00626200
v 0.00742900 0.03872400 0.00531000
v 0.00728000 0.03869600 0.00579500
v 0.00716500 0.03869000 0.00599900
v 0.00704900 0.03869300 0.00612300
v 0.00690100 0.03870200 0.00622600
v 0.00694400 0.03899700 0.00626200
v 0.00747500 0.03901900 0.00534000
v 0.00733200 0.03899100 0.00581200
v 0.00721500 0.03898500 0.00602500
v 0.00716000 0.03898500 0.00609200
v 0.00710600 0.03898700 0.00614300
v 0.00744300 0.03898200 0.00128200
v 0.00742900 0.03872400 0.00531000
v 0.00747500 0.03901900 0.00534000
v 0.00749200 0.03927700 0.00129000
v 0.00692300 0.03908000 0.00038200
v 0.00726400 0.03902200 0.00074700
v 0.00738000 0.03899900 0.00094500
v 0.00742800 0.03898800 0.00110500
v 0.00744300 0.03898200 0.00128200
v 0.00749200 0.03927700 0.00129000
v 0.00696900 0.03937600 0.00038400
v 0.00730100 0.03932000 0.00073700
v 0.00742500 0.03929600 0.00094100
v 0.00745500 0.03929000 0.00102200
v 0.00747200 0.03928500 0.00109300
v 0.00629200 0.03917600 0.00002400
v 0.00692300 0.03908000 0.00038200
v 0.00696900 0.03937600 0.00038400
v 0.00633400 0.03947300 0.00002400
v -0.00723600 0.03933500 0.00038400
v -0.00718900 0.03903900 0.00038200
v -0.00655800 0.03913900 0.00002400
v -0.00660200 0.03943500 0.00002400
v -0.00339500 0.03940700 0.00301600
v -0.00329500 0.03943200 0.00275100
v -0.00313900 0.03945800 0.00251900
v -0.00293200 0.03948300 0.00232900
v -0.00268600 0.03950700 0.00219400
v -0.00241500 0.03952800 0.00212100
v -0.00213300 0.03954500 0.00211100
v -0.00185900 0.03955500 0.00216900
v -0.00160500 0.03956000 0.00229100
v -0.00138500 0.03955900 0.00246800
v -0.00121100 0.03955200 0.00268800
v -0.00109500 0.03953900 0.00293900
v -0.00105200 0.03952800 0.00311900
v -0.00341900 0.03970500 0.00303600
v -0.00331900 0.03973000 0.00277000
v -0.00316300 0.03975600 0.00253800
v -0.00295600 0.03978200 0.00234600
v -0.00271000 0.03980600 0.00221100
v -0.00243800 0.03982700 0.00213600
v -0.00215500 0.03984300 0.00212500
v -0.00188000 0.03985500 0.00218200
v -0.00162500 0.03986000 0.00230200
v -0.00140200 0.03985900 0.00247800
v -0.00122400 0.03985200 0.00270000
v -0.00110500 0.03983900 0.00295500
v -0.00106000 0.03982700 0.00313800
v -0.00775900 0.03923300 0.00129000
v -0.00770800 0.03893800 0.00128200
v -0.00756200 0.03897300 0.00080300
v -0.00744800 0.03899400 0.00060300
v -0.00733400 0.03901500 0.00048200
v -0.00718900 0.03903900 0.00038200
v -0.00723600 0.03933500 0.00038400
v -0.00761800 0.03926700 0.00082300
v -0.00750200 0.03928900 0.00061300
v -0.00744800 0.03929900 0.00054800
v -0.00739600 0.03930800 0.00049800
v -0.00774100 0.03897600 0.00534000
v -0.00769300 0.03868100 0.00531000
v -0.00770800 0.03893800 0.00128200
v -0.00775900 0.03923300 0.00129000
v -0.00720800 0.03895700 0.00626300
v -0.00716400 0.03866200 0.00622700
v -0.00751000 0.03865200 0.00585400
v -0.00762800 0.03865600 0.00565200
v -0.00767700 0.03866500 0.00549000
v -0.00769300 0.03868100 0.00531000
v -0.00774100 0.03897600 0.00534000
v -0.00754600 0.03894700 0.00590200
v -0.00767100 0.03895000 0.00569300
v -0.00770200 0.03895400 0.00561200
v -0.00772000 0.03895900 0.00554000
v -0.00285900 0.03902500 0.00879900
v -0.00284200 0.03873000 0.00874600
v -0.00716400 0.03866200 0.00622700
v -0.00720800 0.03895700 0.00626300
v -0.00163800 0.03941700 0.00673900
v -0.00162700 0.03912000 0.00669600
v -0.00120500 0.03906200 0.00717600
v -0.00108800 0.03902900 0.00740500
v -0.00104000 0.03899600 0.00761800
v -0.00103600 0.03897100 0.00776900
v -0.00107800 0.03892600 0.00803200
v -0.00117800 0.03888100 0.00827900
v -0.00133100 0.03883800 0.00850100
v -0.00153000 0.03880000 0.00868400
v -0.00176000 0.03876800 0.00881700
v -0.00190300 0.03875300 0.00886800
v -0.00205100 0.03874200 0.00889500
v -0.00219200 0.03873500 0.00890000
v -0.00251100 0.03872900 0.00884900
v -0.00284200 0.03873000 0.00874600
v -0.00285900 0.03902500 0.00879900
v -0.00121500 0.03935900 0.00721800
v -0.00109300 0.03932500 0.00745700
v -0.00104500 0.03929100 0.00767500
v -0.00105400 0.03924800 0.00793500
v -0.00112000 0.03920300 0.00818700
v -0.00123800 0.03916000 0.00842000
v -0.00140300 0.03912000 0.00862100
v -0.00161200 0.03908300 0.00878700
v -0.00184700 0.03905400 0.00890100
v -0.00206800 0.03903700 0.00895000
v -0.00228300 0.03902700 0.00894800
v -0.00257400 0.03902400 0.00889000
v -0.00532700 0.03939300 0.00454000
v -0.00529200 0.03909600 0.00451200
v -0.00162700 0.03912000 0.00669600
v -0.00163800 0.03941700 0.00673900
v -0.00533500 0.03956100 0.00212100
v -0.00529900 0.03926300 0.00210700
v -0.00529200 0.03909600 0.00451200
v -0.00532700 0.03939300 0.00454000
v -0.00161400 0.03962000 0.00002400
v -0.00162600 0.03992000 0.00002400
v -0.00529900 0.03926300 0.00210700
v -0.00533500 0.03956100 0.00212100
v -0.00488000 0.01239000 0.01941700
v -0.00938800 0.01239000 0.01770800
v -0.01335600 0.01239000 0.01496900
v -0.01655300 0.01239000 0.01136000
v -0.01879400 0.01239000 0.00709100
v -0.01994700 0.01239000 0.00240900
v -0.01994700 0.01239000 -0.00241200
v -0.01879400 0.01239000 -0.00709400
v -0.01655300 0.01239000 -0.01136300
v -0.01335600 0.01239000 -0.01497200
v -0.00938800 0.01239000 -0.01771100
v -0.00488000 0.01239000 -0.01942000
v -0.00488000 0.02239000 0.01941700
v -0.00938800 0.02239000 0.01770800
v -0.01335600 0.02239000 0.01496900
v -0.01655300 0.02239000 0.01136000
v -0.01879400 0.02239000 0.00709100
v -0.01994700 0.02239000 0.00240900
v -0.01994700 0.02239000 -0.00241200
v -0.01879400 0.02239000 -0.00709400
v -0.01655300 0.02239000 -0.01136300
v -0.01335600 0.02239000 -0.01497200
v -0.00938800 0.02239000 -0.01771100
v -0.00488000 0.02239000 -0.01942000
v -0.00009300 0.02239000 0.01999800
v -0.00488000 0.02239000 0.01941700
v -0.00938800 0.02239000 0.01770800
v -0.01335600 0.02239000 0.01496900
v -0.01655300 0.02239000 0.01136000
v -0.01879400 0.02239000 0.00709100
v -0.01994700 0.02239000 0.00240900
v -0.01994700 0.02239000 -0.00241200
v -0.01879400 0.02239000 -0.00709400
v -0.01655300 0.02239000 -0.01136300
v -0.01335600 0.02239000 -0.01497200
v -0.00938800 0.02239000 -0.01771100
v -0.00488000 0.02239000 -0.01942000
v -0.00009300 0.02239000 -0.02000200
v 0.00469300 0.02239000 -0.01942000
v 0.00920100 0.02239000 -0.01771100
v 0.01316900 0.02239000 -0.01497200
v 0.01636600 0.02239000 -0.01136300
v 0.01860700 0.02239000 -0.00709400
v 0.01976100 0.02239000 -0.00241200
v 0.01976100 0.02239000 0.00240900
v 0.01860700 0.02239000 0.00709100
v 0.01636600 0.02239000 0.01136000
v 0.01316900 0.02239000 0.01496900
v 0.00920100 0.02239000 0.01770800
v 0.00469300 0.02239000 0.01941700
v -0.02829200 0.01239000 0.00099800
v -0.02857500 0.01239000 0.00099800
v -0.02829200 0.01339000 0.00099800
v -0.02857300 0.01339000 0.00099800
v -0.02829200 0.01339000 -0.00100200
v -0.02829200 0.01239000 -0.00100200
v -0.02829200 0.01339000 0.00099800
v -0.02829200 0.01239000 0.00099800
v -0.02857400 0.01339000 -0.00100200
v -0.02829200 0.01339000 -0.00100200
v -0.02829200 0.01239000 -0.00100200
v -0.02857400 0.01239000 -0.00100200
v -0.02857400 0.01339000 -0.00100200
v -0.02829200 0.01339000 -0.00100200
v -0.02829200 0.01339000 0.00099800
v -0.02857300 0.01339000 0.00099800
v -0.02859200 0.01339000 0.00002300
v -0.02857500 0.00095400 0.11499800
v -0.02829200 0.00095400 0.11499800
v -0.02829200 -0.00104600 0.11499800
v -0.02857500 -0.00104600 0.11499800
v -0.02745300 0.00792900 0.11499800
v -0.02465100 0.01441400 0.11499800
v -0.02034000 0.02001100 0.11499800
v -0.01478500 0.02437500 0.11499800
v -0.00832600 0.02723900 0.11499800
v -0.00136200 0.02842600 0.11499800
v 0.00568000 0.02786300 0.11499800
v 0.01236700 0.02558600 0.11499800
v 0.01828900 0.02173400 0.11499800
v 0.02308200 0.01654400 0.11499800
v 0.02645100 0.01033400 0.11499800
v 0.02818800 0.00348600 0.11499800
v 0.02818800 -0.00357800 0.11499800
v 0.02645100 -0.01042600 0.11499800
v 0.02308200 -0.01663600 0.11499800
v 0.01828900 -0.02182600 0.11499800
v 0.01236700 -0.02567800 0.11499800
v 0.00568000 -0.02795500 0.11499800
v -0.00136200 -0.02851800 0.11499800
v -0.00832600 -0.02733000 0.11499800
v -0.01478500 -0.02446700 0.11499800
v -0.02034000 -0.02010300 0.11499800
v -0.02465100 -0.01450600 0.11499800
v -0.02745300 -0.00802100 0.11499800
v -0.02009200 -0.00004600 0.11499800
v -0.01951100 0.00474000 0.11499800
v -0.01780100 0.00924900 0.11499800
v -0.01506200 0.01321700 0.11499800
v -0.01145300 0.01641400 0.11499800
v -0.00718400 0.01865400 0.11499800
v -0.00250300 0.01980800 0.11499800
v 0.00231900 0.01980800 0.11499800
v 0.00700000 0.01865400 0.11499800
v 0.01126900 0.01641400 0.11499800
v 0.01487800 0.01321700 0.11499800
v 0.01761700 0.00924900 0.11499800
v 0.01932700 0.00474000 0.11499800
v 0.01990800 -0.00004600 0.11499800
v 0.01932700 -0.00483200 0.11499800
v 0.01761700 -0.00934000 0.11499800
v 0.01487800 -0.01330800 0.11499800
v 0.01126900 -0.01650600 0.11499800
v 0.00700000 -0.01874600 0.11499800
v 0.00231900 -0.01990000 0.11499800
v -0.00250300 -0.01990000 0.11499800
v -0.00718400 -0.01874600 0.11499800
v -0.01145300 -0.01650600 0.11499800
v -0.01506200 -0.01330800 0.11499800
v -0.01780100 -0.00934000 0.11499800
v -0.01951100 -0.00483200 0.11499800
v -0.02009200 -0.00004600 0.10418400
v -0.01951100 -0.00483200 0.10418400
v -0.01780100 -0.00934000 0.10418400
v -0.01506200 -0.01330800 0.10418400
v -0.01145300 -0.01650600 0.10418400
v -0.00718400 -0.01874600 0.10418400
v -0.00250300 -0.01990000 0.10418400
v 0.00231900 -0.01990000 0.10418400
v 0.00700000 -0.01874600 0.10418400
v 0.01126900 -0.01650600 0.10418400
v 0.01487800 -0.01330800 0.10418400
v 0.01761700 -0.00934000 0.10418400
v 0.01932700 -0.00483200 0.10418400
v 0.01990800 -0.00004600 0.10418400
v 0.01932700 0.00474000 0.10418400
v 0.01761700 0.00924900 0.10418400
v 0.01487800 0.01321700 0.10418400
v 0.01126900 0.01641400 0.10418400
v 0.00700000 0.01865400 0.10418400
v 0.00231900 0.01980800 0.10418400
v -0.00250300 0.01980800 0.10418400
v -0.00718400 0.01865400 0.10418400
v -0.01145300 0.01641400 0.10418400
v -0.01506200 0.01321700 0.10418400
v -0.01780100 0.00924900 0.10418400
v -0.01951100 0.00474000 0.10418400
v 0.01932700 -0.00483200 0.11499800
v 0.01761700 -0.00934000 0.11499800
v 0.01487800 -0.01330800 0.11499800
v 0.01126900 -0.01650600 0.11499800
v 0.00700000 -0.01874600 0.11499800
v 0.00231900 -0.01990000 0.11499800
v -0.00250300 -0.01990000 0.11499800
v -0.00718400 -0.01874600 0.11499800
v -0.01145300 -0.01650600 0.11499800
v -0.01506200 -0.01330800 0.11499800
v -0.01780100 -0.00934000 0.11499800
v -0.01951100 -0.00483200 0.11499800
v -0.01951100 -0.00483200 0.10418400
v -0.01780100 -0.00934000 0.10418400
v -0.01506200 -0.01330800 0.10418400
v -0.01145300 -0.01650600 0.10418400
v -0.00718400 -0.01874600 0.10418400
v -0.00250300 -0.01990000 0.10418400
v 0.00231900 -0.01990000 0.10418400
v 0.00700000 -0.01874600 0.10418400
v 0.01126900 -0.01650600 0.10418400
v 0.01487800 -0.01330800 0.10418400
v 0.01761700 -0.00934000 0.10418400
v 0.01932700 -0.00483200 0.10418400
f 640 638 639
f 654 637 638
f 654 638 640
f 653 636 637
f 653 637 654
f 652 635 636
f 652 636 653
f 651 634 635
f 651 635 652
f 650 633 634
f 650 634 651
f 649 632 633
f 649 633 650
f 648 631 632
f 648 632 649
f 647 631 648
f 646 630 631
f 646 631 647
f 645 629 630
f 645 630 646
f 644 628 629
f 644 629 645
f 643 627 628
f 643 628 644
f 642 626 627
f 642 627 643
f 641 625 626
f 641 626 642
f 669 671 670
f 668 672 671
f 668 671 669
f 667 673 672
f 667 672 668
f 666 674 673
f 666 673 667
f 665 675 674
f 665 674 666
f 664 676 675
f 664 675 665
f 663 677 676
f 663 676 664
f 662 678 677
f 662 677 663
f 661 679 678
f 661 678 662
f 660 680 679
f 660 679 661
f 659 680 660
f 658 681 680
f 658 682 681
f 658 680 659
f 657 655 682
f 657 682 658
f 656 655 657
f 686 698 685
f 686 699 698
f 687 700 699
f 687 699 686
f 688 701 700
f 688 702 701
f 688 700 687
f 689 702 688
f 690 703 702
f 690 702 689
f 691 704 703
f 691 703 690
f 692 705 704
f 692 706 705
f 692 704 691
f 693 706 692
f 694 707 706
f 694 708 707
f 694 706 693
f 695 708 694
f 696 709 708
f 696 708 695
f 697 710 709
f 697 709 696
f 684 683 710
f 684 710 697
f 732 733 734
f 731 734 735
f 731 732 734
f 730 735 736
f 730 731 735
f 729 736 737
f 729 730 736
f 728 737 738
f 728 729 737
f 727 738 739
f 727 728 738
f 726 739 711
f 726 727 739
f 725 711 712
f 725 726 711
f 724 712 713
f 724 725 712
f 723 713 714
f 723 724 713
f 722 714 715
f 722 723 714
f 721 715 716
f 721 722 715
f 720 716 717
f 720 721 716
f 719 717 718
f 719 720 717
f 768 754 753
f 768 769 754
f 767 753 752
f 767 768 753
f 766 752 751
f 766 767 752
f 765 751 750
f 765 766 751
f 764 750 749
f 764 765 750
f 763 749 748
f 763 764 749
f 762 748 747
f 762 763 748
f 761 747 746
f 761 762 747
f 760 746 745
f 760 761 746
f 759 745 744
f 759 760 745
f 758 744 743
f 758 759 744
f 757 743 742
f 757 758 743
f 756 741 740
f 756 742 741
f 756 757 742
f 755 756 740
f 795 796 797
f 795 797 821
f 794 821 820
f 794 795 821
f 793 820 819
f 793 794 820
f 792 818 817
f 792 819 818
f 792 793 819
f 791 792 817
f 790 817 816
f 790 791 817
f 789 816 815
f 789 790 816
f 788 814 813
f 788 815 814
f 788 789 815
f 787 813 812
f 787 788 813
f 786 787 812
f 785 812 811
f 785 786 812
f 784 785 811
f 784 811 810
f 783 784 810
f 783 810 809
f 782 783 809
f 782 808 807
f 782 809 808
f 781 782 807
f 781 807 806
f 780 781 806
f 779 780 806
f 779 806 805
f 778 779 805
f 778 805 804
f 777 778 804
f 777 803 802
f 777 804 803
f 776 777 802
f 775 802 801
f 775 776 802
f 774 801 800
f 774 775 801
f 773 800 799
f 773 774 800
f 772 799 798
f 772 773 799
f 770 798 771
f 770 772 798
f 822 825 824
f 822 823 825
f 830 829 828
f 827 828 826
f 827 830 828
f 833 831 832
f 833 832 834
f 719 718 835
f 859 835 836
f 859 719 835
f 858 836 837
f 858 859 836
f 857 837 838
f 857 858 837
f 856 838 839
f 856 857 838
f 855 839 840
f 855 856 839
f 854 840 841
f 854 855 840
f 853 841 842
f 853 854 841
f 852 842 843
f 852 853 842
f 851 843 844
f 851 852 843
f 850 844 845
f 850 851 844
f 849 845 846
f 849 850 845
f 848 846 847
f 848 849 846
f 732 847 733
f 732 848 847
f 869 909 870
f 908 909 869
f 910 871 870
f 910 870 909
f 868 908 869
f 907 908 868
f 911 872 871
f 911 871 910
f 867 907 868
f 906 907 867
f 886 873 872
f 886 872 911
f 866 906 867
f 905 906 866
f 887 874 873
f 887 873 886
f 904 866 865
f 904 905 866
f 875 874 887
f 888 875 887
f 864 904 865
f 903 904 864
f 889 876 875
f 889 875 888
f 863 903 864
f 863 902 903
f 877 889 890
f 877 876 889
f 901 902 863
f 862 901 863
f 878 877 890
f 878 890 891
f 861 901 862
f 861 900 901
f 879 878 891
f 879 891 892
f 860 900 861
f 860 899 900
f 880 879 892
f 880 892 893
f 898 899 860
f 885 898 860
f 881 880 893
f 881 893 894
f 897 898 885
f 884 897 885
f 882 881 894
f 882 894 895
f 883 882 895
f 883 895 896
f 883 896 897
f 883 897 884
f 946 925 926
f 946 926 927
f 947 919 920
f 947 920 921
f 948 932 841
f 948 841 840
f 949 839 838
f 949 840 839
f 949 948 840
f 950 948 949
f 951 931 932
f 951 932 948
f 951 948 950
f 952 951 950
f 952 931 951
f 953 954 955
f 956 928 929
f 956 929 930
f 956 930 931
f 956 931 952
f 956 952 954
f 957 958 959
f 957 959 960
f 961 960 962
f 961 957 960
f 963 962 964
f 963 961 962
f 965 963 964
f 966 923 924
f 966 924 925
f 967 923 966
f 968 921 922
f 968 922 923
f 968 923 967
f 968 947 921
f 969 970 971
f 969 972 970
f 973 713 712
f 973 974 713
f 975 974 973
f 976 969 971
f 977 978 974
f 977 974 975
f 979 980 978
f 979 978 977
f 981 977 975
f 981 712 711
f 981 973 712
f 981 975 973
f 982 979 977
f 982 933 934
f 982 977 981
f 983 981 711
f 983 982 981
f 983 933 982
f 983 711 933
f 984 979 982
f 984 982 934
f 984 934 935
f 985 979 984
f 985 980 979
f 986 917 918
f 986 918 919
f 986 947 987
f 986 919 947
f 988 986 987
f 988 917 986
f 989 938 939
f 990 991 989
f 990 989 939
f 992 916 917
f 992 988 993
f 992 917 988
f 994 992 993
f 995 994 996
f 997 915 916
f 997 992 994
f 997 994 995
f 997 916 992
f 998 990 939
f 999 995 996
f 1000 914 915
f 1000 997 995
f 1000 995 999
f 1000 915 997
f 1001 939 940
f 1001 998 939
f 1002 999 996
f 1003 940 941
f 1003 1001 940
f 1003 996 1001
f 1003 1002 996
f 1004 914 1000
f 1004 1000 999
f 1004 999 1002
f 1005 1002 1003
f 1006 1003 941
f 1006 1007 1005
f 1006 941 942
f 1006 942 943
f 1006 943 944
f 1006 1005 1003
f 1008 912 913
f 1008 944 945
f 1008 945 912
f 1008 1007 1006
f 1008 1006 944
f 1009 955 954
f 1009 838 955
f 1009 949 838
f 1009 952 950
f 1009 950 949
f 1009 954 952
f 1010 955 838
f 1010 837 836
f 1010 838 837
f 1011 1010 1012
f 1011 955 1010
f 1011 1012 959
f 1013 955 1011
f 1013 1014 953
f 1013 953 955
f 1015 1013 1011
f 1015 1011 959
f 1016 927 928
f 1016 928 956
f 1016 956 954
f 1016 954 953
f 1016 946 927
f 1017 1015 959
f 1017 959 958
f 1018 1014 1013
f 1018 1015 1017
f 1018 1017 958
f 1018 1013 1015
f 1018 1019 1014
f 1020 925 946
f 1020 1016 953
f 1020 953 1014
f 1020 966 925
f 1020 1019 966
f 1020 946 1016
f 1020 1014 1019
f 1021 718 717
f 1021 962 960
f 1022 717 716
f 1022 1021 717
f 1023 962 1021
f 1023 964 962
f 1024 1021 1022
f 1024 1023 1021
f 1024 964 1023
f 1025 1018 958
f 1025 1019 1018
f 1025 958 957
f 1026 716 715
f 1027 964 1024
f 1028 1022 716
f 1028 1024 1022
f 1028 716 1026
f 1028 970 1027
f 1028 1027 1024
f 1029 1028 1026
f 1030 1027 970
f 1030 964 1027
f 1031 715 714
f 1031 1026 715
f 1031 1029 1026
f 1032 1029 1031
f 1033 964 1030
f 1033 965 964
f 1034 971 970
f 1034 1029 1032
f 1034 970 1028
f 1034 1028 1029
f 1035 1033 1030
f 1036 1019 1025
f 1036 966 1019
f 1036 967 966
f 1036 968 967
f 1036 947 968
f 1037 970 972
f 1037 1035 1030
f 1037 1030 970
f 1038 1032 1031
f 1038 971 1034
f 1038 1034 1032
f 1039 963 965
f 1040 965 1033
f 1040 1033 1035
f 1040 1037 972
f 1040 1035 1037
f 1040 1039 965
f 1040 1041 1039
f 1042 1038 1031
f 1042 714 713
f 1042 1031 714
f 1042 713 974
f 1043 1038 1042
f 1043 971 1038
f 1044 978 980
f 1044 1042 974
f 1044 974 978
f 1044 1043 1042
f 1045 1040 972
f 1045 1041 1040
f 1045 972 969
f 1046 987 947
f 1046 947 1036
f 1047 971 1043
f 1047 1043 1044
f 1048 1049 976
f 1048 976 971
f 1048 971 1047
f 1050 1048 1047
f 1050 1049 1048
f 1051 1047 1044
f 1051 1049 1050
f 1051 1050 1047
f 1052 1051 1044
f 1052 980 985
f 1052 1044 980
f 1053 1051 1052
f 1053 1049 1051
f 1054 1041 1045
f 1055 1053 1052
f 1055 1052 985
f 1056 1055 985
f 1056 984 935
f 1056 935 936
f 1056 936 937
f 1056 985 984
f 1057 1053 1055
f 1057 1055 1056
f 1057 1056 937
f 1057 1049 1053
f 1058 988 987
f 1058 993 988
f 1058 994 993
f 1058 996 994
f 1059 1060 1049
f 1059 1061 1060
f 1059 991 1061
f 1059 1049 1057
f 1059 989 991
f 1062 1059 1057
f 1062 989 1059
f 1063 1061 991
f 1063 991 990
f 1063 990 998
f 1064 1062 1057
f 1064 1057 937
f 1064 937 938
f 1064 989 1062
f 1064 938 989
f 1065 1066 1063
f 1065 1063 998
f 1065 1001 996
f 1065 998 1001
f 1067 913 914
f 1067 1005 1007
f 1067 914 1004
f 1067 1004 1002
f 1067 1002 1005
f 1067 1008 913
f 1067 1007 1008
f 1068 1012 1010
f 1068 836 835
f 1068 1010 836
f 1068 959 1012
f 1069 963 1039
f 1069 957 961
f 1069 961 963
f 1069 1025 957
f 1070 1025 1069
f 1070 1036 1025
f 1070 1046 1036
f 1071 1070 1069
f 1071 1069 1039
f 1071 1046 1070
f 1071 1039 1041
f 1071 1041 1046
f 1072 1041 1054
f 1072 1054 1058
f 1072 1058 987
f 1072 987 1046
f 1072 1046 1041
f 1073 969 976
f 1073 1045 969
f 1074 976 1049
f 1074 1049 1060
f 1074 1060 1061
f 1074 1073 976
f 1074 1061 1073
f 1075 1054 1045
f 1075 1061 1063
f 1075 1063 1066
f 1075 1045 1073
f 1075 1073 1061
f 1076 1075 1066
f 1076 1058 1054
f 1076 996 1058
f 1076 1065 996
f 1076 1066 1065
f 1076 1054 1075
f 1077 1068 835
f 1077 835 718
f 1078 1021 960
f 1078 718 1021
f 1078 959 1068
f 1078 1077 718
f 1078 960 959
f 1078 1068 1077
f 1079 931 930
f 1098 1082 1083
f 1098 1083 1084
f 1099 1084 1085
f 1099 1098 1084
f 1100 1085 1086
f 1100 1086 1087
f 1100 1087 1088
f 1100 1099 1085
f 1101 842 841
f 1101 841 932
f 1102 842 1101
f 1102 843 842
f 1102 844 843
f 1103 1102 1101
f 1104 1103 1101
f 1104 1101 932
f 1105 1103 1104
f 1106 844 1102
f 1106 845 844
f 1106 1103 1105
f 1106 1102 1103
f 1107 1106 1105
f 1108 1106 1107
f 1109 847 846
f 1110 1081 1082
f 1110 1111 1108
f 1110 1082 1098
f 1112 733 847
f 1112 847 1109
f 1113 1112 1109
f 1114 1112 1113
f 1115 1116 1112
f 1115 1112 1114
f 1117 1099 1100
f 1117 1114 1113
f 1118 1116 1115
f 1119 1120 1116
f 1119 1116 1118
f 1121 1122 1120
f 1121 1120 1119
f 1123 1119 1118
f 1123 1100 1124
f 1125 1122 1121
f 1126 1122 1125
f 1126 1127 1122
f 1128 1124 1129
f 1128 1123 1124
f 1128 1121 1119
f 1128 1119 1123
f 1128 1125 1121
f 1128 1126 1125
f 1130 1127 1126
f 1131 739 738
f 1131 738 1132
f 1133 1131 1132
f 1134 1127 1130
f 1135 1132 1136
f 1135 1133 1132
f 1137 1135 1136
f 1137 1136 1138
f 1139 739 1131
f 1139 1131 1133
f 1139 1133 1135
f 1139 711 739
f 1140 1130 1126
f 1140 1129 1141
f 1140 1126 1128
f 1140 1128 1129
f 1142 934 933
f 1142 1135 1137
f 1142 1139 1135
f 1143 933 711
f 1143 711 1139
f 1143 1142 933
f 1143 1139 1142
f 1144 935 934
f 1144 934 1142
f 1144 1142 1137
f 1145 1137 1138
f 1145 1144 1137
f 1146 1100 1088
f 1146 1088 1089
f 1146 1089 1090
f 1147 1100 1146
f 1147 1124 1100
f 1148 1129 1124
f 1148 1124 1147
f 1149 1148 1147
f 1150 1147 1146
f 1150 1090 1091
f 1150 1146 1090
f 1150 1149 1147
f 1151 1148 1149
f 1152 1148 1151
f 1153 1091 1092
f 1153 1150 1091
f 1153 1149 1150
f 1153 1151 1149
f 1153 1152 1151
f 1154 1141 1129
f 1154 1129 1148
f 1154 1148 1152
f 1155 1154 1152
f 1156 1092 1093
f 1156 1153 1092
f 1156 1152 1153
f 1156 1155 1152
f 1157 1154 1155
f 1158 1141 1154
f 1158 1154 1157
f 1159 939 938
f 1159 1160 1161
f 1159 1162 939
f 1159 1163 1160
f 1159 1161 1164
f 1159 1164 1162
f 1165 1156 1093
f 1165 1093 1094
f 1165 1155 1156
f 1165 1157 1155
f 1165 1158 1157
f 1166 1141 1158
f 1167 1158 1165
f 1167 1094 1095
f 1167 1166 1158
f 1167 1165 1094
f 1168 1141 1166
f 1169 1168 1166
f 1170 1166 1167
f 1170 1167 1095
f 1170 1095 1096
f 1170 1169 1166
f 1171 1169 1170
f 1171 1168 1169
f 1172 940 939
f 1172 941 940
f 1172 939 1162
f 1173 1170 1096
f 1173 1171 1170
f 1173 1096 1097
f 1173 1174 1171
f 1175 942 941
f 1175 1174 1173
f 1175 941 1172
f 1176 943 942
f 1176 944 943
f 1176 945 944
f 1176 912 945
f 1176 942 1175
f 1176 1173 1097
f 1176 1175 1173
f 1176 1097 912
f 1177 932 931
f 1177 1104 932
f 1177 1105 1104
f 1177 1107 1105
f 1178 1177 931
f 1178 1079 1080
f 1178 931 1079
f 1179 846 845
f 1179 1109 846
f 1179 845 1106
f 1180 1179 1106
f 1180 1108 1111
f 1180 1109 1179
f 1180 1113 1109
f 1180 1111 1113
f 1180 1106 1108
f 1181 1111 1110
f 1182 734 733
f 1182 1112 1116
f 1182 733 1112
f 1183 1111 1181
f 1183 1117 1113
f 1183 1113 1111
f 1184 1098 1099
f 1184 1181 1110
f 1184 1183 1181
f 1184 1117 1183
f 1184 1099 1117
f 1184 1110 1098
f 1185 1182 1116
f 1185 1116 1120
f 1186 735 734
f 1186 1182 1185
f 1186 734 1182
f 1187 736 735
f 1187 735 1186
f 1188 1120 1122
f 1188 1185 1120
f 1188 1186 1185
f 1188 1187 1186
f 1189 1187 1188
f 1190 737 736
f 1190 736 1187
f 1190 1187 1189
f 1191 1114 1117
f 1191 1115 1114
f 1191 1117 1100
f 1191 1100 1123
f 1191 1118 1115
f 1191 1123 1118
f 1192 1190 1189
f 1193 1189 1188
f 1193 1192 1189
f 1193 1188 1122
f 1193 1122 1127
f 1194 1190 1192
f 1194 1192 1193
f 1194 1193 1127
f 1195 738 737
f 1195 737 1190
f 1195 1190 1194
f 1195 1132 738
f 1196 1194 1127
f 1196 1195 1194
f 1197 1136 1132
f 1197 1132 1195
f 1197 1138 1136
f 1197 1195 1196
f 1198 1197 1196
f 1198 1196 1127
f 1199 1134 1200
f 1199 1127 1134
f 1199 1198 1127
f 1201 1199 1200
f 1201 1198 1199
f 1202 1197 1198
f 1202 1201 1200
f 1202 1198 1201
f 1203 1197 1202
f 1203 1145 1138
f 1203 1138 1197
f 1204 1202 1200
f 1204 1203 1202
f 1205 1130 1140
f 1205 1134 1130
f 1206 1134 1205
f 1206 1200 1134
f 1207 1206 1205
f 1208 1145 1203
f 1208 1203 1204
f 1209 1160 1207
f 1209 1207 1205
f 1209 1205 1140
f 1210 1160 1209
f 1210 1209 1140
f 1210 1161 1160
f 1210 1140 1141
f 1211 936 935
f 1211 937 936
f 1211 1145 1208
f 1211 935 1144
f 1211 1144 1145
f 1212 937 1211
f 1212 1204 1200
f 1212 1208 1204
f 1212 1211 1208
f 1213 1200 1206
f 1213 1207 1160
f 1213 1206 1207
f 1213 1212 1200
f 1213 1160 1163
f 1214 1212 1213
f 1214 1213 1163
f 1215 938 937
f 1215 937 1212
f 1215 1214 1163
f 1215 1212 1214
f 1215 1163 1159
f 1215 1159 938
f 1216 1161 1210
f 1216 1210 1141
f 1216 1164 1161
f 1217 1141 1168
f 1217 1216 1141
f 1217 1164 1216
f 1217 1162 1164
f 1218 1168 1171
f 1218 1217 1168
f 1218 1162 1217
f 1219 1218 1171
f 1219 1172 1162
f 1219 1174 1175
f 1219 1175 1172
f 1219 1162 1218
f 1219 1171 1174
f 1220 1081 1110
f 1220 1080 1081
f 1220 1107 1177
f 1220 1178 1080
f 1220 1108 1107
f 1220 1177 1178
f 1220 1110 1108
f 1225 1226 1227
f 1225 1227 1228
f 1233 1231 1232
f 922 921 1221
f 928 1237 1238
f 929 1238 1239
f 929 928 1238
f 930 1239 1240
f 930 929 1239
f 1241 1228 1229
f 1241 1229 1230
f 1241 1230 1231
f 1241 1225 1228
f 1241 1231 1233
f 1242 1224 1225
f 1242 1225 1241
f 1243 1242 1241
f 1243 1241 1233
f 1244 1243 1233
f 1244 1242 1243
f 1244 1224 1242
f 1245 1233 1234
f 1245 1244 1233
f 1246 1224 1244
f 1246 1244 1245
f 1247 1223 1224
f 1247 1224 1246
f 1248 1234 1235
f 1249 1250 1248
f 1249 1248 1235
f 1251 1222 1223
f 1252 1251 1249
f 1253 1235 1236
f 1253 1252 1249
f 1253 1249 1235
f 1254 1252 1253
f 1255 923 922
f 1255 1221 1222
f 1255 922 1221
f 1256 1255 1257
f 1256 924 923
f 1256 925 924
f 1256 1257 1258
f 1256 1258 925
f 1256 923 1255
f 1259 926 925
f 1259 927 926
f 1259 928 927
f 1259 1236 1237
f 1259 925 1258
f 1259 1258 1254
f 1259 1237 928
f 1259 1253 1236
f 1259 1254 1253
f 1260 1248 1250
f 1260 1246 1245
f 1260 1234 1248
f 1260 1250 1247
f 1260 1245 1234
f 1260 1247 1246
f 1261 1223 1247
f 1261 1251 1223
f 1261 1250 1249
f 1261 1247 1250
f 1261 1249 1251
f 1262 1222 1251
f 1262 1251 1252
f 1262 1254 1258
f 1262 1252 1254
f 1263 1255 1222
f 1263 1257 1255
f 1263 1222 1262
f 1263 1258 1257
f 1263 1262 1258
f 1267 1276 1277
f 1225 1275 1276
f 1225 1276 1267
f 1266 1275 1225
f 1268 1269 1270
f 913 1268 1270
f 920 919 1221
f 1264 920 1221
f 1278 1266 1265
f 1278 1273 1274
f 1278 1274 1275
f 1278 1275 1266
f 1279 1265 1222
f 1279 1272 1273
f 1279 1273 1278
f 1279 1278 1265
f 1280 917 916
f 1280 1271 1272
f 1281 914 913
f 1281 1270 1271
f 1281 913 1270
f 1282 915 914
f 1282 916 915
f 1282 1271 1280
f 1282 1281 1271
f 1282 1280 916
f 1282 914 1281
f 1283 1280 1272
f 1283 1279 1222
f 1283 1272 1279
f 1284 1222 1221
f 1284 1283 1222
f 1285 918 917
f 1285 919 918
f 1285 917 1280
f 1285 1284 1221
f 1285 1280 1283
f 1285 1283 1284
f 1285 1221 919
f 1302 1303 1287
f 1288 1287 1286
f 1301 1302 1287
f 1301 1287 1288
f 1268 1294 1269
f 1296 1293 1294
f 1296 1294 1268
f 1096 1293 1296
f 1087 1297 1088
f 1304 1288 1289
f 1304 1300 1301
f 1304 1301 1288
f 1305 1289 1290
f 1305 1299 1300
f 1305 1304 1289
f 1305 1300 1304
f 1306 1298 1299
f 1306 1299 1305
f 1306 1305 1290
f 1307 1298 1306
f 1308 1291 1292
f 1309 1291 1308
f 1310 1292 1293
f 1310 1096 1095
f 1310 1293 1096
f 1311 1095 1094
f 1311 1292 1310
f 1311 1310 1095
f 1311 1308 1292
f 1312 1093 1092
f 1312 1094 1093
f 1312 1308 1311
f 1312 1309 1308
f 1312 1311 1094
f 1312 1313 1309
f 1314 1091 1295
f 1314 1092 1091
f 1314 1312 1092
f 1314 1313 1312
f 1315 1290 1291
f 1315 1307 1306
f 1315 1313 1307
f 1315 1309 1313
f 1315 1306 1290
f 1315 1291 1309
f 1316 1089 1088
f 1316 1295 1089
f 1316 1297 1298
f 1316 1298 1307
f 1316 1307 1313
f 1316 1314 1295
f 1316 1313 1314
f 1316 1088 1297
f 1330 1327 1328
f 1323 1324 1325
f 1086 1297 1087
f 1079 1240 1317
f 1079 1317 1080
f 930 1240 1079
f 1331 1325 1326
f 1331 1326 1327
f 1331 1327 1330
f 1331 1323 1325
f 1332 1323 1331
f 1332 1331 1330
f 1333 1330 1329
f 1333 1332 1330
f 1334 1332 1333
f 1335 1322 1323
f 1335 1323 1332
f 1335 1332 1334
f 1336 1335 1334
f 1336 1322 1335
f 1336 1334 1333
f 1336 1333 1329
f 1337 1336 1329
f 1338 1321 1322
f 1338 1322 1336
f 1338 1336 1337
f 1338 1337 1321
f 1339 1329 1299
f 1339 1337 1329
f 1340 1337 1339
f 1341 1320 1321
f 1341 1337 1340
f 1341 1321 1337
f 1342 1341 1340
f 1343 1299 1298
f 1343 1344 1342
f 1345 1320 1341
f 1345 1341 1342
f 1345 1342 1344
f 1346 1344 1343
f 1347 1086 1085
f 1347 1297 1086
f 1348 1349 1347
f 1348 1084 1083
f 1348 1085 1084
f 1348 1347 1085
f 1348 1083 1349
f 1350 1318 1319
f 1350 1346 1349
f 1350 1083 1082
f 1350 1349 1083
f 1351 1317 1318
f 1351 1350 1082
f 1351 1081 1080
f 1351 1082 1081
f 1351 1080 1317
f 1351 1318 1350
f 1352 1339 1299
f 1352 1340 1339
f 1352 1342 1340
f 1352 1299 1343
f 1352 1343 1342
f 1353 1347 1349
f 1353 1349 1346
f 1353 1298 1297
f 1353 1343 1298
f 1353 1346 1343
f 1353 1297 1347
f 1354 1344 1346
f 1354 1350 1319
f 1354 1319 1320
f 1354 1320 1345
f 1354 1346 1350
f 1354 1345 1344
f 1393 1380 1394
f 1379 1380 1393
f 1381 1394 1380
f 1395 1394 1381
f 1392 1379 1393
f 1378 1379 1392
f 1382 1395 1381
f 1396 1395 1382
f 1391 1378 1392
f 1377 1378 1391
f 1383 1396 1382
f 1355 1396 1383
f 1356 1396 1355
f 1390 1377 1391
f 1376 1377 1390
f 1397 1356 1357
f 1397 1357 1358
f 1359 1397 1358
f 1389 1376 1390
f 1375 1376 1389
f 1398 1397 1359
f 1360 1398 1359
f 1388 1375 1389
f 1374 1375 1388
f 1399 1398 1360
f 1361 1399 1360
f 1387 1374 1388
f 1400 1399 1361
f 1362 1400 1361
f 1386 1373 1387
f 1401 1400 1362
f 1363 1401 1362
f 1385 1372 1386
f 1402 1401 1363
f 1364 1402 1363
f 1384 1371 1385
f 1403 1402 1364
f 1365 1403 1364
f 1408 1370 1384
f 1404 1403 1365
f 1407 1369 1408
f 1366 1404 1365
f 1405 1404 1366
f 1406 1368 1407
f 1367 1406 1405
f 1367 1405 1366
f 1367 1368 1406
f 1368 1369 1407
f 1369 1370 1408
f 1370 1371 1384
f 1371 1372 1385
f 1372 1373 1386
f 1373 1374 1387
f 1423 1424 1425
f 1410 1428 1409
f 1227 1226 1417
f 1232 1231 1416
f 1429 1425 1426
f 1429 1426 1427
f 1429 1427 1428
f 1429 1423 1425
f 1429 1428 1410
f 1430 1422 1423
f 1430 1423 1429
f 1431 1430 1429
f 1431 1429 1410
f 1432 1431 1410
f 1432 1430 1431
f 1432 1422 1430
f 1433 1421 1422
f 1434 1433 1422
f 1434 1422 1432
f 1435 1410 1411
f 1435 1411 1434
f 1435 1432 1410
f 1435 1434 1432
f 1436 1434 1411
f 1436 1433 1434
f 1437 1420 1421
f 1437 1421 1433
f 1437 1433 1436
f 1438 1437 1436
f 1439 1411 1412
f 1439 1438 1436
f 1439 1436 1411
f 1440 1420 1437
f 1440 1439 1412
f 1440 1437 1438
f 1440 1438 1439
f 1441 1419 1420
f 1441 1420 1440
f 1442 1441 1440
f 1443 1412 1413
f 1443 1440 1412
f 1443 1442 1440
f 1444 1419 1441
f 1444 1443 1413
f 1444 1441 1442
f 1444 1442 1443
f 1445 1418 1419
f 1445 1419 1444
f 1446 1445 1444
f 1447 1413 1414
f 1447 1446 1444
f 1447 1444 1413
f 1448 1445 1446
f 1448 1446 1447
f 1448 1418 1445
f 1449 1417 1418
f 1450 1418 1448
f 1450 1449 1418
f 1451 1448 1447
f 1451 1447 1414
f 1451 1414 1415
f 1451 1450 1448
f 1452 1417 1449
f 1452 1449 1450
f 1452 1451 1415
f 1452 1450 1451
f 1453 1417 1452
f 1454 1415 1416
f 1454 1452 1415
f 1454 1453 1452
f 1455 1228 1227
f 1455 1229 1228
f 1455 1230 1229
f 1455 1231 1230
f 1455 1417 1453
f 1455 1454 1416
f 1455 1453 1454
f 1455 1227 1417
f 1455 1416 1231
f 1277 1417 1226
f 1465 1418 1417
f 1465 1417 1277
f 1466 1419 1418
f 1466 1418 1465
f 1467 1420 1419
f 1467 1419 1466
f 1468 1421 1420
f 1468 1420 1467
f 1469 1422 1421
f 1469 1421 1468
f 1470 1423 1422
f 1470 1422 1469
f 1471 1424 1423
f 1471 1423 1470
f 1472 1463 1464
f 1472 1464 1424
f 1472 1424 1471
f 1473 1462 1463
f 1473 1463 1472
f 1474 1461 1462
f 1474 1462 1473
f 1475 1460 1461
f 1475 1461 1474
f 1476 1459 1460
f 1476 1460 1475
f 1477 1458 1459
f 1477 1459 1476
f 1478 1458 1477
f 1456 1328 1458
f 1456 1458 1478
f 1457 1456 1478
f 1303 1328 1456
f 1535 1502 1501
f 1534 1503 1502
f 1534 1502 1535
f 1536 1501 1500
f 1536 1535 1501
f 1533 1504 1503
f 1533 1503 1534
f 1537 1500 1499
f 1537 1536 1500
f 1532 1505 1504
f 1532 1483 1505
f 1532 1504 1533
f 1512 1499 1498
f 1512 1498 1294
f 1512 1537 1499
f 1531 1484 1483
f 1531 1483 1532
f 1513 1294 1511
f 1513 1512 1294
f 1510 1513 1511
f 1530 1485 1484
f 1530 1484 1531
f 1514 1513 1510
f 1509 1514 1510
f 1529 1485 1530
f 1486 1485 1529
f 1515 1514 1509
f 1528 1486 1529
f 1508 1515 1509
f 1487 1486 1528
f 1516 1515 1508
f 1527 1487 1528
f 1507 1516 1508
f 1517 1516 1507
f 1488 1487 1527
f 1506 1517 1507
f 1506 1518 1517
f 1489 1488 1527
f 1489 1527 1526
f 1490 1526 1525
f 1490 1489 1526
f 1479 1519 1518
f 1479 1518 1506
f 1480 1479 1506
f 1481 1519 1479
f 1491 1525 1524
f 1491 1490 1525
f 1497 1481 1482
f 1497 1520 1519
f 1497 1519 1481
f 1492 1524 1523
f 1492 1491 1524
f 1496 1521 1520
f 1496 1520 1497
f 1493 1523 1522
f 1493 1492 1523
f 1495 1521 1496
f 1494 1522 1521
f 1494 1493 1522
f 1494 1521 1495
f 1425 1424 1464
f 1428 1427 1544
f 1409 1428 1544
f 1545 1538 1539
f 1545 1459 1458
f 1546 1539 1540
f 1546 1460 1459
f 1546 1545 1539
f 1546 1459 1545
f 1547 1540 1541
f 1547 1461 1460
f 1547 1546 1540
f 1547 1460 1546
f 1548 1541 1542
f 1548 1462 1461
f 1548 1547 1541
f 1548 1461 1547
f 1549 1542 1543
f 1549 1463 1462
f 1549 1548 1542
f 1549 1462 1548
f 1550 1327 1326
f 1550 1328 1327
f 1550 1458 1328
f 1551 1325 1324
f 1551 1326 1325
f 1551 1324 1538
f 1551 1550 1326
f 1552 1458 1550
f 1552 1551 1538
f 1552 1550 1551
f 1553 1538 1545
f 1553 1545 1458
f 1553 1552 1538
f 1553 1458 1552
f 1554 1463 1549
f 1554 1549 1543
f 1555 1464 1463
f 1555 1463 1554
f 1556 1554 1543
f 1556 1555 1554
f 1557 1555 1556
f 1558 1464 1555
f 1558 1555 1557
f 1559 1543 1544
f 1559 1556 1543
f 1559 1557 1556
f 1559 1558 1557
f 1560 1426 1425
f 1560 1427 1426
f 1560 1559 1544
f 1560 1425 1464
f 1560 1464 1558
f 1560 1544 1427
f 1560 1558 1559
f 1564 1562 1563
f 1561 1562 1564
f 1578 1579 1592
f 1577 1592 1591
f 1577 1578 1592
f 1576 1591 1590
f 1576 1577 1591
f 1575 1590 1589
f 1575 1576 1590
f 1574 1575 1589
f 1573 1589 1588
f 1573 1574 1589
f 1572 1588 1587
f 1572 1573 1588
f 1571 1586 1585
f 1571 1587 1586
f 1571 1572 1587
f 1570 1585 1584
f 1570 1571 1585
f 1569 1584 1583
f 1569 1570 1584
f 1568 1583 1582
f 1568 1569 1583
f 1567 1582 1581
f 1567 1568 1582
f 1566 1567 1581
f 1565 1581 1580
f 1565 1566 1581
f 1593 1595 1596
f 1594 1595 1593
f 1624 1610 1611
f 1609 1610 1624
f 1623 1609 1624
f 1608 1623 1622
f 1608 1609 1623
f 1607 1608 1622
f 1606 1622 1621
f 1606 1607 1622
f 1605 1621 1620
f 1605 1606 1621
f 1604 1620 1619
f 1604 1605 1620
f 1603 1618 1617
f 1603 1619 1618
f 1603 1604 1619
f 1602 1617 1616
f 1602 1603 1617
f 1601 1616 1615
f 1601 1602 1616
f 1600 1615 1614
f 1600 1601 1615
f 1599 1614 1613
f 1599 1600 1614
f 1598 1599 1613
f 1612 1598 1613
f 1597 1598 1612
f 1626 1627 1628
f 1626 1628 1630
f 1625 1630 1629
f 1625 1626 1630
f 1636 1634 1635
f 1633 1634 1636
f 1631 1633 1636
f 1632 1633 1631
f 1650 1651 1664
f 1649 1664 1663
f 1649 1650 1664
f 1648 1663 1662
f 1648 1649 1663
f 1647 1662 1661
f 1647 1648 1662
f 1646 1647 1661
f 1645 1661 1660
f 1645 1646 1661
f 1644 1660 1659
f 1644 1645 1660
f 1643 1658 1657
f 1643 1659 1658
f 1643 1644 1659
f 1642 1657 1656
f 1642 1643 1657
f 1641 1656 1655
f 1641 1642 1656
f 1640 1655 1654
f 1640 1641 1655
f 1639 1654 1653
f 1639 1640 1654
f 1638 1639 1653
f 1637 1653 1652
f 1637 1638 1653
f 1667 1668 1669
f 1667 1669 1672
f 1666 1672 1671
f 1666 1667 1672
f 1665 1671 1670
f 1665 1666 1671
f 1676 1677 1678
f 1676 1678 1682
f 1675 1682 1681
f 1675 1676 1682
f 1674 1681 1680
f 1674 1675 1681
f 1673 1680 1679
f 1673 1674 1680
f 1687 1686 1683
f 1688 1685 1686
f 1688 1686 1687
f 1689 1683 1684
f 1689 1684 1685
f 1689 1687 1683
f 1689 1685 1688
f 1689 1688 1687
f 1702 1703 1704
f 1702 1704 1717
f 1701 1717 1716
f 1701 1702 1717
f 1700 1716 1715
f 1700 1701 1716
f 1699 1715 1714
f 1699 1700 1715
f 1698 1714 1713
f 1698 1699 1714
f 1697 1713 1712
f 1697 1698 1713
f 1696 1711 1710
f 1696 1712 1711
f 1696 1697 1712
f 1695 1710 1709
f 1695 1696 1710
f 1694 1709 1708
f 1694 1695 1709
f 1693 1708 1707
f 1693 1694 1708
f 1692 1707 1706
f 1692 1693 1707
f 1691 1692 1706
f 1690 1706 1705
f 1690 1691 1706
f 1719 1720 1721
f 1719 1721 1718
f 1734 1735 1736
f 1734 1736 1749
f 1733 1749 1748
f 1733 1734 1749
f 1732 1748 1747
f 1732 1733 1748
f 1731 1747 1746
f 1731 1732 1747
f 1730 1746 1745
f 1730 1731 1746
f 1729 1745 1744
f 1729 1730 1745
f 1728 1743 1742
f 1728 1744 1743
f 1728 1729 1744
f 1727 1742 1741
f 1727 1728 1742
f 1726 1741 1740
f 1726 1727 1741
f 1725 1740 1739
f 1725 1726 1740
f 1724 1739 1738
f 1724 1725 1739
f 1723 1724 1738
f 1737 1723 1738
f 1722 1723 1737
f 1750 1751 1752
f 1750 1752 1753
f 1759 1756 1757
f 1755 1756 1759
f 1758 1755 1759
f 1754 1755 1758
f 1764 1761 1762
f 1765 1762 1763
f 1765 1764 1762
f 1766 1760 1761
f 1766 1763 1760
f 1766 1761 1764
f 1766 1765 1763
f 1766 1764 1765
f 1771 1772 1773
f 1771 1777 1776
f 1771 1773 1777
f 1770 1776 1775
f 1770 1771 1776
f 1769 1775 1774
f 1769 1770 1775
f 1768 1774 1767
f 1768 1769 1774
f 1780 1781 1782
f 1780 1782 1785
f 1784 1780 1785
f 1779 1780 1784
f 1783 1779 1784
f 1778 1779 1783
f 1798 1799 1800
f 1798 1800 1813
f 1797 1813 1812
f 1797 1798 1813
f 1796 1812 1811
f 1796 1797 1812
f 1795 1811 1810
f 1795 1796 1811
f 1794 1810 1809
f 1794 1795 1810
f 1793 1809 1808
f 1793 1794 1809
f 1792 1807 1806
f 1792 1808 1807
f 1792 1793 1808
f 1791 1806 1805
f 1791 1792 1806
f 1790 1805 1804
f 1790 1791 1805
f 1789 1804 1803
f 1789 1790 1804
f 1788 1803 1802
f 1788 1789 1803
f 1787 1788 1802
f 1801 1787 1802
f 1786 1787 1801
f 1815 1816 1817
f 1815 1817 1819
f 1814 1819 1818
f 1814 1815 1819
f 1845 755 740
f 1845 740 1832
f 1844 1832 1831
f 1844 1845 1832
f 1843 1830 1829
f 1843 1831 1830
f 1843 1844 1831
f 1842 1843 1829
f 1841 1828 1827
f 1841 1829 1828
f 1841 1842 1829
f 1840 1827 1826
f 1840 1841 1827
f 1839 1826 1825
f 1839 1840 1826
f 1838 1825 1824
f 1838 1839 1825
f 1837 1824 1823
f 1837 1838 1824
f 1836 1823 1822
f 1836 1837 1823
f 1835 1822 1821
f 1835 1836 1822
f 1834 1821 1820
f 1834 1835 1821
f 1833 1820 754
f 1833 1834 1820
f 769 1833 754
f 1846 1847 1848
f 1846 1848 1849
f 1850 1851 1852
f 1850 1852 1853
f 1857 1855 1856
f 1854 1855 1857
f 1871 1872 1885
f 1870 1871 1885
f 1869 1885 1884
f 1869 1870 1885
f 1868 1884 1883
f 1868 1869 1884
f 1867 1883 1882
f 1867 1868 1883
f 1866 1882 1881
f 1866 1867 1882
f 1865 1881 1880
f 1865 1866 1881
f 1864 1879 1878
f 1864 1880 1879
f 1864 1865 1880
f 1863 1878 1877
f 1863 1864 1878
f 1862 1877 1876
f 1862 1863 1877
f 1861 1876 1875
f 1861 1862 1876
f 1860 1875 1874
f 1860 1861 1875
f 1859 1860 1874
f 1858 1874 1873
f 1858 1859 1874
f 1889 1887 1888
f 1886 1887 1889
f 1893 1894 1895
f 1893 1900 1899
f 1893 1895 1900
f 1892 1899 1898
f 1892 1893 1899
f 1891 1898 1897
f 1891 1892 1898
f 1890 1897 1896
f 1890 1891 1897
f 1901 1902 1903
f 1901 1903 1904
f 1908 1909 1910
f 1908 1915 1914
f 1908 1910 1915
f 1907 1914 1913
f 1907 1908 1914
f 1906 1913 1912
f 1906 1907 1913
f 1905 1912 1911
f 1905 1906 1912
f 1916 1917 1918
f 1916 1918 1919
f 1920 1921 1922
f 1920 1922 1923
f 641 1936 625
f 1949 1935 1936
f 1949 1936 641
f 1948 1934 1935
f 1948 1935 1949
f 1947 1933 1934
f 1947 1934 1948
f 1946 1932 1933
f 1946 1933 1947
f 1945 1931 1932
f 1945 1932 1946
f 1944 1930 1931
f 1944 1931 1945
f 1943 1929 1930
f 1943 1930 1944
f 1942 1928 1929
f 1942 1929 1943
f 1941 1927 1928
f 1941 1928 1942
f 1940 1926 1927
f 1940 1927 1941
f 1939 1925 1926
f 1939 1926 1940
f 1938 1924 1925
f 1938 1925 1939
f 1937 639 1924
f 1937 1924 1938
f 640 639 1937
f 1956 1954 1955
f 1960 1954 1956
f 1959 1953 1954
f 1959 1954 1960
f 1958 1952 1953
f 1958 1953 1959
f 1957 1952 1958
f 1951 1952 1957
f 1950 1951 1957
f 1962 1963 1964
f 1961 1962 1964
f 1971 1969 1970
f 1975 1969 1971
f 1974 1968 1969
f 1974 1969 1975
f 1973 1967 1968
f 1973 1968 1974
f 1972 1967 1973
f 1966 1967 1972
f 1965 1966 1972
f 1977 1978 1979
f 1976 1977 1979
f 2008 1994 1995
f 2008 1995 1996
f 2007 1993 1994
f 2007 1994 2008
f 2006 1991 1992
f 2006 1992 1993
f 2006 1993 2007
f 2005 1990 1991
f 2005 1991 2006
f 2004 1989 1990
f 2004 1990 2005
f 2003 1988 1989
f 2003 1989 2004
f 2002 1987 1988
f 2002 1988 2003
f 2001 1986 1987
f 2001 1987 2002
f 2000 1985 1986
f 2000 1986 2001
f 1999 1984 1985
f 1999 1985 2000
f 1998 1983 1984
f 1998 1984 1999
f 1997 1982 1983
f 1997 1983 1998
f 1981 1982 1997
f 1980 1981 1997
f 2010 2011 2012
f 2009 2010 2012
f 2013 2014 2015
f 2013 2015 2016
f 2018 2017 2019
f 2018 2019 2020
f 2021 683 684
f 2021 2033 683
f 2022 2034 2033
f 2022 2033 2021
f 2023 2035 2034
f 2023 2036 2035
f 2023 2034 2022
f 2024 2036 2023
f 2025 2037 2036
f 2025 2036 2024
f 2026 2038 2037
f 2026 2037 2025
f 2027 2039 2038
f 2027 2038 2026
f 2028 2040 2039
f 2028 2039 2027
f 2029 2041 2040
f 2029 2042 2041
f 2029 2040 2028
f 2030 2043 2042
f 2030 2042 2029
f 2031 2043 2030
f 2032 2044 2043
f 2032 2043 2031
f 685 698 2044
f 685 2044 2032
f 2070 2067 2068
f 2070 2068 2069
f 2046 2070 2045
f 2063 2064 2065
f 2048 2046 2047
f 2048 2062 2063
f 2048 2065 2066
f 2048 2066 2067
f 2048 2067 2070
f 2048 2070 2046
f 2048 2063 2065
f 2059 2060 2061
f 2051 2049 2050
f 2058 2061 2062
f 2058 2059 2061
f 2052 2048 2049
f 2052 2062 2048
f 2052 2049 2051
f 2056 2057 2058
f 2054 2052 2053
f 2054 2062 2052
f 2055 2058 2062
f 2055 2056 2058
f 2055 2062 2054
f 2071 2074 2073
f 2072 2074 2071
f 2078 2075 2076
f 2078 2077 2075
f 2080 2082 2081
f 2080 2079 2082
f 2087 2085 2086
f 2083 2084 2087
f 2084 2085 2087
f 2126 2101 2100
f 2125 2100 2099
f 2125 2126 2100
f 2127 2102 2101
f 2127 2101 2126
f 2124 2099 2098
f 2124 2125 2099
f 2128 2103 2102
f 2128 2102 2127
f 2123 2098 2097
f 2123 2124 2098
f 2129 2104 2103
f 2129 2103 2128
f 2122 2097 2096
f 2122 2123 2097
f 2130 2105 2104
f 2130 2104 2129
f 2121 2122 2096
f 2095 2121 2096
f 2131 2105 2130
f 2106 2105 2131
f 2120 2121 2095
f 2132 2106 2131
f 2094 2120 2095
f 2119 2120 2094
f 2107 2106 2132
f 2133 2107 2132
f 2093 2118 2119
f 2093 2119 2094
f 2108 2107 2133
f 2108 2133 2134
f 2092 2118 2093
f 2092 2117 2118
f 2109 2108 2134
f 2109 2134 2135
f 2089 2116 2117
f 2089 2117 2092
f 2088 2089 2092
f 2090 2116 2089
f 2090 2141 2116
f 2110 2109 2135
f 2110 2135 2136
f 2115 2090 2091
f 2115 2141 2090
f 2115 2140 2141
f 2111 2136 2137
f 2111 2110 2136
f 2114 2139 2140
f 2114 2140 2115
f 2112 2137 2138
f 2112 2111 2137
f 2113 2139 2114
f 2113 2138 2139
f 2113 2112 2138
f 2157 2158 2159
f 2154 2155 2156
f 2154 2156 2157
f 2163 2159 2160
f 2163 2160 2161
f 2163 2161 2162
f 2153 2157 2159
f 2153 2154 2157
f 2167 2164 2165
f 2167 2165 2166
f 2149 2150 2151
f 2149 2151 2152
f 2149 2152 2153
f 2145 2142 2143
f 2145 2143 2144
f 2145 2146 2147
f 2145 2147 2148
f 2145 2148 2149
f 2145 2163 2164
f 2145 2167 2142
f 2145 2159 2163
f 2145 2153 2159
f 2145 2149 2153
f 2145 2164 2167
f 656 2180 655
f 2179 2181 2180
f 2179 2180 656
f 2178 2182 2181
f 2178 2181 2179
f 2177 2183 2182
f 2177 2182 2178
f 2176 2184 2183
f 2176 2183 2177
f 2175 2185 2184
f 2175 2184 2176
f 2174 2186 2185
f 2174 2185 2175
f 2173 2187 2186
f 2173 2186 2174
f 2172 2188 2187
f 2172 2187 2173
f 2171 2189 2188
f 2171 2188 2172
f 2170 2189 2171
f 2169 2190 2189
f 2169 2189 2170
f 2168 2191 2190
f 2168 670 2191
f 2168 2190 2169
f 669 670 2168

