# https://github.com/mikedh/trimesh
mtllib material.mtl

o blue_plastic
usemtl material_0
v -0.04437000 -0.02007800 0.02504700
v -0.04437000 -0.01988900 0.02349100
v -0.04437000 -0.01933400 0.02202600
v -0.04437000 -0.01844400 0.02073600
v -0.04437000 -0.01727100 0.01969700
v -0.04437000 -0.01588300 0.01896900
v -0.04437000 -0.01436200 0.01859400
v -0.04437000 -0.01279500 0.01859400
v -0.04437000 -0.01127300 0.01896900
v -0.04437000 -0.00988600 0.01969700
v -0.04437000 -0.00871300 0.02073600
v -0.04437000 -0.00782300 0.02202600
v -0.04437000 -0.00726700 0.02349100
v -0.04437000 -0.00707800 0.02504700
v -0.04437000 -0.00726700 0.02660200
v -0.04437000 -0.00782300 0.02806700
v -0.04437000 -0.00871300 0.02935700
v -0.04437000 -0.00988600 0.03039600
v -0.04437000 -0.01127300 0.03112400
v -0.04437000 -0.01279500 0.03149900
v -0.04437000 -0.01436200 0.03149900
v -0.04437000 -0.01588300 0.03112400
v -0.04437000 -0.01727100 0.03039600
v -0.04437000 -0.01844400 0.02935700
v -0.04437000 -0.01933400 0.02806700
v -0.04437000 -0.01988900 0.02660200
v -0.04437000 -0.01927800 0.02504700
v -0.04437000 -0.01911300 0.02368300
v -0.04437000 -0.01862500 0.02239800
v -0.04437000 -0.01784500 0.02126700
v -0.04437000 -0.01681600 0.02035600
v -0.04437000 -0.01559900 0.01971700
v -0.04437000 -0.01426500 0.01938800
v -0.04437000 -0.01289100 0.01938800
v -0.04437000 -0.01155700 0.01971700
v -0.04437000 -0.01034000 0.02035600
v -0.04437000 -0.00931200 0.02126700
v -0.04437000 -0.00853100 0.02239800
v -0.04437000 -0.00804400 0.02368300
v -0.04437000 -0.00787800 0.02504700
v -0.04437000 -0.00804400 0.02641100
v -0.04437000 -0.00853100 0.02769600
v -0.04437000 -0.00931200 0.02882700
v -0.04437000 -0.01034000 0.02973800
v -0.04437000 -0.01155700 0.03037600
v -0.04437000 -0.01289100 0.03070500
v -0.04437000 -0.01426500 0.03070500
v -0.04437000 -0.01559900 0.03037600
v -0.04437000 -0.01681600 0.02973800
v -0.04437000 -0.01784500 0.02882700
v -0.04437000 -0.01862500 0.02769600
v -0.04437000 -0.01911300 0.02641100
f 37 12 11
f 36 11 10
f 36 37 11
f 38 13 12
f 38 12 37
f 35 10 9
f 35 36 10
f 39 13 38
f 14 13 39
f 34 9 8
f 34 35 9
f 40 14 39
f 33 8 7
f 33 34 8
f 41 15 14
f 41 14 40
f 32 7 6
f 32 33 7
f 42 16 15
f 42 15 41
f 31 6 5
f 31 32 6
f 43 17 16
f 43 16 42
f 30 31 5
f 4 30 5
f 44 17 43
f 18 17 44
f 29 30 4
f 3 29 4
f 45 18 44
f 19 18 45
f 28 29 3
f 2 28 3
f 46 19 45
f 20 19 46
f 27 28 2
f 47 20 46
f 1 27 2
f 21 20 47
f 48 21 47
f 26 27 1
f 26 52 27
f 22 21 48
f 22 48 49
f 25 52 26
f 25 51 52
f 23 49 50
f 23 22 49
f 24 51 25
f 24 50 51
f 24 23 50

o blue_metal
usemtl material_1
v -0.04256900 0.03342200 0.00906700
v -0.04256900 0.03342200 0.06702700
v -0.04256900 0.03312400 0.00960900
v -0.04256900 0.03271100 0.01006900
v -0.04256900 0.03220400 0.01042300
v -0.04256900 0.03163000 0.01065200
v -0.04256900 0.03101900 0.01074500
v -0.04256900 0.03040200 0.01069600
v -0.04256900 0.02981300 0.01050900
v -0.04256900 0.02928200 0.01019200
v -0.04256900 0.02883700 0.00976200
v -0.04256900 0.02850100 0.00924300
v -0.04256900 0.02829300 0.00866100
v -0.04256900 0.02822200 0.00804700
v -0.04256900 0.02829300 0.00743200
v -0.04256900 0.02850100 0.00685000
v -0.04256900 0.02883700 0.00633100
v -0.04256900 0.02928200 0.00590200
v -0.04256900 0.02981300 0.00558500
v -0.04256900 0.03040200 0.00539700
v -0.04256900 0.03101900 0.00534800
v -0.04256900 0.03163000 0.00544100
v -0.04256900 0.03220400 0.00567100
v -0.04256900 0.03271100 0.00602500
v -0.04256900 0.03312400 0.00648500
v -0.04256900 0.03342200 0.00702700
v -0.04256900 0.03342200 0.00104700
v -0.04256900 0.03339500 0.00081700
v -0.04256900 0.03331600 0.00059900
v -0.04256900 0.03319000 0.00040600
v -0.04256900 0.03302200 0.00024700
v -0.04256900 -0.03317800 0.00024700
v -0.04256900 -0.03334600 0.00040600
v -0.04256900 -0.03347300 0.00059900
v -0.04256900 -0.03355100 0.00081700
v -0.04256900 -0.03357800 0.00104700
v -0.04256900 -0.03357800 0.00702700
v -0.04256900 -0.03328100 0.00648500
v -0.04256900 -0.03286800 0.00602500
v -0.04256900 -0.03236100 0.00567100
v -0.04256900 -0.03178600 0.00544100
v -0.04256900 -0.03117500 0.00534800
v -0.04256900 -0.03055900 0.00539700
v -0.04256900 -0.02996900 0.00558500
v -0.04256900 -0.02943800 0.00590200
v -0.04256900 -0.02899300 0.00633100
v -0.04256900 -0.02865800 0.00685000
v -0.04256900 -0.02844900 0.00743200
v -0.04256900 -0.02837800 0.00804700
v -0.04256900 -0.02844900 0.00866100
v -0.04256900 -0.02865800 0.00924300
v -0.04256900 -0.02899300 0.00976200
v -0.04256900 -0.02943800 0.01019200
v -0.04256900 -0.02996900 0.01050900
v -0.04256900 -0.03055900 0.01069600
v -0.04256900 -0.03117500 0.01074500
v -0.04256900 -0.03178600 0.01065200
v -0.04256900 -0.03236100 0.01042300
v -0.04256900 -0.03286800 0.01006900
v -0.04256900 -0.03328100 0.00960900
v -0.04256900 -0.03357800 0.00906700
v -0.04256900 -0.03357800 0.06702700
v -0.04256900 -0.03328100 0.06648500
v -0.04256900 -0.03286800 0.06602500
v -0.04256900 -0.03236100 0.06567100
v -0.04256900 -0.03178600 0.06544100
v -0.04256900 -0.03117500 0.06534800
v -0.04256900 -0.03055900 0.06539700
v -0.04256900 -0.02996900 0.06558500
v -0.04256900 -0.02943800 0.06590200
v -0.04256900 -0.02899300 0.06633100
v -0.04256900 -0.02865800 0.06685000
v -0.04256900 -0.02844900 0.06743200
v -0.04256900 -0.02837800 0.06804700
v -0.04256900 -0.02844900 0.06866100
v -0.04256900 -0.02865800 0.06924300
v -0.04256900 -0.02899300 0.06976200
v -0.04256900 -0.02943800 0.07019200
v -0.04256900 -0.02996900 0.07050900
v -0.04256900 -0.03055900 0.07069600
v -0.04256900 -0.03117500 0.07074500
v -0.04256900 -0.03178600 0.07065200
v -0.04256900 -0.03236100 0.07042300
v -0.04256900 -0.03286800 0.07006900
v -0.04256900 -0.03328100 0.06960900
v -0.04256900 -0.03357800 0.06906700
v -0.04256900 -0.03357800 0.07054700
v -0.04256900 -0.03355300 0.07076900
v -0.04256900 -0.03347900 0.07098100
v -0.04256900 -0.03336000 0.07117000
v -0.04256900 -0.03320200 0.07132900
v -0.04256900 -0.03301200 0.07144800
v -0.04256900 -0.03280100 0.07152200
v -0.04256900 -0.03257800 0.07154700
v -0.04256900 0.03242200 0.07154700
v -0.04256900 0.03264400 0.07152200
v -0.04256900 0.03285600 0.07144800
v -0.04256900 0.03304500 0.07132900
v -0.04256900 0.03320400 0.07117000
v -0.04256900 0.03332300 0.07098100
v -0.04256900 0.03339700 0.07076900
v -0.04256900 0.03342200 0.07054700
v -0.04256900 0.03342200 0.06906700
v -0.04256900 0.03312400 0.06960900
v -0.04256900 0.03271100 0.07006900
v -0.04256900 0.03220400 0.07042300
v -0.04256900 0.03163000 0.07065200
v -0.04256900 0.03101900 0.07074500
v -0.04256900 0.03040200 0.07069600
v -0.04256900 0.02981300 0.07050900
v -0.04256900 0.02928200 0.07019200
v -0.04256900 0.02883700 0.06976200
v -0.04256900 0.02850100 0.06924300
v -0.04256900 0.02829300 0.06866100
v -0.04256900 0.02822200 0.06804700
v -0.04256900 0.02829300 0.06743200
v -0.04256900 0.02850100 0.06685000
v -0.04256900 0.02883700 0.06633100
v -0.04256900 0.02928200 0.06590200
v -0.04256900 0.02981300 0.06558500
v -0.04256900 0.03040200 0.06539700
v -0.04256900 0.03101900 0.06534800
v -0.04256900 0.03163000 0.06544100
v -0.04256900 0.03220400 0.06567100
v -0.04256900 0.03271100 0.06602500
v -0.04256900 0.03312400 0.06648500
v -0.04256900 0.02542200 0.02504700
v -0.04256900 0.02516000 0.02720100
v -0.04256900 0.02439100 0.02922900
v -0.04256900 0.02315800 0.03101500
v -0.04256900 0.02153400 0.03245400
v -0.04256900 0.01961300 0.03346200
v -0.04256900 0.01750700 0.03398100
v -0.04256900 0.01533700 0.03398100
v -0.04256900 0.01323000 0.03346200
v -0.04256900 0.01130900 0.03245400
v -0.04256900 0.00968500 0.03101500
v -0.04256900 0.00845300 0.02922900
v -0.04256900 0.00768300 0.02720100
v -0.04256900 0.00742200 0.02504700
v -0.04256900 0.00768300 0.02289300
v -0.04256900 0.00845300 0.02086400
v -0.04256900 0.00968500 0.01907900
v -0.04256900 0.01130900 0.01764000
v -0.04256900 0.01323000 0.01663200
v -0.04256900 0.01533700 0.01611200
v -0.04256900 0.01750700 0.01611200
v -0.04256900 0.01961300 0.01663200
v -0.04256900 0.02153400 0.01764000
v -0.04256900 0.02315800 0.01907900
v -0.04256900 0.02439100 0.02086400
v -0.04256900 0.02516000 0.02289300
v -0.04256900 0.02042200 0.06434700
v -0.04256900 0.02030600 0.06530400
v -0.04256900 0.01996400 0.06620600
v -0.04256900 0.01941600 0.06699900
v -0.04256900 0.01869400 0.06763900
v -0.04256900 0.01784000 0.06808700
v -0.04256900 0.01690400 0.06831800
v -0.04256900 0.01594000 0.06831800
v -0.04256900 0.01500300 0.06808700
v -0.04256900 0.01415000 0.06763900
v -0.04256900 0.01342800 0.06699900
v -0.04256900 0.01288000 0.06620600
v -0.04256900 0.01253800 0.06530400
v -0.04256900 0.01242200 0.06434700
v -0.04256900 0.01253800 0.06338900
v -0.04256900 0.01288000 0.06248800
v -0.04256900 0.01342800 0.06169400
v -0.04256900 0.01415000 0.06105500
v -0.04256900 0.01500300 0.06060700
v -0.04256900 0.01594000 0.06037600
v -0.04256900 0.01690400 0.06037600
v -0.04256900 0.01784000 0.06060700
v -0.04256900 0.01869400 0.06105500
v -0.04256900 0.01941600 0.06169400
v -0.04256900 0.01996400 0.06248800
v -0.04256900 0.02030600 0.06338900
v -0.04256900 -0.02617800 0.06504700
v -0.04256900 -0.01127800 0.06504700
v -0.04256900 -0.02617800 0.05764700
v -0.04256900 -0.01127800 0.05764700
v -0.04256900 -0.00987800 0.06504700
v -0.04256900 0.00502200 0.06504700
v -0.04256900 -0.00987800 0.05764700
v -0.04256900 0.00502200 0.05764700
v -0.04256900 -0.02657800 0.05294700
v -0.04256900 0.00542200 0.05294700
v -0.04256900 -0.02657800 0.03884700
v -0.04256900 0.00542200 0.03884700
v -0.04256900 -0.00457800 0.02504700
v -0.04256900 -0.00484000 0.02720100
v -0.04256900 -0.00560900 0.02922900
v -0.04256900 -0.00684200 0.03101500
v -0.04256900 -0.00846600 0.03245400
v -0.04256900 -0.01038700 0.03346200
v -0.04256900 -0.01249300 0.03398100
v -0.04256900 -0.01466300 0.03398100
v -0.04256900 -0.01677000 0.03346200
v -0.04256900 -0.01869100 0.03245400
v -0.04256900 -0.02031500 0.03101500
v -0.04256900 -0.02154700 0.02922900
v -0.04256900 -0.02231700 0.02720100
v -0.04256900 -0.02257800 0.02504700
v -0.04256900 -0.02231700 0.02289300
v -0.04256900 -0.02154700 0.02086400
v -0.04256900 -0.02031500 0.01907900
v -0.04256900 -0.01869100 0.01764000
v -0.04256900 -0.01677000 0.01663200
v -0.04256900 -0.01466300 0.01611200
v -0.04256900 -0.01249300 0.01611200
v -0.04256900 -0.01038700 0.01663200
v -0.04256900 -0.00846600 0.01764000
v -0.04256900 -0.00684200 0.01907900
v -0.04256900 -0.00560900 0.02086400
v -0.04256900 -0.00484000 0.02289300
v -0.04256900 0.00742200 0.04784700
v -0.04256900 0.00768200 0.04569700
v -0.04256900 0.00844900 0.04367200
v -0.04256900 0.00967700 0.04188800
v -0.04256900 0.01129300 0.04045100
v -0.04256900 0.01321100 0.03943900
v -0.04256900 0.01531100 0.03891500
v -0.04256900 0.01747800 0.03890900
v -0.04256900 0.01957900 0.03941800
v -0.04256900 0.02150400 0.04041900
v -0.04256900 0.02313000 0.04184600
v -0.04256900 0.02436900 0.04362300
v -0.04256900 0.02514700 0.04564100
v -0.04256900 0.02535300 0.04673400
v -0.04256900 0.02542200 0.04784700
v -0.04256900 0.02516100 0.04999700
v -0.04256900 0.02439500 0.05202200
v -0.04256900 0.02316700 0.05380600
v -0.04256900 0.02155000 0.05524300
v -0.04256900 0.01963200 0.05625500
v -0.04256900 0.01753200 0.05677800
v -0.04256900 0.01536600 0.05678500
v -0.04256900 0.01326500 0.05627500
v -0.04256900 0.01133900 0.05527400
v -0.04256900 0.00971400 0.05384700
v -0.04256900 0.00847400 0.05207000
v -0.04256900 0.00769600 0.05005200
v -0.04256900 0.00749100 0.04895900
f 80 81 82
f 79 82 83
f 79 80 82
f 77 79 76
f 75 76 79
f 78 79 77
f 74 75 79
f 73 74 79
f 72 79 83
f 72 73 79
f 71 72 83
f 70 71 83
f 69 70 83
f 202 60 61
f 202 61 62
f 201 62 63
f 201 63 64
f 201 202 62
f 203 59 60
f 203 60 202
f 200 64 65
f 200 65 66
f 200 201 64
f 204 59 203
f 204 57 58
f 204 58 59
f 199 66 67
f 199 200 66
f 179 57 204
f 179 56 57
f 198 199 67
f 198 67 68
f 198 68 69
f 180 55 56
f 180 56 179
f 197 198 69
f 197 69 83
f 279 182 183
f 278 279 183
f 278 183 184
f 280 181 182
f 280 182 279
f 277 278 184
f 277 184 185
f 281 55 180
f 281 181 280
f 281 180 181
f 282 55 281
f 276 185 186
f 276 277 185
f 275 276 186
f 275 186 187
f 266 194 195
f 265 266 195
f 265 195 196
f 274 187 188
f 274 275 187
f 267 194 266
f 267 193 194
f 264 197 83
f 264 265 196
f 264 196 197
f 268 193 267
f 268 192 193
f 273 274 188
f 243 191 192
f 243 192 268
f 244 190 191
f 244 191 243
f 177 283 284
f 178 282 283
f 178 55 282
f 178 283 177
f 242 272 273
f 242 188 189
f 242 189 190
f 242 273 188
f 84 263 264
f 84 264 83
f 176 177 284
f 54 53 55
f 54 55 178
f 175 176 284
f 175 284 285
f 174 175 285
f 174 285 286
f 87 84 85
f 87 85 86
f 88 84 87
f 245 242 190
f 245 190 244
f 173 174 286
f 271 272 242
f 98 263 84
f 97 98 84
f 99 262 263
f 99 263 98
f 96 97 84
f 172 286 287
f 172 173 286
f 100 261 262
f 100 262 99
f 95 84 88
f 95 96 84
f 101 261 100
f 94 95 88
f 171 172 287
f 102 260 261
f 102 261 101
f 154 155 156
f 93 94 88
f 157 154 156
f 153 154 157
f 152 153 157
f 246 242 245
f 103 260 102
f 270 271 242
f 92 93 88
f 158 152 157
f 158 151 152
f 150 151 158
f 149 150 158
f 104 260 103
f 148 149 158
f 91 92 88
f 147 158 159
f 147 148 158
f 259 260 104
f 105 259 104
f 160 147 159
f 90 91 88
f 161 147 160
f 269 270 242
f 106 259 105
f 89 90 88
f 162 147 161
f 247 242 246
f 228 287 288
f 227 228 288
f 258 259 106
f 258 106 107
f 229 171 287
f 229 287 228
f 226 288 289
f 226 227 288
f 230 171 229
f 230 170 171
f 225 289 290
f 225 226 289
f 248 242 247
f 205 169 170
f 205 170 230
f 224 225 290
f 206 168 169
f 206 169 205
f 257 107 108
f 257 108 109
f 257 258 107
f 223 290 291
f 223 224 290
f 207 168 206
f 207 166 167
f 207 167 168
f 222 223 291
f 240 269 242
f 240 293 294
f 240 294 295
f 240 295 296
f 240 296 269
f 208 165 166
f 208 166 207
f 256 257 109
f 256 109 110
f 221 291 292
f 221 222 291
f 209 164 165
f 209 165 208
f 220 221 292
f 210 164 209
f 210 163 164
f 211 163 210
f 211 162 163
f 211 147 162
f 238 293 240
f 238 292 293
f 238 220 292
f 238 219 220
f 236 219 238
f 236 213 214
f 236 214 215
f 236 215 216
f 236 216 217
f 236 217 218
f 236 218 219
f 241 254 255
f 241 255 256
f 241 110 111
f 241 111 112
f 241 112 113
f 241 256 110
f 241 250 251
f 241 251 252
f 241 252 253
f 241 253 254
f 237 238 240
f 235 237 234
f 232 235 234
f 233 234 239
f 122 123 231
f 124 231 123
f 121 122 231
f 121 231 233
f 125 231 124
f 120 121 233
f 126 231 125
f 119 120 233
f 127 232 231
f 127 231 126
f 118 119 233
f 128 232 127
f 117 233 239
f 117 118 233
f 129 232 128
f 116 117 239
f 130 235 232
f 130 232 129
f 115 239 241
f 115 116 239
f 131 235 130
f 114 241 113
f 114 115 241
f 146 131 132
f 146 132 133
f 146 133 134
f 146 134 135
f 139 136 137
f 139 137 138
f 145 146 135
f 140 136 139
f 144 145 135
f 141 136 140
f 141 135 136
f 143 144 135
f 142 135 141
f 142 143 135
f 146 147 131
f 131 147 212
f 212 147 211
f 131 212 213
f 131 213 236
f 131 236 235
f 240 239 237
f 237 239 234
f 241 242 250
f 250 242 249
f 249 242 248

o black_plastic
usemtl material_2
v -0.05697700 0.01642200 0.11041600
v -0.05691600 0.01695700 0.11041600
v -0.05673800 0.01746600 0.11041600
v -0.05645100 0.01792300 0.11041600
v -0.05607000 0.01830400 0.11041600
v -0.05561400 0.01859100 0.11041600
v -0.05510500 0.01876900 0.11041600
v -0.05456900 0.01883000 0.11041600
v -0.05456900 0.02142200 0.07334700
v -0.05559500 0.02131500 0.07334700
v -0.05664000 0.02097300 0.07334700
v -0.05762000 0.02038300 0.07334700
v -0.05845100 0.01957200 0.07334700
v -0.05906700 0.01860400 0.07334700
v -0.05943700 0.01756300 0.07334700
v -0.05956800 0.01653100 0.07334700
v -0.05948500 0.01551000 0.07334700
v -0.05917000 0.01446400 0.07334700
v -0.05860600 0.01347200 0.07334700
v -0.05781700 0.01262100 0.07334700
v -0.05686200 0.01197900 0.07334700
v -0.05582500 0.01158200 0.07334700
v -0.05518800 0.01146000 0.07334700
v -0.05456800 0.01142200 0.07334700
v -0.05456900 0.01401400 0.11041600
v -0.05510400 0.01407400 0.11041600
v -0.05561300 0.01425200 0.11041600
v -0.05607000 0.01453900 0.11041600
v -0.05645100 0.01492000 0.11041600
v -0.05673800 0.01537700 0.11041600
v -0.05691600 0.01588600 0.11041600
v -0.05651300 0.01447700 0.10552300
v -0.05731900 0.01642200 0.10552300
v -0.05651300 0.01836600 0.10552300
v -0.04026900 -0.00807600 0.04867000
v -0.04026900 -0.00807600 0.04117000
v -0.04026900 -0.00607600 0.04867000
v -0.04026900 -0.00607600 0.05067000
v -0.04026900 0.00062400 0.05067000
v -0.04026900 0.00062400 0.04867000
v -0.04026900 0.00262400 0.04867000
v -0.04026900 0.00262400 0.04117000
v -0.04026900 -0.01307600 0.04117000
v -0.04026900 -0.01307600 0.04867000
v -0.04026900 -0.02377600 0.04117000
v -0.04026900 -0.02377600 0.04867000
v -0.04026900 -0.02177600 0.04867000
v -0.04026900 -0.02177600 0.05067000
v -0.04026900 -0.01507600 0.05067000
v -0.04026900 -0.01507600 0.04867000
v -0.04026900 0.00377200 0.06393000
v -0.04026900 -0.00872800 0.06393000
v -0.04026900 0.00377200 0.05881000
v -0.04026900 -0.00872800 0.05881000
v -0.04026900 -0.01252800 0.06393000
v -0.04026900 -0.02502800 0.06393000
v -0.04026900 -0.01252800 0.05881000
v -0.04026900 -0.02502800 0.05881000
v -0.05403300 0.01876900 0.11041600
v -0.05352400 0.01859100 0.11041600
v -0.05306800 0.01830400 0.11041600
v -0.05268600 0.01792300 0.11041600
v -0.05239900 0.01746700 0.11041600
v -0.05222100 0.01695800 0.11041600
v -0.05216100 0.01642200 0.11041600
v -0.05222100 0.01588600 0.11041600
v -0.05239900 0.01537700 0.11041600
v -0.05268600 0.01492100 0.11041600
v -0.05306700 0.01453900 0.11041600
v -0.05352400 0.01425200 0.11041600
v -0.05403300 0.01407400 0.11041600
v -0.05354200 0.01152800 0.07334700
v -0.05249800 0.01187100 0.07334700
v -0.05151800 0.01246100 0.07334700
v -0.05068600 0.01327100 0.07334700
v -0.05007000 0.01423900 0.07334700
v -0.04970100 0.01528100 0.07334700
v -0.04957000 0.01631300 0.07334700
v -0.04965300 0.01733400 0.07334700
v -0.04996800 0.01838000 0.07334700
v -0.05053100 0.01937100 0.07334700
v -0.05132000 0.02022300 0.07334700
v -0.05227500 0.02086500 0.07334700
v -0.05331300 0.02126100 0.07334700
v -0.05395000 0.02138300 0.07334700
v -0.05262400 0.01836600 0.10552300
v -0.05181900 0.01642200 0.10552300
v -0.05262400 0.01447700 0.10552300
v -0.05220500 0.01642200 0.11064900
v -0.05229800 0.01642200 0.11085500
v -0.05242300 0.01642200 0.11102400
v -0.05258200 0.01642200 0.11116400
v -0.05276500 0.01642200 0.11126600
v -0.05295700 0.01642200 0.11132600
v -0.05305900 0.01642200 0.11134200
v -0.05315800 0.01642200 0.11134700
v -0.05318200 0.01616700 0.11134700
v -0.05326700 0.01587900 0.11134700
v -0.05344100 0.01557600 0.11134700
v -0.05366000 0.01534300 0.11134700
v -0.05392900 0.01516500 0.11134700
v -0.05424900 0.01504800 0.11134700
v -0.05459700 0.01501200 0.11134700
v -0.05494300 0.01506200 0.11134700
v -0.05525600 0.01519000 0.11134700
v -0.05551400 0.01537600 0.11134700
v -0.05571000 0.01559400 0.11134700
v -0.05584500 0.01582200 0.11134700
v -0.05592800 0.01604400 0.11134700
v -0.05596800 0.01624200 0.11134700
v -0.05597900 0.01642200 0.11134700
v -0.05621400 0.01642200 0.11131900
v -0.05642600 0.01642200 0.11124100
v -0.05660300 0.01642200 0.11112800
v -0.05675400 0.01642200 0.11097900
v -0.05686900 0.01642200 0.11080400
v -0.05694200 0.01642200 0.11061600
v -0.05696500 0.01642200 0.11051500
v -0.05659700 0.01590900 0.11107800
v -0.05652900 0.01569000 0.11107800
v -0.05645800 0.01552300 0.11107800
v -0.05636800 0.01535300 0.11107800
v -0.05623400 0.01515500 0.11107800
v -0.05609500 0.01499100 0.11107800
v -0.05592300 0.01482700 0.11107800
v -0.05573600 0.01468600 0.11107800
v -0.05553300 0.01456500 0.11107800
v -0.05530400 0.01446300 0.11107800
v -0.05507900 0.01439300 0.11107800
v -0.05482400 0.01434500 0.11107800
v -0.05459000 0.01433000 0.11107800
v -0.05432900 0.01434300 0.11107800
v -0.05409800 0.01438300 0.11107800
v -0.05387100 0.01444900 0.11107800
v -0.05364000 0.01454700 0.11107800
v -0.05343300 0.01466400 0.11107800
v -0.05324200 0.01480400 0.11107800
v -0.05306700 0.01496500 0.11107800
v -0.05291400 0.01514200 0.11107800
v -0.05277800 0.01534000 0.11107800
v -0.05266000 0.01556600 0.11107800
v -0.05257400 0.01579000 0.11107800
v -0.05595600 0.01667600 0.11134700
v -0.05587100 0.01696400 0.11134700
v -0.05569700 0.01726800 0.11134700
v -0.05547700 0.01750000 0.11134700
v -0.05520900 0.01767800 0.11134700
v -0.05488900 0.01779500 0.11134700
v -0.05454100 0.01783200 0.11134700
v -0.05419500 0.01778200 0.11134700
v -0.05388200 0.01765300 0.11134700
v -0.05362300 0.01746800 0.11134700
v -0.05342700 0.01725000 0.11134700
v -0.05329200 0.01702200 0.11134700
v -0.05321000 0.01679900 0.11134700
v -0.05317000 0.01660100 0.11134700
v -0.05254000 0.01693400 0.11107800
v -0.05260900 0.01715300 0.11107800
v -0.05267900 0.01732100 0.11107800
v -0.05277000 0.01749000 0.11107800
v -0.05290400 0.01768800 0.11107800
v -0.05304200 0.01785300 0.11107800
v -0.05321400 0.01801600 0.11107800
v -0.05340100 0.01815800 0.11107800
v -0.05360500 0.01827900 0.11107800
v -0.05383300 0.01838000 0.11107800
v -0.05405800 0.01845100 0.11107800
v -0.05431300 0.01849800 0.11107800
v -0.05454800 0.01851400 0.11107800
v -0.05480900 0.01850000 0.11107800
v -0.05503900 0.01846000 0.11107800
v -0.05526600 0.01839400 0.11107800
v -0.05549800 0.01829700 0.11107800
v -0.05570400 0.01817900 0.11107800
v -0.05589500 0.01804000 0.11107800
v -0.05607100 0.01787800 0.11107800
v -0.05622400 0.01770200 0.11107800
v -0.05636000 0.01750400 0.11107800
v -0.05647800 0.01727800 0.11107800
v -0.05656300 0.01705400 0.11107800
f 328 314 315
f 328 315 316
f 328 316 317
f 328 317 318
f 328 318 319
f 328 319 320
f 328 320 321
f 328 321 322
f 328 322 323
f 328 323 324
f 328 324 325
f 328 325 326
f 329 312 313
f 329 297 298
f 329 298 299
f 329 310 311
f 329 311 312
f 329 313 314
f 329 326 327
f 329 327 297
f 329 314 328
f 329 328 326
f 330 307 308
f 330 299 300
f 330 300 301
f 330 301 302
f 330 302 303
f 330 303 304
f 330 304 305
f 330 305 306
f 330 306 307
f 330 308 309
f 330 309 310
f 330 329 299
f 330 310 329
f 336 337 338
f 332 336 338
f 333 336 332
f 331 333 332
f 334 335 336
f 334 336 333
f 346 340 339
f 343 339 341
f 343 346 339
f 342 343 341
f 344 345 346
f 344 346 343
f 348 347 349
f 348 349 350
f 352 351 353
f 352 353 354
f 382 376 377
f 382 377 378
f 382 305 304
f 382 304 355
f 382 355 356
f 382 356 357
f 382 357 358
f 382 358 359
f 382 378 379
f 382 379 380
f 382 380 381
f 382 381 305
f 383 374 375
f 383 359 360
f 383 360 361
f 383 361 362
f 383 362 363
f 383 372 373
f 383 373 374
f 383 375 376
f 383 382 359
f 383 376 382
f 384 363 364
f 384 364 365
f 384 365 366
f 384 366 367
f 384 367 321
f 384 321 320
f 384 320 368
f 384 368 369
f 384 369 370
f 384 370 371
f 384 371 372
f 384 383 363
f 384 372 383
f 406 407 408
f 409 406 408
f 327 412 413
f 327 413 414
f 327 414 297
f 391 392 393
f 390 391 393
f 389 390 393
f 385 386 362
f 361 385 362
f 415 405 406
f 415 409 410
f 415 410 411
f 415 411 412
f 415 406 409
f 415 412 327
f 416 404 405
f 416 405 415
f 416 327 326
f 416 415 327
f 417 416 326
f 417 404 416
f 418 403 404
f 418 326 325
f 418 404 417
f 418 417 326
f 419 418 325
f 419 403 418
f 420 403 419
f 420 402 403
f 420 325 324
f 420 419 325
f 421 402 420
f 421 420 324
f 422 401 402
f 422 324 323
f 422 402 421
f 422 421 324
f 423 422 323
f 423 401 422
f 424 400 401
f 424 323 322
f 424 401 423
f 424 423 323
f 425 400 424
f 425 424 322
f 426 399 400
f 426 400 425
f 426 322 321
f 426 425 322
f 427 399 426
f 427 426 321
f 428 398 399
f 428 321 367
f 428 427 321
f 428 399 427
f 429 428 367
f 429 398 428
f 430 397 398
f 430 367 366
f 430 429 367
f 430 398 429
f 431 397 430
f 431 430 366
f 432 396 397
f 432 431 366
f 432 366 365
f 432 397 431
f 433 432 365
f 433 396 432
f 434 396 433
f 434 395 396
f 434 365 364
f 434 433 365
f 435 395 434
f 435 434 364
f 436 394 395
f 436 364 363
f 436 395 435
f 436 435 364
f 437 394 436
f 437 436 363
f 438 386 387
f 438 387 388
f 438 388 389
f 438 393 394
f 438 394 437
f 438 389 393
f 438 362 386
f 438 363 362
f 438 437 363
f 452 391 390
f 452 392 391
f 389 452 390
f 360 385 361
f 360 386 385
f 408 407 439
f 409 408 439
f 413 412 298
f 414 413 298
f 297 414 298
f 453 451 452
f 453 387 386
f 453 388 387
f 453 389 388
f 453 452 389
f 453 386 360
f 454 451 453
f 454 450 451
f 454 453 360
f 454 360 359
f 455 450 454
f 455 454 359
f 456 449 450
f 456 359 358
f 456 455 359
f 456 450 455
f 457 456 358
f 457 449 456
f 458 448 449
f 458 358 357
f 458 457 358
f 458 449 457
f 459 448 458
f 459 458 357
f 460 447 448
f 460 357 356
f 460 448 459
f 460 459 357
f 461 460 356
f 461 447 460
f 462 447 461
f 462 446 447
f 462 356 355
f 462 461 356
f 463 446 462
f 463 462 355
f 464 446 463
f 464 445 446
f 464 355 304
f 464 463 355
f 465 464 304
f 465 445 464
f 466 304 303
f 466 465 304
f 466 444 445
f 466 445 465
f 467 444 466
f 467 466 303
f 468 303 302
f 468 443 444
f 468 444 467
f 468 467 303
f 469 468 302
f 469 443 468
f 470 302 301
f 470 443 469
f 470 469 302
f 470 442 443
f 471 470 301
f 471 442 470
f 472 301 300
f 472 471 301
f 472 441 442
f 472 442 471
f 473 472 300
f 473 441 472
f 474 300 299
f 474 473 300
f 474 440 441
f 474 441 473
f 475 474 299
f 475 440 474
f 476 299 298
f 476 410 409
f 476 411 410
f 476 412 411
f 476 439 440
f 476 409 439
f 476 298 412
f 476 440 475
f 476 475 299
f 445 447 446
f 445 448 447
f 444 449 448
f 444 448 445
f 394 393 392
f 443 450 449
f 443 449 444
f 395 394 392
f 442 451 450
f 442 450 443
f 396 395 392
f 441 452 451
f 441 451 442
f 397 396 392
f 398 397 392
f 399 398 392
f 406 439 407
f 400 392 452
f 400 399 392
f 400 452 441
f 405 439 406
f 404 439 405
f 401 441 440
f 401 400 441
f 403 440 439
f 403 439 404
f 402 401 440
f 402 440 403

o yellow_metal
usemtl material_3
v -0.05156900 0.01486100 0.06803000
v -0.05156900 0.01433100 0.06775700
v -0.05156900 0.01384800 0.06740900
v -0.05156900 0.01342200 0.06699200
v -0.05156900 0.01287700 0.06620000
v -0.05156900 0.01253700 0.06530100
v -0.05156900 0.01242200 0.06434700
v -0.04256900 0.01242200 0.06434700
v -0.04256900 0.02042200 0.06434700
v -0.04256900 0.02030600 0.06530400
v -0.04256900 0.01996400 0.06620600
v -0.04256900 0.01941600 0.06699900
v -0.04256900 0.01869400 0.06763900
v -0.04256900 0.01784000 0.06808700
v -0.04256900 0.01690400 0.06831800
v -0.04256900 0.01594000 0.06831800
v -0.04256900 0.01500300 0.06808700
v -0.04256900 0.01415000 0.06763900
v -0.04256900 0.01342800 0.06699900
v -0.04256900 0.01288000 0.06620600
v -0.04256900 0.01253800 0.06530400
v -0.05156900 0.02042200 0.06434700
v -0.05156900 0.02030600 0.06530100
v -0.05156900 0.01996600 0.06620000
v -0.05156900 0.01942200 0.06699200
v -0.05156900 0.01899600 0.06740900
v -0.05156900 0.01851200 0.06775700
v -0.05156900 0.01798200 0.06803000
v -0.05118700 0.01642200 0.06834700
v -0.05123100 0.01696600 0.06830900
v -0.05135900 0.01748700 0.06820200
v -0.05136000 0.01535400 0.06820100
v -0.05123200 0.01587400 0.06830900
v -0.05795000 0.01642200 0.07334700
v -0.05785200 0.01561200 0.07334700
v -0.05756300 0.01485000 0.07334700
v -0.05710000 0.01417900 0.07334700
v -0.05649000 0.01363900 0.07334700
v -0.05576800 0.01326000 0.07334700
v -0.05497600 0.01306500 0.07334700
v -0.05416100 0.01306500 0.07334700
v -0.05337000 0.01326000 0.07334700
v -0.05264800 0.01363900 0.07334700
v -0.05203800 0.01417900 0.07334700
v -0.05157400 0.01485000 0.07334700
v -0.05128500 0.01561200 0.07334700
v -0.05118700 0.01642200 0.07334700
v -0.05795000 0.01642200 0.06734700
v -0.05756900 0.01486100 0.06734700
v -0.05777900 0.01535900 0.06734700
v -0.05790700 0.01588300 0.06734700
v -0.05719100 0.01428600 0.06734700
v -0.05670400 0.01380000 0.06734700
v -0.05612900 0.01342200 0.06734700
v -0.05537200 0.01313700 0.06734700
v -0.05456900 0.01304000 0.06734700
v -0.05376500 0.01313700 0.06734700
v -0.05300800 0.01342200 0.06734700
v -0.05243300 0.01380000 0.06734700
v -0.05194700 0.01428600 0.06734700
v -0.05156900 0.01486100 0.06734700
v -0.05156900 0.01486100 0.06803000
v -0.05136000 0.01535400 0.06820100
v -0.05123200 0.01587400 0.06830900
v -0.05118700 0.01642200 0.06834700
v -0.05156900 0.01253700 0.06339200
v -0.05156900 0.01287700 0.06249300
v -0.05156900 0.01342200 0.06170100
v -0.05156900 0.01414400 0.06105800
v -0.05156900 0.01500000 0.06060800
v -0.05156900 0.01593800 0.06037600
v -0.05156900 0.01690500 0.06037600
v -0.05156900 0.01784400 0.06060800
v -0.05156900 0.01869900 0.06105800
v -0.05156900 0.01942200 0.06170100
v -0.05156900 0.01996600 0.06249300
v -0.05156900 0.02030600 0.06339200
v -0.04256900 0.01253800 0.06338900
v -0.04256900 0.01288000 0.06248800
v -0.04256900 0.01342800 0.06169400
v -0.04256900 0.01415000 0.06105500
v -0.04256900 0.01500300 0.06060700
v -0.04256900 0.01594000 0.06037600
v -0.04256900 0.01690400 0.06037600
v -0.04256900 0.01784000 0.06060700
v -0.04256900 0.01869400 0.06105500
v -0.04256900 0.01941600 0.06169400
v -0.04256900 0.01996400 0.06248800
v -0.04256900 0.02030600 0.06338900
v -0.04436900 0.01023100 0.02504700
v -0.04436900 0.01041100 0.02356500
v -0.04436900 0.01094000 0.02217000
v -0.04436900 0.01178800 0.02094100
v -0.04436900 0.01290500 0.01995200
v -0.04436900 0.01422600 0.01925800
v -0.04436900 0.01567600 0.01890100
v -0.04436900 0.01716800 0.01890100
v -0.04436900 0.01861700 0.01925800
v -0.04436900 0.01993900 0.01995200
v -0.04436900 0.02105600 0.02094100
v -0.04436900 0.02190300 0.02217000
v -0.04436900 0.02243300 0.02356500
v -0.04436900 0.02261300 0.02504700
v -0.04436900 0.02243300 0.02652800
v -0.04436900 0.02190300 0.02792400
v -0.04436900 0.02105600 0.02915200
v -0.04436900 0.01993900 0.03014200
v -0.04436900 0.01861700 0.03083500
v -0.04436900 0.01716800 0.03119200
v -0.04436900 0.01567600 0.03119200
v -0.04436900 0.01422600 0.03083500
v -0.04436900 0.01290500 0.03014200
v -0.04436900 0.01178800 0.02915200
v -0.04436900 0.01094000 0.02792400
v -0.04436900 0.01041100 0.02652800
v -0.04436900 0.01166900 0.02615700
v -0.04436900 0.01169900 0.02590700
v -0.04436900 0.01178800 0.02567200
v -0.04436900 0.01193100 0.02546500
v -0.04436900 0.01211900 0.02529800
v -0.04436900 0.01234200 0.02518200
v -0.04436900 0.01258600 0.02512100
v -0.04436900 0.01283800 0.02512100
v -0.04436900 0.01308200 0.02518200
v -0.04436900 0.01330400 0.02529800
v -0.04436900 0.01349200 0.02546500
v -0.04436900 0.01363500 0.02567200
v -0.04436900 0.01372400 0.02590700
v -0.04436900 0.01375500 0.02615700
v -0.04436900 0.01372400 0.02640600
v -0.04436900 0.01363500 0.02664100
v -0.04436900 0.01349200 0.02684800
v -0.04436900 0.01330400 0.02701500
v -0.04436900 0.01308200 0.02713200
v -0.04436900 0.01283800 0.02719200
v -0.04436900 0.01258600 0.02719200
v -0.04436900 0.01234200 0.02713200
v -0.04436900 0.01211900 0.02701500
v -0.04436900 0.01193100 0.02684800
v -0.04436900 0.01178800 0.02664100
v -0.04436900 0.01169900 0.02640600
v -0.04436900 0.01426900 0.02133700
v -0.04436900 0.01429900 0.02108700
v -0.04436900 0.01438800 0.02085200
v -0.04436900 0.01453100 0.02064500
v -0.04436900 0.01471900 0.02047900
v -0.04436900 0.01494200 0.02036200
v -0.04436900 0.01518600 0.02030200
v -0.04436900 0.01543700 0.02030200
v -0.04436900 0.01568200 0.02036200
v -0.04436900 0.01590400 0.02047900
v -0.04436900 0.01609200 0.02064500
v -0.04436900 0.01623500 0.02085200
v -0.04436900 0.01632400 0.02108700
v -0.04436900 0.01635500 0.02133700
v -0.04436900 0.01632400 0.02158600
v -0.04436900 0.01623500 0.02182100
v -0.04436900 0.01609200 0.02202800
v -0.04436900 0.01590400 0.02219500
v -0.04436900 0.01568200 0.02231200
v -0.04436900 0.01543700 0.02237200
v -0.04436900 0.01518600 0.02237200
v -0.04436900 0.01494200 0.02231200
v -0.04436900 0.01471900 0.02219500
v -0.04436900 0.01453100 0.02202800
v -0.04436900 0.01438800 0.02182100
v -0.04436900 0.01429900 0.02158600
v -0.04436900 0.01908900 0.02393700
v -0.04436900 0.01911900 0.02368700
v -0.04436900 0.01920800 0.02345200
v -0.04436900 0.01935100 0.02324500
v -0.04436900 0.01953900 0.02307900
v -0.04436900 0.01976200 0.02296200
v -0.04436900 0.02000600 0.02290200
v -0.04436900 0.02025700 0.02290200
v -0.04436900 0.02050100 0.02296200
v -0.04436900 0.02072400 0.02307900
v -0.04436900 0.02091200 0.02324500
v -0.04436900 0.02105500 0.02345200
v -0.04436900 0.02114400 0.02368700
v -0.04436900 0.02117400 0.02393700
v -0.04436900 0.02114400 0.02418600
v -0.04436900 0.02105500 0.02442100
v -0.04436900 0.02091200 0.02462800
v -0.04436900 0.02072400 0.02479500
v -0.04436900 0.02050100 0.02491200
v -0.04436900 0.02025700 0.02497200
v -0.04436900 0.02000600 0.02497200
v -0.04436900 0.01976200 0.02491200
v -0.04436900 0.01953900 0.02479500
v -0.04436900 0.01935100 0.02462800
v -0.04436900 0.01920800 0.02442100
v -0.04436900 0.01911900 0.02418600
v -0.04436900 0.01648900 0.02875700
v -0.04436900 0.01651900 0.02850700
v -0.04436900 0.01660800 0.02827200
v -0.04436900 0.01675100 0.02806500
v -0.04436900 0.01693900 0.02789800
v -0.04436900 0.01716200 0.02778200
v -0.04436900 0.01740600 0.02772100
v -0.04436900 0.01765700 0.02772100
v -0.04436900 0.01790200 0.02778200
v -0.04436900 0.01812400 0.02789800
v -0.04436900 0.01831200 0.02806500
v -0.04436900 0.01845500 0.02827200
v -0.04436900 0.01854400 0.02850700
v -0.04436900 0.01857500 0.02875700
v -0.04436900 0.01854400 0.02900600
v -0.04436900 0.01845500 0.02924100
v -0.04436900 0.01831200 0.02944800
v -0.04436900 0.01812400 0.02961500
v -0.04436900 0.01790200 0.02973200
v -0.04436900 0.01765700 0.02979200
v -0.04436900 0.01740600 0.02979200
v -0.04436900 0.01716200 0.02973200
v -0.04436900 0.01693900 0.02961500
v -0.04436900 0.01675100 0.02944800
v -0.04436900 0.01660800 0.02924100
v -0.04436900 0.01651900 0.02900600
v -0.04436900 0.01023100 0.04784700
v -0.04436900 0.01041100 0.04636500
v -0.04436900 0.01094000 0.04497000
v -0.04436900 0.01178800 0.04374100
v -0.04436900 0.01290500 0.04275200
v -0.04436900 0.01422600 0.04205800
v -0.04436900 0.01567600 0.04170100
v -0.04436900 0.01716800 0.04170100
v -0.04436900 0.01861700 0.04205800
v -0.04436900 0.01993900 0.04275200
v -0.04436900 0.02105600 0.04374100
v -0.04436900 0.02190300 0.04497000
v -0.04436900 0.02243300 0.04636500
v -0.04436900 0.02261300 0.04784700
v -0.04436900 0.02243300 0.04932800
v -0.04436900 0.02190300 0.05072400
v -0.04436900 0.02105600 0.05195200
v -0.04436900 0.01993900 0.05294200
v -0.04436900 0.01861700 0.05363500
v -0.04436900 0.01716800 0.05399200
v -0.04436900 0.01567600 0.05399200
v -0.04436900 0.01422600 0.05363500
v -0.04436900 0.01290500 0.05294200
v -0.04436900 0.01178800 0.05195200
v -0.04436900 0.01094000 0.05072400
v -0.04436900 0.01041100 0.04932800
v -0.04436900 0.01166900 0.04895700
v -0.04436900 0.01169900 0.04870700
v -0.04436900 0.01178800 0.04847200
v -0.04436900 0.01193100 0.04826500
v -0.04436900 0.01211900 0.04809800
v -0.04436900 0.01234200 0.04798200
v -0.04436900 0.01258600 0.04792100
v -0.04436900 0.01283800 0.04792100
v -0.04436900 0.01308200 0.04798200
v -0.04436900 0.01330400 0.04809800
v -0.04436900 0.01349200 0.04826500
v -0.04436900 0.01363500 0.04847200
v -0.04436900 0.01372400 0.04870700
v -0.04436900 0.01375500 0.04895700
v -0.04436900 0.01372400 0.04920600
v -0.04436900 0.01363500 0.04944100
v -0.04436900 0.01349200 0.04964800
v -0.04436900 0.01330400 0.04981500
v -0.04436900 0.01308200 0.04993200
v -0.04436900 0.01283800 0.04999200
v -0.04436900 0.01258600 0.04999200
v -0.04436900 0.01234200 0.04993200
v -0.04436900 0.01211900 0.04981500
v -0.04436900 0.01193100 0.04964800
v -0.04436900 0.01178800 0.04944100
v -0.04436900 0.01169900 0.04920600
v -0.04436900 0.01426900 0.04413700
v -0.04436900 0.01429900 0.04388700
v -0.04436900 0.01438800 0.04365200
v -0.04436900 0.01453100 0.04344500
v -0.04436900 0.01471900 0.04327900
v -0.04436900 0.01494200 0.04316200
v -0.04436900 0.01518600 0.04310200
v -0.04436900 0.01543700 0.04310200
v -0.04436900 0.01568200 0.04316200
v -0.04436900 0.01590400 0.04327900
v -0.04436900 0.01609200 0.04344500
v -0.04436900 0.01623500 0.04365200
v -0.04436900 0.01632400 0.04388700
v -0.04436900 0.01635500 0.04413700
v -0.04436900 0.01632400 0.04438600
v -0.04436900 0.01623500 0.04462100
v -0.04436900 0.01609200 0.04482800
v -0.04436900 0.01590400 0.04499500
v -0.04436900 0.01568200 0.04511200
v -0.04436900 0.01543700 0.04517200
v -0.04436900 0.01518600 0.04517200
v -0.04436900 0.01494200 0.04511200
v -0.04436900 0.01471900 0.04499500
v -0.04436900 0.01453100 0.04482800
v -0.04436900 0.01438800 0.04462100
v -0.04436900 0.01429900 0.04438600
v -0.04436900 0.01908900 0.04673700
v -0.04436900 0.01911900 0.04648700
v -0.04436900 0.01920800 0.04625200
v -0.04436900 0.01935100 0.04604500
v -0.04436900 0.01953900 0.04587900
v -0.04436900 0.01976200 0.04576200
v -0.04436900 0.02000600 0.04570200
v -0.04436900 0.02025700 0.04570200
v -0.04436900 0.02050100 0.04576200
v -0.04436900 0.02072400 0.04587900
v -0.04436900 0.02091200 0.04604500
v -0.04436900 0.02105500 0.04625200
v -0.04436900 0.02114400 0.04648700
v -0.04436900 0.02117400 0.04673700
v -0.04436900 0.02114400 0.04698600
v -0.04436900 0.02105500 0.04722100
v -0.04436900 0.02091200 0.04742800
v -0.04436900 0.02072400 0.04759500
v -0.04436900 0.02050100 0.04771200
v -0.04436900 0.02025700 0.04777200
v -0.04436900 0.02000600 0.04777200
v -0.04436900 0.01976200 0.04771200
v -0.04436900 0.01953900 0.04759500
v -0.04436900 0.01935100 0.04742800
v -0.04436900 0.01920800 0.04722100
v -0.04436900 0.01911900 0.04698600
v -0.04436900 0.01648900 0.05155700
v -0.04436900 0.01651900 0.05130700
v -0.04436900 0.01660800 0.05107200
v -0.04436900 0.01675100 0.05086500
v -0.04436900 0.01693900 0.05069800
v -0.04436900 0.01716200 0.05058200
v -0.04436900 0.01740600 0.05052100
v -0.04436900 0.01765700 0.05052100
v -0.04436900 0.01790200 0.05058200
v -0.04436900 0.01812400 0.05069800
v -0.04436900 0.01831200 0.05086500
v -0.04436900 0.01845500 0.05107200
v -0.04436900 0.01854400 0.05130700
v -0.04436900 0.01857500 0.05155700
v -0.04436900 0.01854400 0.05180600
v -0.04436900 0.01845500 0.05204100
v -0.04436900 0.01831200 0.05224800
v -0.04436900 0.01812400 0.05241500
v -0.04436900 0.01790200 0.05253200
v -0.04436900 0.01765700 0.05259200
v -0.04436900 0.01740600 0.05259200
v -0.04436900 0.01716200 0.05253200
v -0.04436900 0.01693900 0.05241500
v -0.04436900 0.01675100 0.05224800
v -0.04436900 0.01660800 0.05204100
v -0.04436900 0.01651900 0.05180600
v -0.05156900 0.01342200 0.06699200
v -0.05156900 0.01287700 0.06620000
v -0.05156900 0.01253700 0.06530100
v -0.05156900 0.01242200 0.06434700
v -0.05156900 0.01342200 0.06170100
v -0.05156900 0.01253700 0.06339200
v -0.05156900 0.01287700 0.06249300
v -0.05156900 0.01942200 0.06170100
v -0.05156900 0.01414400 0.06105800
v -0.05156900 0.01500000 0.06060800
v -0.05156900 0.01593800 0.06037600
v -0.05156900 0.01690500 0.06037600
v -0.05156900 0.01784400 0.06060800
v -0.05156900 0.01869900 0.06105800
v -0.05156900 0.01996600 0.06249300
v -0.05156900 0.02030600 0.06339200
v -0.05156900 0.02042200 0.06434700
v -0.05156900 0.01942200 0.06699200
v -0.05156900 0.02030600 0.06530100
v -0.05156900 0.01996600 0.06620000
v -0.05300800 0.01942200 0.06734700
v -0.05376500 0.01970700 0.06734700
v -0.05456900 0.01980300 0.06734700
v -0.05537200 0.01970700 0.06734700
v -0.05612900 0.01942200 0.06734700
v -0.05670400 0.01904400 0.06734700
v -0.05719100 0.01855700 0.06734700
v -0.05756900 0.01798200 0.06734700
v -0.05790700 0.01696000 0.06734700
v -0.05777900 0.01748500 0.06734700
v -0.05128500 0.01723100 0.07334700
v -0.05157400 0.01799300 0.07334700
v -0.05203800 0.01866400 0.07334700
v -0.05264800 0.01920500 0.07334700
v -0.05337000 0.01958400 0.07334700
v -0.05416100 0.01977900 0.07334700
v -0.05497600 0.01977900 0.07334700
v -0.05576800 0.01958400 0.07334700
v -0.05649000 0.01920500 0.07334700
v -0.05710000 0.01866400 0.07334700
v -0.05756300 0.01799300 0.07334700
v -0.05785200 0.01723100 0.07334700
v -0.05123100 0.01696600 0.06830900
v -0.05135900 0.01748700 0.06820200
v -0.05156900 0.01798200 0.06803000
v -0.05156900 0.01798200 0.06734700
v -0.05194700 0.01855700 0.06734700
v -0.05243300 0.01904400 0.06734700
v -0.05300800 0.01342200 0.06734700
v -0.05156900 0.01342200 0.06699200
v -0.05612900 0.01342200 0.06734700
v -0.05756900 0.01342200 0.06734700
v -0.05756900 0.01342200 0.06134700
v -0.05156900 0.01342200 0.06170100
v -0.05156900 0.01942200 0.06170100
v -0.05156900 0.01942200 0.06699200
v -0.05756900 0.01942200 0.06134700
v -0.05756900 0.01942200 0.06734700
v -0.05612900 0.01942200 0.06734700
v -0.05300800 0.01942200 0.06734700
v -0.05756900 0.01798200 0.06734700
v -0.05756900 0.01942200 0.06734700
v -0.05756900 0.01942200 0.06134700
v -0.05756900 0.01342200 0.06134700
v -0.05756900 0.01342200 0.06734700
v -0.05756900 0.01486100 0.06734700
v -0.05156900 0.01342200 0.06170100
v -0.05156900 0.01942200 0.06170100
v -0.05756900 0.01342200 0.06134700
v -0.05756900 0.01942200 0.06134700
f 485 498 499
f 486 499 500
f 486 485 499
f 487 500 501
f 487 486 500
f 488 501 502
f 488 487 501
f 489 502 503
f 489 488 502
f 490 503 504
f 490 504 507
f 490 489 503
f 491 506 505
f 491 507 506
f 491 490 507
f 492 509 508
f 492 505 509
f 492 491 505
f 493 477 478
f 493 508 477
f 493 492 508
f 494 478 479
f 494 493 478
f 495 479 480
f 495 494 479
f 496 480 481
f 496 495 480
f 497 481 482
f 497 496 481
f 484 482 483
f 484 497 482
f 540 523 522
f 540 541 523
f 539 522 521
f 539 540 522
f 538 521 520
f 538 539 521
f 536 537 538
f 536 538 520
f 535 520 519
f 535 536 520
f 534 519 518
f 534 535 519
f 533 518 517
f 533 534 518
f 532 517 516
f 532 533 517
f 531 516 515
f 531 532 516
f 530 515 514
f 530 531 515
f 529 514 513
f 529 530 514
f 528 513 512
f 528 529 513
f 525 528 512
f 526 512 511
f 526 525 512
f 527 511 510
f 527 526 511
f 524 527 510
f 484 483 542
f 554 542 543
f 554 484 542
f 555 543 544
f 555 554 543
f 556 544 545
f 556 555 544
f 557 545 546
f 557 556 545
f 558 546 547
f 558 557 546
f 559 547 548
f 559 558 547
f 560 559 548
f 561 548 549
f 561 560 548
f 562 549 550
f 562 561 549
f 563 550 551
f 563 562 550
f 564 551 552
f 564 563 551
f 565 552 553
f 565 564 552
f 485 553 498
f 485 565 553
f 829 832 831
f 829 830 832
f 826 828 827
f 826 829 828
f 826 830 829
f 830 833 834
f 834 833 839
f 834 839 835
f 835 839 838
f 835 838 837
f 835 837 836
f 842 841 840
f 844 842 840
f 843 840 833
f 843 845 844
f 843 844 840
f 854 524 510
f 854 510 867
f 855 867 866
f 855 854 867
f 853 855 866
f 852 866 865
f 852 853 866
f 851 865 864
f 851 852 865
f 850 864 863
f 850 851 864
f 849 863 862
f 849 850 863
f 848 862 861
f 848 849 862
f 847 861 860
f 847 848 861
f 846 860 859
f 846 847 860
f 873 859 858
f 873 846 859
f 872 873 858
f 870 858 857
f 870 872 858
f 871 872 870
f 869 857 856
f 869 870 857
f 868 856 523
f 868 869 856
f 541 868 523
f 879 875 874
f 879 874 876
f 878 876 877
f 878 879 876
f 880 884 885
f 880 885 881
f 882 883 884
f 882 884 880
f 886 887 888
f 891 888 889
f 891 886 888
f 890 891 889
f 893 892 894
f 893 894 895
f 653 654 577
f 655 578 577
f 655 577 654
f 652 577 576
f 652 653 577
f 656 578 655
f 651 652 576
f 657 578 656
f 650 576 575
f 650 651 576
f 658 579 578
f 658 578 657
f 649 650 575
f 659 579 658
f 648 649 575
f 660 579 659
f 661 579 660
f 580 579 661
f 662 580 661
f 627 573 572
f 627 628 573
f 629 574 573
f 629 573 628
f 626 627 572
f 663 580 662
f 630 574 629
f 625 626 572
f 631 575 574
f 631 648 575
f 631 574 630
f 624 572 571
f 624 625 572
f 632 647 648
f 632 648 631
f 623 624 571
f 633 647 632
f 633 646 647
f 622 623 571
f 634 646 633
f 634 645 646
f 581 580 663
f 581 663 664
f 621 622 571
f 635 645 634
f 635 644 645
f 636 669 644
f 636 644 635
f 570 621 571
f 570 619 620
f 570 620 621
f 618 619 570
f 569 618 570
f 569 642 643
f 569 643 618
f 680 664 665
f 679 680 665
f 679 665 666
f 681 582 581
f 681 664 680
f 681 581 664
f 678 666 667
f 678 679 666
f 682 582 681
f 677 667 668
f 677 678 667
f 683 582 682
f 583 582 683
f 676 668 669
f 676 677 668
f 684 583 683
f 675 676 669
f 685 583 684
f 686 583 685
f 568 642 569
f 602 638 639
f 601 602 639
f 601 639 640
f 603 637 638
f 603 638 602
f 600 601 640
f 600 640 641
f 604 637 603
f 604 669 636
f 604 636 637
f 604 675 669
f 584 686 687
f 584 687 688
f 584 688 689
f 584 583 686
f 599 600 641
f 599 641 642
f 599 642 568
f 605 674 675
f 605 675 604
f 598 599 568
f 606 673 674
f 606 674 605
f 607 672 673
f 607 673 606
f 567 598 568
f 567 597 598
f 596 597 567
f 608 671 672
f 608 672 607
f 609 670 671
f 609 671 608
f 585 584 689
f 585 689 690
f 585 690 691
f 585 691 692
f 566 596 567
f 566 593 594
f 566 594 595
f 566 595 596
f 586 585 692
f 586 692 693
f 586 693 694
f 591 592 593
f 591 616 617
f 591 617 592
f 591 593 566
f 587 694 695
f 587 695 670
f 587 586 694
f 590 613 614
f 590 614 615
f 590 615 616
f 590 616 591
f 588 609 610
f 588 610 611
f 588 670 609
f 588 587 670
f 589 611 612
f 589 612 613
f 589 588 611
f 589 613 590
f 783 784 707
f 785 708 707
f 785 707 784
f 782 707 706
f 782 783 707
f 786 708 785
f 781 782 706
f 787 708 786
f 780 706 705
f 780 781 706
f 788 709 708
f 788 708 787
f 779 780 705
f 789 709 788
f 778 779 705
f 790 709 789
f 791 709 790
f 710 709 791
f 792 710 791
f 757 703 702
f 757 758 703
f 759 704 703
f 759 703 758
f 756 757 702
f 793 710 792
f 760 704 759
f 755 756 702
f 761 705 704
f 761 778 705
f 761 704 760
f 754 755 702
f 754 702 701
f 762 777 778
f 762 778 761
f 753 754 701
f 763 777 762
f 763 776 777
f 752 753 701
f 764 776 763
f 764 775 776
f 711 710 793
f 711 793 794
f 751 752 701
f 765 775 764
f 765 774 775
f 766 799 774
f 766 774 765
f 700 751 701
f 700 749 750
f 700 750 751
f 748 749 700
f 699 772 773
f 699 773 748
f 699 748 700
f 810 794 795
f 809 810 795
f 809 795 796
f 811 794 810
f 811 712 711
f 811 711 794
f 808 796 797
f 808 809 796
f 812 712 811
f 807 797 798
f 807 808 797
f 813 712 812
f 713 712 813
f 806 798 799
f 806 807 798
f 814 713 813
f 805 806 799
f 815 713 814
f 816 713 815
f 698 772 699
f 732 768 769
f 731 769 770
f 731 732 769
f 733 767 768
f 733 768 732
f 730 731 770
f 730 770 771
f 734 767 733
f 734 766 767
f 734 805 799
f 734 799 766
f 714 816 817
f 714 817 818
f 714 818 819
f 714 713 816
f 729 730 771
f 729 771 772
f 729 772 698
f 735 804 805
f 735 805 734
f 728 729 698
f 736 804 735
f 736 803 804
f 737 802 803
f 737 803 736
f 697 727 728
f 697 728 698
f 726 727 697
f 738 801 802
f 738 802 737
f 739 800 801
f 739 801 738
f 715 819 820
f 715 820 821
f 715 821 822
f 715 714 819
f 696 723 724
f 696 724 725
f 696 725 726
f 696 726 697
f 716 822 823
f 716 823 824
f 716 715 822
f 721 722 723
f 721 746 747
f 721 747 722
f 721 723 696
f 717 824 825
f 717 825 800
f 717 716 824
f 720 743 744
f 720 744 745
f 720 745 746
f 720 746 721
f 718 739 740
f 718 740 741
f 718 800 739
f 718 717 800
f 719 718 741
f 719 741 742
f 719 742 743
f 719 743 720

o metal
usemtl material_4
v -0.04131900 0.02947200 0.06804700
v -0.04256900 0.02822200 0.06804700
v -0.04256900 0.02829300 0.06743200
v -0.04256900 0.02850100 0.06685000
v -0.04256900 0.02883700 0.06633100
v -0.04256900 0.02928200 0.06590200
v -0.04256900 0.02981300 0.06558500
v -0.04256900 0.03040200 0.06539700
v -0.04256900 0.03101900 0.06534800
v -0.04256900 0.03163000 0.06544100
v -0.04256900 0.03220400 0.06567100
v -0.04256900 0.03271100 0.06602500
v -0.04256900 0.03312400 0.06648500
v -0.04256900 0.03342200 0.06702700
v -0.04243000 0.03342200 0.06749000
v -0.04238400 0.03342200 0.06777100
v -0.04236900 0.03342200 0.06804700
v -0.04131900 0.03237200 0.06804700
v -0.04131900 0.02951400 0.06770000
v -0.04131900 0.02963800 0.06737300
v -0.04131900 0.02983600 0.06708500
v -0.04131900 0.03009800 0.06685300
v -0.04131900 0.03040800 0.06669100
v -0.04131900 0.03074700 0.06660700
v -0.04131900 0.03109700 0.06660700
v -0.04131900 0.03143600 0.06669100
v -0.04131900 0.03174500 0.06685300
v -0.04131900 0.03200700 0.06708500
v -0.04131900 0.03220600 0.06737300
v -0.04131900 0.03233000 0.06770000
v -0.04194400 0.03279100 0.06714600
v -0.04194400 0.03221600 0.06642400
v -0.04194400 0.03138300 0.06602400
v -0.04194400 0.03046000 0.06602400
v -0.04194400 0.02962800 0.06642400
v -0.04194400 0.02905200 0.06714600
v -0.04131900 0.02947200 0.00804700
v -0.04256900 0.02822200 0.00804700
v -0.04256900 0.02829300 0.00743200
v -0.04256900 0.02850100 0.00685000
v -0.04256900 0.02883700 0.00633100
v -0.04256900 0.02928200 0.00590200
v -0.04256900 0.02981300 0.00558500
v -0.04256900 0.03040200 0.00539700
v -0.04256900 0.03101900 0.00534800
v -0.04256900 0.03163000 0.00544100
v -0.04256900 0.03220400 0.00567100
v -0.04256900 0.03271100 0.00602500
v -0.04256900 0.03312400 0.00648500
v -0.04256900 0.03342200 0.00702700
v -0.04243000 0.03342200 0.00749000
v -0.04238400 0.03342200 0.00777100
v -0.04236900 0.03342200 0.00804700
v -0.04131900 0.03237200 0.00804700
v -0.04131900 0.02951400 0.00770000
v -0.04131900 0.02963800 0.00737300
v -0.04131900 0.02983600 0.00708500
v -0.04131900 0.03009800 0.00685300
v -0.04131900 0.03040800 0.00669100
v -0.04131900 0.03074700 0.00660700
v -0.04131900 0.03109700 0.00660700
v -0.04131900 0.03143600 0.00669100
v -0.04131900 0.03174500 0.00685300
v -0.04131900 0.03200700 0.00708500
v -0.04131900 0.03220600 0.00737300
v -0.04131900 0.03233000 0.00770000
v -0.04194400 0.03279100 0.00714600
v -0.04194400 0.03221600 0.00642400
v -0.04194400 0.03138300 0.00602400
v -0.04194400 0.03046000 0.00602400
v -0.04194400 0.02962800 0.00642400
v -0.04194400 0.02905200 0.00714600
v -0.04131900 -0.03252800 0.00804700
v -0.04236900 -0.03357800 0.00804700
v -0.04240800 -0.03357800 0.00760300
v -0.04247300 -0.03357800 0.00731800
v -0.04256900 -0.03357800 0.00702700
v -0.04256900 -0.03328100 0.00648500
v -0.04256900 -0.03286800 0.00602500
v -0.04256900 -0.03236100 0.00567100
v -0.04256900 -0.03178600 0.00544100
v -0.04256900 -0.03117500 0.00534800
v -0.04256900 -0.03055900 0.00539700
v -0.04256900 -0.02996900 0.00558500
v -0.04256900 -0.02943800 0.00590200
v -0.04256900 -0.02899300 0.00633100
v -0.04256900 -0.02865800 0.00685000
v -0.04256900 -0.02844900 0.00743200
v -0.04256900 -0.02837800 0.00804700
v -0.04131900 -0.02962800 0.00804700
v -0.04131900 -0.03248600 0.00770000
v -0.04131900 -0.03236200 0.00737300
v -0.04131900 -0.03216400 0.00708500
v -0.04131900 -0.03190200 0.00685300
v -0.04131900 -0.03159200 0.00669100
v -0.04131900 -0.03125300 0.00660700
v -0.04131900 -0.03090300 0.00660700
v -0.04131900 -0.03056400 0.00669100
v -0.04131900 -0.03025500 0.00685300
v -0.04131900 -0.02999300 0.00708500
v -0.04131900 -0.02979400 0.00737300
v -0.04131900 -0.02967000 0.00770000
v -0.04194400 -0.02920900 0.00714600
v -0.04194400 -0.02978400 0.00642400
v -0.04194400 -0.03061700 0.00602400
v -0.04194400 -0.03154000 0.00602400
v -0.04194400 -0.03237200 0.00642400
v -0.04194400 -0.03294800 0.00714600
v -0.04131900 -0.03252800 0.06804700
v -0.04236900 -0.03357800 0.06804700
v -0.04240800 -0.03357800 0.06760300
v -0.04247300 -0.03357800 0.06731800
v -0.04256900 -0.03357800 0.06702700
v -0.04256900 -0.03328100 0.06648500
v -0.04256900 -0.03286800 0.06602500
v -0.04256900 -0.03236100 0.06567100
v -0.04256900 -0.03178600 0.06544100
v -0.04256900 -0.03117500 0.06534800
v -0.04256900 -0.03055900 0.06539700
v -0.04256900 -0.02996900 0.06558500
v -0.04256900 -0.02943800 0.06590200
v -0.04256900 -0.02899300 0.06633100
v -0.04256900 -0.02865800 0.06685000
v -0.04256900 -0.02844900 0.06743200
v -0.04256900 -0.02837800 0.06804700
v -0.04131900 -0.02962800 0.06804700
v -0.04131900 -0.03248600 0.06770000
v -0.04131900 -0.03236200 0.06737300
v -0.04131900 -0.03216400 0.06708500
v -0.04131900 -0.03190200 0.06685300
v -0.04131900 -0.03159200 0.06669100
v -0.04131900 -0.03125300 0.06660700
v -0.04131900 -0.03090300 0.06660700
v -0.04131900 -0.03056400 0.06669100
v -0.04131900 -0.03025500 0.06685300
v -0.04131900 -0.02999300 0.06708500
v -0.04131900 -0.02979400 0.06737300
v -0.04131900 -0.02967000 0.06770000
v -0.04194400 -0.02920900 0.06714600
v -0.04194400 -0.02978400 0.06642400
v -0.04194400 -0.03061700 0.06602400
v -0.04194400 -0.03154000 0.06602400
v -0.04194400 -0.03237200 0.06642400
v -0.04194400 -0.03294800 0.06714600
v -0.04357000 -0.01357800 0.03404700
v -0.04357000 -0.01558100 0.03382100
v -0.04357000 -0.01748300 0.03315500
v -0.04357000 -0.01919000 0.03208300
v -0.04357000 -0.02061500 0.03065800
v -0.04357000 -0.02168700 0.02895200
v -0.04357000 -0.02235300 0.02704900
v -0.04357000 -0.02257800 0.02504700
v -0.04256900 -0.02257800 0.02504700
v -0.04256900 -0.00457800 0.02504700
v -0.04256900 -0.00484000 0.02720100
v -0.04256900 -0.00560900 0.02922900
v -0.04256900 -0.00684200 0.03101500
v -0.04256900 -0.00846600 0.03245400
v -0.04256900 -0.01038700 0.03346200
v -0.04256900 -0.01249300 0.03398100
v -0.04256900 -0.01466300 0.03398100
v -0.04256900 -0.01677000 0.03346200
v -0.04256900 -0.01869100 0.03245400
v -0.04256900 -0.02031500 0.03101500
v -0.04256900 -0.02154700 0.02922900
v -0.04256900 -0.02231700 0.02720100
v -0.04357000 -0.00457800 0.02504700
v -0.04357000 -0.00480400 0.02704900
v -0.04357000 -0.00547000 0.02895200
v -0.04357000 -0.00654200 0.03065800
v -0.04357000 -0.00796700 0.03208300
v -0.04357000 -0.00967300 0.03315500
v -0.04357000 -0.01157600 0.03382100
v -0.04457000 -0.01357800 0.03304700
v -0.04457000 -0.01547600 0.03281800
v -0.04457000 -0.01720100 0.03217900
v -0.04457000 -0.01864000 0.03124200
v -0.04457000 -0.01985700 0.03000500
v -0.04457000 -0.02076900 0.02855400
v -0.04457000 -0.02133600 0.02699900
v -0.04457000 -0.02156800 0.02545100
v -0.04457000 -0.02150100 0.02393500
v -0.04457000 -0.02111800 0.02237100
v -0.04457000 -0.02038900 0.02085000
v -0.04457000 -0.01932900 0.01948500
v -0.04457000 -0.01799700 0.01837800
v -0.04457000 -0.01649300 0.01759600
v -0.04457000 -0.01501900 0.01717700
v -0.04457000 -0.01357800 0.01704700
v -0.04357000 -0.01357800 0.01604700
v -0.04357000 -0.02257800 0.02504700
v -0.04357000 -0.02235300 0.02304400
v -0.04357000 -0.02168700 0.02114200
v -0.04357000 -0.02061500 0.01943500
v -0.04357000 -0.01919000 0.01801000
v -0.04357000 -0.01748300 0.01693800
v -0.04357000 -0.01558100 0.01627200
v -0.04357000 -0.01357800 0.03404700
v -0.04357000 -0.01558100 0.03382100
v -0.04357000 -0.01748300 0.03315500
v -0.04357000 -0.01919000 0.03208300
v -0.04357000 -0.02061500 0.03065800
v -0.04357000 -0.02168700 0.02895200
v -0.04357000 -0.02235300 0.02704900
v -0.04240800 0.03342200 0.06849000
v -0.04247300 0.03342200 0.06877500
v -0.04256900 0.03342200 0.06906700
v -0.04256900 0.03312400 0.06960900
v -0.04256900 0.03271100 0.07006900
v -0.04256900 0.03220400 0.07042300
v -0.04256900 0.03163000 0.07065200
v -0.04256900 0.03101900 0.07074500
v -0.04256900 0.03040200 0.07069600
v -0.04256900 0.02981300 0.07050900
v -0.04256900 0.02928200 0.07019200
v -0.04256900 0.02883700 0.06976200
v -0.04256900 0.02850100 0.06924300
v -0.04256900 0.02829300 0.06866100
v -0.04131900 0.03233000 0.06839400
v -0.04131900 0.03220600 0.06872100
v -0.04131900 0.03200700 0.06900800
v -0.04131900 0.03174500 0.06924000
v -0.04131900 0.03143600 0.06940200
v -0.04131900 0.03109700 0.06948600
v -0.04131900 0.03074700 0.06948600
v -0.04131900 0.03040800 0.06940200
v -0.04131900 0.03009800 0.06924000
v -0.04131900 0.02983600 0.06900800
v -0.04131900 0.02963800 0.06872100
v -0.04131900 0.02951400 0.06839400
v -0.04194400 0.02905200 0.06894700
v -0.04194400 0.02962800 0.06966900
v -0.04194400 0.03046000 0.07007000
v -0.04194400 0.03138300 0.07007000
v -0.04194400 0.03221600 0.06966900
v -0.04194400 0.03279100 0.06894700
v -0.04240800 0.03342200 0.00849000
v -0.04247300 0.03342200 0.00877500
v -0.04256900 0.03342200 0.00906700
v -0.04256900 0.03312400 0.00960900
v -0.04256900 0.03271100 0.01006900
v -0.04256900 0.03220400 0.01042300
v -0.04256900 0.03163000 0.01065200
v -0.04256900 0.03101900 0.01074500
v -0.04256900 0.03040200 0.01069600
v -0.04256900 0.02981300 0.01050900
v -0.04256900 0.02928200 0.01019200
v -0.04256900 0.02883700 0.00976200
v -0.04256900 0.02850100 0.00924300
v -0.04256900 0.02829300 0.00866100
v -0.04131900 0.03233000 0.00839400
v -0.04131900 0.03220600 0.00872100
v -0.04131900 0.03200700 0.00900800
v -0.04131900 0.03174500 0.00924000
v -0.04131900 0.03143600 0.00940200
v -0.04131900 0.03109700 0.00948600
v -0.04131900 0.03074700 0.00948600
v -0.04131900 0.03040800 0.00940200
v -0.04131900 0.03009800 0.00924000
v -0.04131900 0.02983600 0.00900800
v -0.04131900 0.02963800 0.00872100
v -0.04131900 0.02951400 0.00839400
v -0.04194400 0.02905200 0.00894700
v -0.04194400 0.02962800 0.00966900
v -0.04194400 0.03046000 0.01007000
v -0.04194400 0.03138300 0.01007000
v -0.04194400 0.03221600 0.00966900
v -0.04194400 0.03279100 0.00894700
v -0.04256900 -0.02844900 0.00866100
v -0.04256900 -0.02865800 0.00924300
v -0.04256900 -0.02899300 0.00976200
v -0.04256900 -0.02943800 0.01019200
v -0.04256900 -0.02996900 0.01050900
v -0.04256900 -0.03055900 0.01069600
v -0.04256900 -0.03117500 0.01074500
v -0.04256900 -0.03178600 0.01065200
v -0.04256900 -0.03236100 0.01042300
v -0.04256900 -0.03286800 0.01006900
v -0.04256900 -0.03328100 0.00960900
v -0.04256900 -0.03357800 0.00906700
v -0.04243000 -0.03357800 0.00860400
v -0.04238400 -0.03357800 0.00832200
v -0.04131900 -0.02967000 0.00839400
v -0.04131900 -0.02979400 0.00872100
v -0.04131900 -0.02999300 0.00900800
v -0.04131900 -0.03025500 0.00924000
v -0.04131900 -0.03056400 0.00940200
v -0.04131900 -0.03090300 0.00948600
v -0.04131900 -0.03125300 0.00948600
v -0.04131900 -0.03159200 0.00940200
v -0.04131900 -0.03190200 0.00924000
v -0.04131900 -0.03216400 0.00900800
v -0.04131900 -0.03236200 0.00872100
v -0.04131900 -0.03248600 0.00839400
v -0.04194400 -0.03294800 0.00894700
v -0.04194400 -0.03237200 0.00966900
v -0.04194400 -0.03154000 0.01007000
v -0.04194400 -0.03061700 0.01007000
v -0.04194400 -0.02978400 0.00966900
v -0.04194400 -0.02920900 0.00894700
v -0.04256900 -0.02844900 0.06866100
v -0.04256900 -0.02865800 0.06924300
v -0.04256900 -0.02899300 0.06976200
v -0.04256900 -0.02943800 0.07019200
v -0.04256900 -0.02996900 0.07050900
v -0.04256900 -0.03055900 0.07069600
v -0.04256900 -0.03117500 0.07074500
v -0.04256900 -0.03178600 0.07065200
v -0.04256900 -0.03236100 0.07042300
v -0.04256900 -0.03286800 0.07006900
v -0.04256900 -0.03328100 0.06960900
v -0.04256900 -0.03357800 0.06906700
v -0.04243000 -0.03357800 0.06860400
v -0.04238400 -0.03357800 0.06832200
v -0.04131900 -0.02967000 0.06839400
v -0.04131900 -0.02979400 0.06872100
v -0.04131900 -0.02999300 0.06900800
v -0.04131900 -0.03025500 0.06924000
v -0.04131900 -0.03056400 0.06940200
v -0.04131900 -0.03090300 0.06948600
v -0.04131900 -0.03125300 0.06948600
v -0.04131900 -0.03159200 0.06940200
v -0.04131900 -0.03190200 0.06924000
v -0.04131900 -0.03216400 0.06900800
v -0.04131900 -0.03236200 0.06872100
v -0.04131900 -0.03248600 0.06839400
v -0.04194400 -0.03294800 0.06894700
v -0.04194400 -0.03237200 0.06966900
v -0.04194400 -0.03154000 0.07007000
v -0.04194400 -0.03061700 0.07007000
v -0.04194400 -0.02978400 0.06966900
v -0.04194400 -0.02920900 0.06894700
v -0.04357000 -0.02235300 0.02304400
v -0.04357000 -0.02168700 0.02114200
v -0.04357000 -0.02061500 0.01943500
v -0.04357000 -0.01919000 0.01801000
v -0.04357000 -0.01748300 0.01693800
v -0.04357000 -0.01558100 0.01627200
v -0.04357000 -0.01357800 0.01604700
v -0.04357000 -0.01157600 0.01627200
v -0.04357000 -0.00967300 0.01693800
v -0.04357000 -0.00796700 0.01801000
v -0.04357000 -0.00654200 0.01943500
v -0.04357000 -0.00547000 0.02114200
v -0.04357000 -0.00480400 0.02304400
v -0.04256900 -0.02231700 0.02289300
v -0.04256900 -0.02154700 0.02086400
v -0.04256900 -0.02031500 0.01907900
v -0.04256900 -0.01869100 0.01764000
v -0.04256900 -0.01677000 0.01663200
v -0.04256900 -0.01466300 0.01611200
v -0.04256900 -0.01249300 0.01611200
v -0.04256900 -0.01038700 0.01663200
v -0.04256900 -0.00846600 0.01764000
v -0.04256900 -0.00684200 0.01907900
v -0.04256900 -0.00560900 0.02086400
v -0.04256900 -0.00484000 0.02289300
v -0.04131900 0.02947200 0.06804700
v -0.04131900 0.02951400 0.06770000
v -0.04131900 0.02963800 0.06737300
v -0.04131900 0.02983600 0.06708500
v -0.04131900 0.03009800 0.06685300
v -0.04131900 0.03040800 0.06669100
v -0.04131900 0.03074700 0.06660700
v -0.04131900 0.03109700 0.06660700
v -0.04131900 0.03143600 0.06669100
v -0.04131900 0.03174500 0.06685300
v -0.04131900 0.03200700 0.06708500
v -0.04131900 0.03220600 0.06737300
v -0.04131900 0.03233000 0.06770000
v -0.04131900 0.03237200 0.06804700
v -0.04131900 0.03233000 0.06839400
v -0.04131900 0.03220600 0.06872100
v -0.04131900 0.03200700 0.06900800
v -0.04131900 0.03174500 0.06924000
v -0.04131900 0.03143600 0.06940200
v -0.04131900 0.03109700 0.06948600
v -0.04131900 0.03074700 0.06948600
v -0.04131900 0.03040800 0.06940200
v -0.04131900 0.03009800 0.06924000
v -0.04131900 0.02983600 0.06900800
v -0.04131900 0.02963800 0.06872100
v -0.04131900 0.02951400 0.06839400
v -0.04131900 0.02947200 0.00804700
v -0.04131900 0.02951400 0.00770000
v -0.04131900 0.02963800 0.00737300
v -0.04131900 0.02983600 0.00708500
v -0.04131900 0.03009800 0.00685300
v -0.04131900 0.03040800 0.00669100
v -0.04131900 0.03074700 0.00660700
v -0.04131900 0.03109700 0.00660700
v -0.04131900 0.03143600 0.00669100
v -0.04131900 0.03174500 0.00685300
v -0.04131900 0.03200700 0.00708500
v -0.04131900 0.03220600 0.00737300
v -0.04131900 0.03233000 0.00770000
v -0.04131900 0.03237200 0.00804700
v -0.04131900 0.03233000 0.00839400
v -0.04131900 0.03220600 0.00872100
v -0.04131900 0.03200700 0.00900800
v -0.04131900 0.03174500 0.00924000
v -0.04131900 0.03143600 0.00940200
v -0.04131900 0.03109700 0.00948600
v -0.04131900 0.03074700 0.00948600
v -0.04131900 0.03040800 0.00940200
v -0.04131900 0.03009800 0.00924000
v -0.04131900 0.02983600 0.00900800
v -0.04131900 0.02963800 0.00872100
v -0.04131900 0.02951400 0.00839400
v -0.04131900 -0.03252800 0.00804700
v -0.04131900 -0.03248600 0.00770000
v -0.04131900 -0.03236200 0.00737300
v -0.04131900 -0.03216400 0.00708500
v -0.04131900 -0.03190200 0.00685300
v -0.04131900 -0.03159200 0.00669100
v -0.04131900 -0.03125300 0.00660700
v -0.04131900 -0.03090300 0.00660700
v -0.04131900 -0.03056400 0.00669100
v -0.04131900 -0.03025500 0.00685300
v -0.04131900 -0.02999300 0.00708500
v -0.04131900 -0.02979400 0.00737300
v -0.04131900 -0.02967000 0.00770000
v -0.04131900 -0.02962800 0.00804700
v -0.04131900 -0.02967000 0.00839400
v -0.04131900 -0.02979400 0.00872100
v -0.04131900 -0.02999300 0.00900800
v -0.04131900 -0.03025500 0.00924000
v -0.04131900 -0.03056400 0.00940200
v -0.04131900 -0.03090300 0.00948600
v -0.04131900 -0.03125300 0.00948600
v -0.04131900 -0.03159200 0.00940200
v -0.04131900 -0.03190200 0.00924000
v -0.04131900 -0.03216400 0.00900800
v -0.04131900 -0.03236200 0.00872100
v -0.04131900 -0.03248600 0.00839400
v -0.04131900 -0.03252800 0.06804700
v -0.04131900 -0.03248600 0.06770000
v -0.04131900 -0.03236200 0.06737300
v -0.04131900 -0.03216400 0.06708500
v -0.04131900 -0.03190200 0.06685300
v -0.04131900 -0.03159200 0.06669100
v -0.04131900 -0.03125300 0.06660700
v -0.04131900 -0.03090300 0.06660700
v -0.04131900 -0.03056400 0.06669100
v -0.04131900 -0.03025500 0.06685300
v -0.04131900 -0.02999300 0.06708500
v -0.04131900 -0.02979400 0.06737300
v -0.04131900 -0.02967000 0.06770000
v -0.04131900 -0.02962800 0.06804700
v -0.04131900 -0.02967000 0.06839400
v -0.04131900 -0.02979400 0.06872100
v -0.04131900 -0.02999300 0.06900800
v -0.04131900 -0.03025500 0.06924000
v -0.04131900 -0.03056400 0.06940200
v -0.04131900 -0.03090300 0.06948600
v -0.04131900 -0.03125300 0.06948600
v -0.04131900 -0.03159200 0.06940200
v -0.04131900 -0.03190200 0.06924000
v -0.04131900 -0.03216400 0.06900800
v -0.04131900 -0.03236200 0.06872100
v -0.04131900 -0.03248600 0.06839400
v -0.04457000 -0.01168000 0.01727500
v -0.04457000 -0.00995500 0.01791400
v -0.04457000 -0.00851700 0.01885100
v -0.04457000 -0.00730000 0.02008900
v -0.04457000 -0.00638800 0.02154000
v -0.04457000 -0.00582000 0.02309400
v -0.04457000 -0.00558800 0.02464300
v -0.04457000 -0.00565600 0.02615800
v -0.04457000 -0.00603900 0.02772200
v -0.04457000 -0.00676700 0.02924300
v -0.04457000 -0.00782800 0.03060800
v -0.04457000 -0.00915900 0.03171600
v -0.04457000 -0.01066400 0.03249700
v -0.04457000 -0.01213800 0.03291600
v -0.04357000 -0.00457800 0.02504700
v -0.04357000 -0.00480400 0.02704900
v -0.04357000 -0.00547000 0.02895200
v -0.04357000 -0.00654200 0.03065800
v -0.04357000 -0.00796700 0.03208300
v -0.04357000 -0.00967300 0.03315500
v -0.04357000 -0.01157600 0.03382100
v -0.04357000 -0.01157600 0.01627200
v -0.04357000 -0.00967300 0.01693800
v -0.04357000 -0.00796700 0.01801000
v -0.04357000 -0.00654200 0.01943500
v -0.04357000 -0.00547000 0.02114200
v -0.04357000 -0.00480400 0.02304400
v -0.04457000 -0.01357800 0.03304700
v -0.04457000 -0.01547600 0.03281800
v -0.04457000 -0.01720100 0.03217900
v -0.04457000 -0.01864000 0.03124200
v -0.04457000 -0.01985700 0.03000500
v -0.04457000 -0.02076900 0.02855400
v -0.04457000 -0.02133600 0.02699900
v -0.04457000 -0.02156800 0.02545100
v -0.04457000 -0.02150100 0.02393500
v -0.04457000 -0.02111800 0.02237100
v -0.04457000 -0.02038900 0.02085000
v -0.04457000 -0.01932900 0.01948500
v -0.04457000 -0.01799700 0.01837800
v -0.04457000 -0.01649300 0.01759600
v -0.04457000 -0.01501900 0.01717700
v -0.04457000 -0.01357800 0.01704700
v -0.04457000 -0.01168000 0.01727500
v -0.04457000 -0.00995500 0.01791400
v -0.04457000 -0.00851700 0.01885100
v -0.04457000 -0.00730000 0.02008900
v -0.04457000 -0.00638800 0.02154000
v -0.04457000 -0.00582000 0.02309400
v -0.04457000 -0.00558800 0.02464300
v -0.04457000 -0.00565600 0.02615800
v -0.04457000 -0.00603900 0.02772200
v -0.04457000 -0.00676700 0.02924300
v -0.04457000 -0.00782800 0.03060800
v -0.04457000 -0.00915900 0.03171600
v -0.04457000 -0.01066400 0.03249700
v -0.04457000 -0.01213800 0.03291600
v -0.04457000 -0.02007800 0.02504700
v -0.04457000 -0.01988900 0.02349100
v -0.04457000 -0.01933400 0.02202600
v -0.04457000 -0.01844400 0.02073600
v -0.04457000 -0.01727100 0.01969700
v -0.04457000 -0.01588300 0.01896900
v -0.04457000 -0.01436200 0.01859400
v -0.04457000 -0.01279500 0.01859400
v -0.04457000 -0.01127300 0.01896900
v -0.04457000 -0.00988600 0.01969700
v -0.04457000 -0.00871300 0.02073600
v -0.04457000 -0.00782300 0.02202600
v -0.04457000 -0.00726700 0.02349100
v -0.04457000 -0.00707800 0.02504700
v -0.04457000 -0.00726700 0.02660200
v -0.04457000 -0.00782300 0.02806700
v -0.04457000 -0.00871300 0.02935700
v -0.04457000 -0.00988600 0.03039600
v -0.04457000 -0.01127300 0.03112400
v -0.04457000 -0.01279500 0.03149900
v -0.04457000 -0.01436200 0.03149900
v -0.04457000 -0.01588300 0.03112400
v -0.04457000 -0.01727100 0.03039600
v -0.04457000 -0.01844400 0.02935700
v -0.04457000 -0.01933400 0.02806700
v -0.04457000 -0.01988900 0.02660200
v -0.04457000 -0.01927800 0.02504700
v -0.04457000 -0.01911300 0.02368300
v -0.04457000 -0.01862500 0.02239800
v -0.04457000 -0.01784500 0.02126700
v -0.04457000 -0.01681600 0.02035600
v -0.04457000 -0.01559900 0.01971700
v -0.04457000 -0.01426500 0.01938800
v -0.04457000 -0.01289100 0.01938800
v -0.04457000 -0.01155700 0.01971700
v -0.04457000 -0.01034000 0.02035600
v -0.04457000 -0.00931200 0.02126700
v -0.04457000 -0.00853100 0.02239800
v -0.04457000 -0.00804400 0.02368300
v -0.04457000 -0.00787800 0.02504700
v -0.04457000 -0.00804400 0.02641100
v -0.04457000 -0.00853100 0.02769600
v -0.04457000 -0.00931200 0.02882700
v -0.04457000 -0.01034000 0.02973800
v -0.04457000 -0.01155700 0.03037600
v -0.04457000 -0.01289100 0.03070500
v -0.04457000 -0.01426500 0.03070500
v -0.04457000 -0.01559900 0.03037600
v -0.04457000 -0.01681600 0.02973800
v -0.04457000 -0.01784500 0.02882700
v -0.04457000 -0.01862500 0.02769600
v -0.04457000 -0.01911300 0.02641100
f 926 909 908
f 926 910 909
f 926 911 910
f 926 912 911
f 926 913 912
f 926 923 924
f 926 924 925
f 926 925 913
f 927 907 906
f 927 908 907
f 927 921 922
f 927 922 923
f 927 923 926
f 927 926 908
f 928 905 904
f 928 906 905
f 928 919 920
f 928 920 921
f 928 921 927
f 928 927 906
f 929 903 902
f 929 904 903
f 929 918 919
f 929 928 904
f 929 919 928
f 930 901 900
f 930 902 901
f 930 916 917
f 930 917 918
f 930 929 902
f 930 918 929
f 931 897 896
f 931 898 897
f 931 899 898
f 931 900 899
f 931 896 914
f 931 914 915
f 931 915 916
f 931 916 930
f 931 930 900
f 962 945 944
f 962 946 945
f 962 947 946
f 962 948 947
f 962 949 948
f 962 959 960
f 962 960 961
f 962 961 949
f 963 943 942
f 963 944 943
f 963 957 958
f 963 958 959
f 963 959 962
f 963 962 944
f 964 941 940
f 964 942 941
f 964 955 956
f 964 956 957
f 964 957 963
f 964 963 942
f 965 939 938
f 965 940 939
f 965 954 955
f 965 964 940
f 965 955 964
f 966 937 936
f 966 938 937
f 966 952 953
f 966 953 954
f 966 965 938
f 966 954 965
f 967 933 932
f 967 934 933
f 967 935 934
f 967 936 935
f 967 932 950
f 967 950 951
f 967 951 952
f 967 952 966
f 967 966 936
f 998 982 981
f 998 983 982
f 998 984 983
f 998 985 984
f 998 995 996
f 998 996 997
f 998 997 985
f 999 980 979
f 999 981 980
f 999 993 994
f 999 994 995
f 999 995 998
f 999 998 981
f 1000 978 977
f 1000 979 978
f 1000 991 992
f 1000 992 993
f 1000 999 979
f 1000 993 999
f 1001 976 975
f 1001 977 976
f 1001 990 991
f 1001 991 1000
f 1001 1000 977
f 1002 974 973
f 1002 975 974
f 1002 988 989
f 1002 989 990
f 1002 1001 975
f 1002 990 1001
f 1003 969 968
f 1003 970 969
f 1003 971 970
f 1003 972 971
f 1003 973 972
f 1003 968 986
f 1003 986 987
f 1003 987 988
f 1003 988 1002
f 1003 1002 973
f 1034 1018 1017
f 1034 1019 1018
f 1034 1020 1019
f 1034 1021 1020
f 1034 1031 1032
f 1034 1032 1033
f 1034 1033 1021
f 1035 1016 1015
f 1035 1017 1016
f 1035 1029 1030
f 1035 1030 1031
f 1035 1031 1034
f 1035 1034 1017
f 1036 1014 1013
f 1036 1015 1014
f 1036 1027 1028
f 1036 1028 1029
f 1036 1035 1015
f 1036 1029 1035
f 1037 1012 1011
f 1037 1013 1012
f 1037 1026 1027
f 1037 1027 1036
f 1037 1036 1013
f 1038 1010 1009
f 1038 1011 1010
f 1038 1024 1025
f 1038 1025 1026
f 1038 1037 1011
f 1038 1026 1037
f 1039 1005 1004
f 1039 1006 1005
f 1039 1007 1006
f 1039 1008 1007
f 1039 1009 1008
f 1039 1004 1022
f 1039 1022 1023
f 1039 1023 1024
f 1039 1024 1038
f 1039 1038 1009
f 1049 1062 1063
f 1050 1063 1064
f 1050 1049 1063
f 1051 1064 1065
f 1051 1050 1064
f 1052 1065 1066
f 1052 1051 1065
f 1053 1066 1067
f 1053 1052 1066
f 1054 1067 1068
f 1054 1053 1067
f 1055 1068 1040
f 1055 1054 1068
f 1056 1040 1041
f 1056 1055 1040
f 1057 1041 1042
f 1057 1056 1041
f 1058 1042 1043
f 1058 1057 1042
f 1059 1043 1044
f 1059 1058 1043
f 1060 1044 1045
f 1060 1059 1044
f 1061 1045 1046
f 1061 1060 1045
f 1048 1046 1047
f 1048 1061 1046
f 1094 1069 1070
f 1094 1093 1069
f 1095 1070 1071
f 1095 1094 1070
f 1096 1071 1072
f 1096 1095 1071
f 1097 1072 1073
f 1097 1096 1072
f 1074 1097 1073
f 1098 1097 1074
f 1075 1098 1074
f 1099 1098 1075
f 1076 1099 1075
f 1086 1076 1077
f 1086 1099 1076
f 1087 1077 1078
f 1087 1086 1077
f 1088 1078 1079
f 1088 1087 1078
f 1089 1079 1080
f 1089 1088 1079
f 1090 1080 1081
f 1090 1089 1080
f 1091 1081 1082
f 1091 1090 1081
f 1092 1082 1083
f 1092 1091 1082
f 1085 1083 1084
f 1085 1092 1083
f 1126 1112 1111
f 1126 1113 1112
f 1126 897 1113
f 1126 896 897
f 1126 1123 1124
f 1126 1124 1125
f 1126 1125 896
f 1127 1110 1109
f 1127 1111 1110
f 1127 1121 1122
f 1127 1122 1123
f 1127 1123 1126
f 1127 1126 1111
f 1128 1108 1107
f 1128 1109 1108
f 1128 1120 1121
f 1128 1127 1109
f 1128 1121 1127
f 1129 1106 1105
f 1129 1107 1106
f 1129 1118 1119
f 1129 1119 1120
f 1129 1120 1128
f 1129 1128 1107
f 1130 1104 1103
f 1130 1105 1104
f 1130 1116 1117
f 1130 1117 1118
f 1130 1129 1105
f 1130 1118 1129
f 1131 1100 912
f 1131 1101 1100
f 1131 1102 1101
f 1131 1103 1102
f 1131 913 1114
f 1131 1114 1115
f 1131 1115 1116
f 1131 912 913
f 1131 1130 1103
f 1131 1116 1130
f 1158 1144 1143
f 1158 1145 1144
f 1158 933 1145
f 1158 932 933
f 1158 1155 1156
f 1158 1156 1157
f 1158 1157 932
f 1159 1142 1141
f 1159 1143 1142
f 1159 1153 1154
f 1159 1154 1155
f 1159 1155 1158
f 1159 1158 1143
f 1160 1140 1139
f 1160 1141 1140
f 1160 1152 1153
f 1160 1159 1141
f 1160 1153 1159
f 1161 1138 1137
f 1161 1139 1138
f 1161 1150 1151
f 1161 1151 1152
f 1161 1152 1160
f 1161 1160 1139
f 1162 1136 1135
f 1162 1137 1136
f 1162 1148 1149
f 1162 1149 1150
f 1162 1161 1137
f 1162 1150 1161
f 1163 1132 948
f 1163 1133 1132
f 1163 1134 1133
f 1163 1135 1134
f 1163 949 1146
f 1163 1146 1147
f 1163 1147 1148
f 1163 948 949
f 1163 1162 1135
f 1163 1148 1162
f 1190 1175 1174
f 1190 1176 1175
f 1190 1177 1176
f 1190 969 1177
f 1190 968 969
f 1190 1187 1188
f 1190 1188 1189
f 1190 1189 968
f 1191 1173 1172
f 1191 1174 1173
f 1191 1185 1186
f 1191 1186 1187
f 1191 1187 1190
f 1191 1190 1174
f 1192 1171 1170
f 1192 1172 1171
f 1192 1184 1185
f 1192 1185 1191
f 1192 1191 1172
f 1193 1169 1168
f 1193 1170 1169
f 1193 1182 1183
f 1193 1183 1184
f 1193 1192 1170
f 1193 1184 1192
f 1194 1167 1166
f 1194 1168 1167
f 1194 1180 1181
f 1194 1181 1182
f 1194 1193 1168
f 1194 1182 1193
f 1195 1164 984
f 1195 1165 1164
f 1195 1166 1165
f 1195 985 1178
f 1195 1178 1179
f 1195 1179 1180
f 1195 984 985
f 1195 1180 1194
f 1195 1194 1166
f 1222 1207 1206
f 1222 1208 1207
f 1222 1209 1208
f 1222 1005 1209
f 1222 1004 1005
f 1222 1219 1220
f 1222 1220 1221
f 1222 1221 1004
f 1223 1205 1204
f 1223 1206 1205
f 1223 1217 1218
f 1223 1218 1219
f 1223 1219 1222
f 1223 1222 1206
f 1224 1203 1202
f 1224 1204 1203
f 1224 1216 1217
f 1224 1217 1223
f 1224 1223 1204
f 1225 1201 1200
f 1225 1202 1201
f 1225 1214 1215
f 1225 1215 1216
f 1225 1224 1202
f 1225 1216 1224
f 1226 1199 1198
f 1226 1200 1199
f 1226 1212 1213
f 1226 1213 1214
f 1226 1225 1200
f 1226 1214 1225
f 1227 1196 1020
f 1227 1197 1196
f 1227 1198 1197
f 1227 1021 1210
f 1227 1210 1211
f 1227 1211 1212
f 1227 1020 1021
f 1227 1212 1226
f 1227 1226 1198
f 1048 1047 1228
f 1241 1228 1229
f 1241 1048 1228
f 1242 1229 1230
f 1242 1241 1229
f 1243 1230 1231
f 1243 1242 1230
f 1244 1231 1232
f 1244 1243 1231
f 1245 1232 1233
f 1245 1244 1232
f 1246 1233 1234
f 1246 1245 1233
f 1247 1234 1235
f 1247 1246 1234
f 1248 1235 1236
f 1248 1247 1235
f 1249 1236 1237
f 1249 1248 1236
f 1250 1237 1238
f 1250 1249 1237
f 1251 1238 1239
f 1251 1250 1238
f 1252 1239 1240
f 1252 1251 1239
f 1049 1240 1062
f 1049 1252 1240
f 1259 1261 1260
f 1267 1266 1265
f 1269 1268 1267
f 1256 1258 1257
f 1255 1259 1258
f 1255 1262 1261
f 1255 1263 1262
f 1255 1261 1259
f 1255 1258 1256
f 1254 1264 1263
f 1254 1265 1264
f 1254 1263 1255
f 1272 1270 1269
f 1272 1271 1270
f 1278 1254 1253
f 1274 1273 1272
f 1274 1272 1269
f 1277 1267 1265
f 1277 1269 1267
f 1277 1265 1254
f 1277 1254 1278
f 1276 1275 1274
f 1276 1274 1269
f 1276 1269 1277
f 1287 1289 1288
f 1291 1290 1289
f 1285 1287 1286
f 1285 1289 1287
f 1283 1285 1284
f 1283 1291 1289
f 1283 1289 1285
f 1296 1293 1292
f 1296 1294 1293
f 1296 1295 1294
f 1281 1283 1282
f 1280 1283 1281
f 1298 1297 1296
f 1279 1291 1283
f 1279 1283 1280
f 1301 1299 1298
f 1301 1300 1299
f 1302 1292 1291
f 1302 1304 1303
f 1302 1279 1304
f 1302 1296 1292
f 1302 1298 1296
f 1302 1291 1279
f 1302 1301 1298
f 1313 1315 1314
f 1318 1316 1315
f 1318 1317 1316
f 1310 1312 1311
f 1320 1319 1318
f 1321 1318 1315
f 1321 1320 1318
f 1308 1310 1309
f 1323 1322 1321
f 1330 1306 1305
f 1330 1307 1306
f 1330 1308 1307
f 1330 1313 1312
f 1330 1315 1313
f 1330 1312 1310
f 1330 1310 1308
f 1326 1324 1323
f 1326 1325 1324
f 1326 1323 1321
f 1328 1327 1326
f 1328 1330 1329
f 1328 1321 1315
f 1328 1326 1321
f 1328 1315 1330
f 1339 1341 1340
f 1339 1342 1341
f 1345 1343 1342
f 1345 1344 1343
f 1336 1338 1337
f 1336 1339 1338
f 1348 1347 1346
f 1333 1335 1334
f 1333 1336 1335
f 1333 1342 1339
f 1333 1339 1336
f 1350 1349 1348
f 1331 1333 1332
f 1356 1345 1342
f 1356 1342 1333
f 1356 1333 1331
f 1352 1351 1350
f 1354 1346 1345
f 1354 1353 1352
f 1354 1356 1355
f 1354 1348 1346
f 1354 1350 1348
f 1354 1345 1356
f 1354 1352 1350
f 1378 1085 1084
f 1378 1084 1357
f 1379 1357 1358
f 1379 1378 1357
f 1380 1358 1359
f 1380 1379 1358
f 1381 1359 1360
f 1381 1380 1359
f 1361 1381 1360
f 1382 1381 1361
f 1362 1382 1361
f 1383 1382 1362
f 1363 1383 1362
f 1371 1363 1364
f 1371 1383 1363
f 1372 1364 1365
f 1372 1371 1364
f 1373 1365 1366
f 1373 1372 1365
f 1374 1366 1367
f 1374 1373 1366
f 1375 1367 1368
f 1375 1374 1367
f 1376 1368 1369
f 1376 1375 1368
f 1377 1369 1370
f 1377 1376 1369
f 1093 1370 1069
f 1093 1377 1370
f 1424 1403 1402
f 1423 1402 1401
f 1423 1424 1402
f 1425 1404 1403
f 1425 1403 1424
f 1422 1401 1400
f 1422 1423 1401
f 1426 1405 1404
f 1426 1406 1405
f 1426 1404 1425
f 1421 1400 1399
f 1421 1422 1400
f 1427 1407 1406
f 1427 1406 1426
f 1420 1399 1398
f 1420 1421 1399
f 1428 1408 1407
f 1428 1407 1427
f 1419 1398 1397
f 1419 1420 1398
f 1429 1408 1428
f 1409 1408 1429
f 1396 1419 1397
f 1418 1419 1396
f 1430 1409 1429
f 1410 1409 1430
f 1395 1418 1396
f 1417 1418 1395
f 1431 1410 1430
f 1411 1410 1431
f 1394 1417 1395
f 1416 1417 1394
f 1432 1411 1431
f 1412 1411 1432
f 1393 1415 1416
f 1393 1416 1394
f 1413 1412 1432
f 1413 1432 1433
f 1392 1414 1415
f 1392 1415 1393
f 1384 1413 1433
f 1384 1433 1434
f 1391 1414 1392
f 1391 1439 1414
f 1385 1384 1434
f 1385 1434 1435
f 1390 1439 1391
f 1389 1439 1390
f 1389 1438 1439
f 1386 1435 1436
f 1386 1385 1435
f 1388 1437 1438
f 1388 1438 1389
f 1387 1436 1437
f 1387 1386 1436
f 1387 1437 1388
f 1448 1450 1449
f 1452 1451 1450
f 1455 1453 1452
f 1455 1454 1453
f 1444 1446 1445
f 1456 1448 1447
f 1456 1450 1448
f 1456 1452 1450
f 1456 1455 1452
f 1443 1446 1444
f 1442 1446 1443
f 1458 1447 1446
f 1458 1457 1456
f 1458 1456 1447
f 1459 1458 1446
f 1465 1441 1440
f 1465 1442 1441
f 1461 1460 1459
f 1464 1442 1465
f 1463 1462 1461
f 1463 1446 1442
f 1463 1459 1446
f 1463 1461 1459
f 1463 1442 1464

o white_cover
usemtl material_5
v -0.04256900 0.02542200 0.04784700
v -0.04256900 0.02516100 0.04999700
v -0.04256900 0.02439500 0.05202200
v -0.04256900 0.02316700 0.05380600
v -0.04256900 0.02155000 0.05524300
v -0.04256900 0.01963200 0.05625500
v -0.04256900 0.01753200 0.05677800
v -0.04256900 0.01536600 0.05678500
v -0.04256900 0.01326500 0.05627500
v -0.04256900 0.01133900 0.05527400
v -0.04256900 0.00971400 0.05384700
v -0.04256900 0.00847400 0.05207000
v -0.04256900 0.00769600 0.05005200
v -0.04256900 0.00749100 0.04895900
v -0.04256900 0.00742200 0.04784700
v -0.04387200 0.02541900 0.04784700
v -0.04387200 0.02517000 0.04994700
v -0.04387100 0.02443800 0.05193200
v -0.04387100 0.02326400 0.05369100
v -0.04387100 0.02171100 0.05512700
v -0.04387000 0.01986500 0.05616100
v -0.04386900 0.01817700 0.05667300
v -0.04386900 0.01642200 0.05684700
v -0.04386800 0.01422600 0.05657500
v -0.04386700 0.01223500 0.05581500
v -0.04386700 0.01058800 0.05470200
v -0.04386700 0.00932300 0.05338300
v -0.04386600 0.00833900 0.05181100
v -0.04386600 0.00767200 0.04996400
v -0.04386600 0.00748300 0.04891400
v -0.04386600 0.00741900 0.04784700
v -0.03226900 -0.00007800 0.12854700
v -0.03226900 -0.00007800 0.13854700
v 0.03173100 -0.00007800 0.13854700
v 0.03080100 0.00758000 0.13854700
v 0.02806600 0.01479300 0.13854700
v 0.02368400 0.02114200 0.13854700
v 0.01790900 0.02625700 0.13854700
v 0.01107900 0.02984200 0.13854700
v 0.00358800 0.03168800 0.13854700
v -0.00412600 0.03168800 0.13854700
v -0.01161600 0.02984200 0.13854700
v -0.01844700 0.02625700 0.13854700
v -0.02422100 0.02114200 0.13854700
v -0.02860300 0.01479300 0.13854700
v -0.03133900 0.00758000 0.13854700
v 0.03173100 -0.00007800 0.12854700
v 0.03080100 0.00758000 0.12854700
v 0.02806600 0.01479300 0.12854700
v 0.02368400 0.02114200 0.12854700
v 0.01790900 0.02625700 0.12854700
v 0.01107900 0.02984200 0.12854700
v 0.00358800 0.03168800 0.12854700
v -0.00412600 0.03168800 0.12854700
v -0.01161600 0.02984200 0.12854700
v -0.01844700 0.02625700 0.12854700
v -0.02422100 0.02114200 0.12854700
v -0.02860300 0.01479300 0.12854700
v -0.03133900 0.00758000 0.12854700
v 0.03888000 0.02592900 0.03323200
v 0.03888000 0.02592900 0.01004700
v 0.03574700 0.02488300 0.05020200
v 0.03284500 0.02575000 0.07552000
v 0.03192300 0.02652300 0.08228900
v 0.03182800 0.02662700 0.08253800
v 0.03177500 0.02668600 0.08261500
v 0.03169300 0.02678300 0.08264300
v 0.03163000 0.02686000 0.08258400
v 0.03157200 0.02693400 0.08246200
v 0.03068000 0.02871600 0.06943800
v 0.03048500 0.03013300 0.05707900
v 0.03048500 0.03013300 0.01004700
v 0.03064300 0.02885500 0.01004700
v 0.03110800 0.02765400 0.01004700
v 0.03185000 0.02660200 0.01004700
v 0.03282700 0.02576200 0.01004700
v 0.03397800 0.02518600 0.01004700
v 0.03523500 0.02490700 0.01004700
v 0.03652200 0.02494200 0.01004700
v 0.03776200 0.02529000 0.01004700
v 0.03048500 -0.03028900 0.01004700
v 0.03048500 -0.03028900 0.05707900
v 0.03059400 -0.03135400 0.01004700
v 0.03091700 -0.03237400 0.01004700
v 0.03144000 -0.03330800 0.01004700
v 0.03214100 -0.03411600 0.01004700
v 0.03214100 -0.03411600 0.03323200
v 0.03085900 -0.03223600 0.04362400
v 0.04043100 -0.00007800 0.12854700
v 0.03924900 -0.00981800 0.12854700
v 0.03576900 -0.01899200 0.12854700
v 0.03019600 -0.02706700 0.12854700
v 0.02285100 -0.03357400 0.12854700
v 0.01416400 -0.03813300 0.12854700
v 0.00463700 -0.04048100 0.12854700
v -0.00517500 -0.04048100 0.12854700
v -0.01470100 -0.03813300 0.12854700
v -0.02338900 -0.03357400 0.12854700
v -0.03073300 -0.02706700 0.12854700
v -0.03630700 -0.01899200 0.12854700
v -0.03978600 -0.00981800 0.12854700
v -0.04096900 -0.00007800 0.12854700
v 0.04043100 -0.00007800 0.13554700
v 0.03924900 -0.00981800 0.13554700
v 0.03576900 -0.01899200 0.13554700
v 0.03019600 -0.02706700 0.13554700
v 0.02285100 -0.03357400 0.13554700
v 0.01416400 -0.03813300 0.13554700
v 0.00463700 -0.04048100 0.13554700
v -0.00517500 -0.04048100 0.13554700
v -0.01470100 -0.03813300 0.13554700
v -0.02338900 -0.03357400 0.13554700
v -0.03073300 -0.02706700 0.13554700
v -0.03630700 -0.01899200 0.13554700
v -0.03978600 -0.00981800 0.13554700
v -0.04096900 -0.00007800 0.13554700
v -0.04257000 -0.01382800 0.03304300
v -0.04257000 -0.01556700 0.03279600
v -0.04257000 -0.01720900 0.03217500
v -0.04257000 -0.01867700 0.03121100
v -0.04257000 -0.01989900 0.02995000
v -0.04257000 -0.02081700 0.02845300
v -0.04257000 -0.02138600 0.02679200
v -0.04257000 -0.02157800 0.02504700
v -0.04026900 -0.02157800 0.02504700
v -0.04026900 -0.00557800 0.02504700
v -0.04026900 -0.00581100 0.02696100
v -0.04026900 -0.00649500 0.02876400
v -0.04026900 -0.00759000 0.03035200
v -0.04026900 -0.00903400 0.03163100
v -0.04026900 -0.01074100 0.03252700
v -0.04026900 -0.01261400 0.03298800
v -0.04026900 -0.01454300 0.03298800
v -0.04026900 -0.01641500 0.03252700
v -0.04026900 -0.01812300 0.03163100
v -0.04026900 -0.01956600 0.03035200
v -0.04026900 -0.02066200 0.02876400
v -0.04026900 -0.02134600 0.02696100
v -0.04056900 -0.00557800 0.02504700
v -0.04056900 -0.00578700 0.02686200
v -0.04056900 -0.00640200 0.02858200
v -0.04056900 -0.00739100 0.03011800
v -0.04056900 -0.00870300 0.03138900
v -0.04056900 -0.01026900 0.03233000
v -0.04056900 -0.01200800 0.03289100
v -0.04056900 -0.01382800 0.03304300
v -0.04125700 0.00092200 0.13854700
v -0.03984600 0.01062700 0.13854700
v -0.03617100 0.01972100 0.13854700
v -0.03044200 0.02768100 0.13854700
v -0.02298600 0.03405300 0.13854700
v -0.01423000 0.03847100 0.13854700
v -0.00467600 0.04068400 0.13854700
v 0.00513100 0.04056500 0.13854700
v 0.01462900 0.03811900 0.13854700
v 0.02327400 0.03348800 0.13854700
v 0.03057300 0.02693700 0.13854700
v 0.03610600 0.01883900 0.13854700
v 0.03955800 0.00965900 0.13854700
v 0.04073100 -0.00007800 0.13854700
v 0.04073100 -0.00007800 0.13554700
v -0.04125700 0.00092200 0.13554700
v -0.03984600 0.01062700 0.13554700
v -0.03617100 0.01972100 0.13554700
v -0.03044200 0.02768100 0.13554700
v -0.02298600 0.03405300 0.13554700
v -0.01423000 0.03847100 0.13554700
v -0.00467600 0.04068400 0.13554700
v 0.00513100 0.04056500 0.13554700
v 0.01462900 0.03811900 0.13554700
v 0.02327400 0.03348800 0.13554700
v 0.03057300 0.02693700 0.13554700
v 0.03610600 0.01883900 0.13554700
v 0.03955800 0.00965900 0.13554700
v -0.04056900 -0.01382800 0.03304300
v -0.04257000 -0.01382800 0.03304300
v -0.04257000 -0.02207800 0.02504700
v -0.04257000 -0.02187000 0.02686200
v -0.04257000 -0.02125500 0.02858200
v -0.04257000 -0.02026600 0.03011800
v -0.04257000 -0.01895400 0.03138900
v -0.04257000 -0.01738800 0.03233000
v -0.04257000 -0.01564900 0.03289100
v -0.04056900 -0.02207800 0.02504700
v -0.04056900 -0.02187000 0.02686200
v -0.04056900 -0.02125500 0.02858200
v -0.04056900 -0.02026600 0.03011800
v -0.04056900 -0.01895400 0.03138900
v -0.04056900 -0.01738800 0.03233000
v -0.04056900 -0.01564900 0.03289100
v -0.04056900 0.01332200 0.06434700
v -0.04256900 0.01332200 0.06434700
v -0.04256900 0.01952200 0.06434700
v -0.04256900 0.01943200 0.06360500
v -0.04256900 0.01916700 0.06290600
v -0.04256900 0.01874200 0.06229100
v -0.04256900 0.01818300 0.06179500
v -0.04256900 0.01752100 0.06144800
v -0.04256900 0.01679500 0.06126900
v -0.04256900 0.01604800 0.06126900
v -0.04256900 0.01532200 0.06144800
v -0.04256900 0.01466100 0.06179500
v -0.04256900 0.01410100 0.06229100
v -0.04256900 0.01367700 0.06290600
v -0.04256900 0.01341200 0.06360500
v -0.04056900 0.01952200 0.06434700
v -0.04056900 0.01943200 0.06360500
v -0.04056900 0.01916700 0.06290600
v -0.04056900 0.01874200 0.06229100
v -0.04056900 0.01818300 0.06179500
v -0.04056900 0.01752100 0.06144800
v -0.04056900 0.01679500 0.06126900
v -0.04056900 0.01604800 0.06126900
v -0.04056900 0.01532200 0.06144800
v -0.04056900 0.01466100 0.06179500
v -0.04056900 0.01410100 0.06229100
v -0.04056900 0.01367700 0.06290600
v -0.04056900 0.01341200 0.06360500
v -0.04256900 0.01473400 0.06694700
v -0.04056900 0.01473400 0.06694700
v -0.04256900 0.01338300 0.06495900
v -0.04256900 0.01356400 0.06554800
v -0.04256900 0.01385800 0.06608900
v -0.04256900 0.01425300 0.06656200
v -0.04056900 0.01338300 0.06495900
v -0.04056900 0.01356400 0.06554800
v -0.04056900 0.01385800 0.06608900
v -0.04056900 0.01425300 0.06656200
v -0.04386900 0.01642200 0.03404700
v -0.04386900 0.01441900 0.03382100
v -0.04386900 0.01251700 0.03315500
v -0.04386900 0.01081000 0.03208300
v -0.04386900 0.00938500 0.03065800
v -0.04386900 0.00831300 0.02895200
v -0.04386900 0.00764700 0.02704900
v -0.04386900 0.00742200 0.02504700
v -0.04256900 0.00742200 0.02504700
v -0.04256900 0.02542200 0.02504700
v -0.04256900 0.02516000 0.02720100
v -0.04256900 0.02439100 0.02922900
v -0.04256900 0.02315800 0.03101500
v -0.04256900 0.02153400 0.03245400
v -0.04256900 0.01961300 0.03346200
v -0.04256900 0.01750700 0.03398100
v -0.04256900 0.01533700 0.03398100
v -0.04256900 0.01323000 0.03346200
v -0.04256900 0.01130900 0.03245400
v -0.04256900 0.00968500 0.03101500
v -0.04256900 0.00845300 0.02922900
v -0.04256900 0.00768300 0.02720100
v -0.04386900 0.02542200 0.02504700
v -0.04386900 0.02519600 0.02704900
v -0.04386900 0.02453000 0.02895200
v -0.04386900 0.02345800 0.03065800
v -0.04386900 0.02203300 0.03208300
v -0.04386900 0.02032700 0.03315500
v -0.04386900 0.01842400 0.03382100
v -0.04436900 0.01642200 0.03354700
v -0.04436900 0.01446600 0.03331900
v -0.04436900 0.01249300 0.03258400
v -0.04436900 0.01086400 0.03147800
v -0.04436900 0.00964100 0.03017200
v -0.04436900 0.00872900 0.02866300
v -0.04436900 0.00816300 0.02705800
v -0.04436900 0.00793200 0.02546300
v -0.04436900 0.00799900 0.02390100
v -0.04436900 0.00838100 0.02228900
v -0.04436900 0.00910800 0.02071500
v -0.04436900 0.01017100 0.01928700
v -0.04436900 0.01151300 0.01810700
v -0.04436900 0.01304400 0.01724700
v -0.04436900 0.01465400 0.01673300
v -0.04436900 0.01554900 0.01659200
v -0.04436900 0.01642200 0.01654700
v -0.04386900 0.01642200 0.01604700
v -0.04386900 0.00742200 0.02504700
v -0.04386900 0.00764700 0.02304400
v -0.04386900 0.00831300 0.02114200
v -0.04386900 0.00938500 0.01943500
v -0.04386900 0.01081000 0.01801000
v -0.04386900 0.01251700 0.01693800
v -0.04386900 0.01441900 0.01627200
v -0.04386900 0.01642200 0.03404700
v -0.04386900 0.01441900 0.03382100
v -0.04386900 0.01251700 0.03315500
v -0.04386900 0.01081000 0.03208300
v -0.04386900 0.00938500 0.03065800
v -0.04386900 0.00831300 0.02895200
v -0.04386900 0.00764700 0.02704900
v -0.04436900 0.01642200 0.05634700
v -0.04436900 0.01446600 0.05611900
v -0.04436900 0.01249300 0.05538400
v -0.04436900 0.01086400 0.05427800
v -0.04436900 0.00964100 0.05297200
v -0.04436900 0.00872900 0.05146300
v -0.04436900 0.00816300 0.04985800
v -0.04436900 0.00793200 0.04826300
v -0.04436900 0.00799900 0.04670100
v -0.04436900 0.00838100 0.04508900
v -0.04436900 0.00910800 0.04351500
v -0.04436900 0.01017100 0.04208700
v -0.04436900 0.01151300 0.04090700
v -0.04436900 0.01304400 0.04004700
v -0.04436900 0.01465400 0.03953300
v -0.04436900 0.01554900 0.03939200
v -0.04436900 0.01642200 0.03934700
v -0.04386900 0.01642200 0.03884700
v -0.04386600 0.00741900 0.04784700
v -0.04386600 0.00769000 0.04565300
v -0.04386600 0.00845100 0.04366300
v -0.04386700 0.00956500 0.04201400
v -0.04386700 0.01102900 0.04063900
v -0.04386800 0.01273200 0.03963700
v -0.04386800 0.01453700 0.03904600
v -0.04386900 0.01549200 0.03889500
v -0.04386900 0.01642200 0.05684700
v -0.04386800 0.01422600 0.05657500
v -0.04386700 0.01223500 0.05581500
v -0.04386700 0.01058800 0.05470200
v -0.04386700 0.00932300 0.05338300
v -0.04386600 0.00833900 0.05181100
v -0.04386600 0.00767200 0.04996400
v -0.04386600 0.00748300 0.04891400
v -0.04306900 0.00937300 0.02504700
v -0.04436900 0.00937300 0.02504700
v -0.04436900 0.00957800 0.02336000
v -0.04436900 0.01018100 0.02177100
v -0.04436900 0.01114600 0.02037300
v -0.04436900 0.01241800 0.01924600
v -0.04436900 0.01392200 0.01845600
v -0.04436900 0.01557200 0.01805000
v -0.04436900 0.01727100 0.01805000
v -0.04436900 0.01892100 0.01845600
v -0.04436900 0.02042600 0.01924600
v -0.04436900 0.02169800 0.02037300
v -0.04436900 0.02266300 0.02177100
v -0.04436900 0.02326500 0.02336000
v -0.04436900 0.02347000 0.02504700
v -0.04306900 0.02347000 0.02504700
v -0.04306900 0.00957800 0.02336000
v -0.04306900 0.01018100 0.02177100
v -0.04306900 0.01114600 0.02037300
v -0.04306900 0.01241800 0.01924600
v -0.04306900 0.01392200 0.01845600
v -0.04306900 0.01557200 0.01805000
v -0.04306900 0.01727100 0.01805000
v -0.04306900 0.01892100 0.01845600
v -0.04306900 0.02042600 0.01924600
v -0.04306900 0.02169800 0.02037300
v -0.04306900 0.02266300 0.02177100
v -0.04306900 0.02326500 0.02336000
v -0.04437000 -0.02007800 0.02504700
v -0.04457000 -0.02007800 0.02504700
v -0.04457000 -0.01988900 0.02349100
v -0.04457000 -0.01933400 0.02202600
v -0.04457000 -0.01844400 0.02073600
v -0.04457000 -0.01727100 0.01969700
v -0.04457000 -0.01588300 0.01896900
v -0.04457000 -0.01436200 0.01859400
v -0.04457000 -0.01279500 0.01859400
v -0.04457000 -0.01127300 0.01896900
v -0.04457000 -0.00988600 0.01969700
v -0.04457000 -0.00871300 0.02073600
v -0.04457000 -0.00782300 0.02202600
v -0.04457000 -0.00726700 0.02349100
v -0.04457000 -0.00707800 0.02504700
v -0.04437000 -0.00707800 0.02504700
v -0.04437000 -0.01988900 0.02349100
v -0.04437000 -0.01933400 0.02202600
v -0.04437000 -0.01844400 0.02073600
v -0.04437000 -0.01727100 0.01969700
v -0.04437000 -0.01588300 0.01896900
v -0.04437000 -0.01436200 0.01859400
v -0.04437000 -0.01279500 0.01859400
v -0.04437000 -0.01127300 0.01896900
v -0.04437000 -0.00988600 0.01969700
v -0.04437000 -0.00871300 0.02073600
v -0.04437000 -0.00782300 0.02202600
v -0.04437000 -0.00726700 0.02349100
v -0.04256900 0.01827600 0.04104700
v -0.04056900 0.01827600 0.04104700
v -0.04256900 0.01456700 0.04104700
v -0.04256900 0.01579700 0.04082600
v -0.04256900 0.01704600 0.04082600
v -0.04056900 0.01456700 0.04104700
v -0.04056900 0.00937300 0.04784700
v -0.04056900 0.00953900 0.04632600
v -0.04056900 0.01002900 0.04487700
v -0.04056900 0.01082000 0.04356800
v -0.04056900 0.01187500 0.04246100
v -0.04056900 0.01314400 0.04160700
v -0.04436900 0.00937300 0.04784700
v -0.04436900 0.00957800 0.04616000
v -0.04436900 0.01018100 0.04457100
v -0.04436900 0.01114600 0.04317300
v -0.04436900 0.01241800 0.04204600
v -0.04436900 0.01392200 0.04125600
v -0.04436900 0.01557200 0.04085000
v -0.04436900 0.01727100 0.04085000
v -0.04436900 0.01892100 0.04125600
v -0.04436900 0.02042600 0.04204600
v -0.04436900 0.02169800 0.04317300
v -0.04436900 0.02266300 0.04457100
v -0.04436900 0.02326500 0.04616000
v -0.04436900 0.02347000 0.04784700
v -0.04056900 0.02347000 0.04784700
v -0.04056900 0.01969900 0.04160700
v -0.04056900 0.02096800 0.04246100
v -0.04056900 0.02202300 0.04356800
v -0.04056900 0.02281400 0.04487700
v -0.04056900 0.02330400 0.04632600
v -0.04306900 0.02261300 0.02504700
v -0.04306900 0.02243300 0.02652800
v -0.04306900 0.02190300 0.02792400
v -0.04306900 0.02105600 0.02915200
v -0.04306900 0.01993900 0.03014200
v -0.04306900 0.01861700 0.03083500
v -0.04306900 0.01716800 0.03119200
v -0.04306900 0.01567600 0.03119200
v -0.04306900 0.01422600 0.03083500
v -0.04306900 0.01290500 0.03014200
v -0.04306900 0.01178800 0.02915200
v -0.04306900 0.01094000 0.02792400
v -0.04306900 0.01041100 0.02652800
v -0.04306900 0.01023100 0.02504700
v -0.04436900 0.02261300 0.02504700
v -0.04436900 0.02243300 0.02652800
v -0.04436900 0.02190300 0.02792400
v -0.04436900 0.02105600 0.02915200
v -0.04436900 0.01993900 0.03014200
v -0.04436900 0.01861700 0.03083500
v -0.04436900 0.01716800 0.03119200
v -0.04436900 0.01567600 0.03119200
v -0.04436900 0.01422600 0.03083500
v -0.04436900 0.01290500 0.03014200
v -0.04436900 0.01178800 0.02915200
v -0.04436900 0.01094000 0.02792400
v -0.04436900 0.01041100 0.02652800
v -0.04436900 0.01023100 0.02504700
v -0.04437000 -0.00787800 0.02504700
v -0.04437000 -0.00804400 0.02641100
v -0.04437000 -0.00853100 0.02769600
v -0.04437000 -0.00931200 0.02882700
v -0.04437000 -0.01034000 0.02973800
v -0.04437000 -0.01155700 0.03037600
v -0.04437000 -0.01289100 0.03070500
v -0.04437000 -0.01426500 0.03070500
v -0.04437000 -0.01559900 0.03037600
v -0.04437000 -0.01681600 0.02973800
v -0.04437000 -0.01784500 0.02882700
v -0.04437000 -0.01862500 0.02769600
v -0.04437000 -0.01911300 0.02641100
v -0.04437000 -0.01927800 0.02504700
v -0.04457000 -0.00787800 0.02504700
v -0.04457000 -0.00804400 0.02641100
v -0.04457000 -0.00853100 0.02769600
v -0.04457000 -0.00931200 0.02882700
v -0.04457000 -0.01034000 0.02973800
v -0.04457000 -0.01155700 0.03037600
v -0.04457000 -0.01289100 0.03070500
v -0.04457000 -0.01426500 0.03070500
v -0.04457000 -0.01559900 0.03037600
v -0.04457000 -0.01681600 0.02973800
v -0.04457000 -0.01784500 0.02882700
v -0.04457000 -0.01862500 0.02769600
v -0.04457000 -0.01911300 0.02641100
v -0.04457000 -0.01927800 0.02504700
v -0.04056900 0.02261300 0.04784700
v -0.04056900 0.02243300 0.04932800
v -0.04056900 0.02190300 0.05072400
v -0.04056900 0.02105600 0.05195200
v -0.04056900 0.01993900 0.05294200
v -0.04056900 0.01861700 0.05363500
v -0.04056900 0.01716800 0.05399200
v -0.04056900 0.01567600 0.05399200
v -0.04056900 0.01422600 0.05363500
v -0.04056900 0.01290500 0.05294200
v -0.04056900 0.01178800 0.05195200
v -0.04056900 0.01094000 0.05072400
v -0.04056900 0.01041100 0.04932800
v -0.04056900 0.01023100 0.04784700
v -0.04436900 0.02261300 0.04784700
v -0.04436900 0.02243300 0.04932800
v -0.04436900 0.02190300 0.05072400
v -0.04436900 0.02105600 0.05195200
v -0.04436900 0.01993900 0.05294200
v -0.04436900 0.01861700 0.05363500
v -0.04436900 0.01716800 0.05399200
v -0.04436900 0.01567600 0.05399200
v -0.04436900 0.01422600 0.05363500
v -0.04436900 0.01290500 0.05294200
v -0.04436900 0.01178800 0.05195200
v -0.04436900 0.01094000 0.05072400
v -0.04436900 0.01041100 0.04932800
v -0.04436900 0.01023100 0.04784700
v -0.04306900 0.01166900 0.02615700
v -0.04436900 0.01166900 0.02615700
v -0.04436900 0.01169900 0.02590700
v -0.04436900 0.01178800 0.02567200
v -0.04436900 0.01193100 0.02546500
v -0.04436900 0.01211900 0.02529800
v -0.04436900 0.01234200 0.02518200
v -0.04436900 0.01258600 0.02512100
v -0.04436900 0.01283800 0.02512100
v -0.04436900 0.01308200 0.02518200
v -0.04436900 0.01330400 0.02529800
v -0.04436900 0.01349200 0.02546500
v -0.04436900 0.01363500 0.02567200
v -0.04436900 0.01372400 0.02590700
v -0.04436900 0.01375500 0.02615700
v -0.04306900 0.01375500 0.02615700
v -0.04306900 0.01169900 0.02590700
v -0.04306900 0.01178800 0.02567200
v -0.04306900 0.01193100 0.02546500
v -0.04306900 0.01211900 0.02529800
v -0.04306900 0.01234200 0.02518200
v -0.04306900 0.01258600 0.02512100
v -0.04306900 0.01283800 0.02512100
v -0.04306900 0.01308200 0.02518200
v -0.04306900 0.01330400 0.02529800
v -0.04306900 0.01349200 0.02546500
v -0.04306900 0.01363500 0.02567200
v -0.04306900 0.01372400 0.02590700
v -0.04306900 0.01426900 0.02133700
v -0.04436900 0.01426900 0.02133700
v -0.04436900 0.01429900 0.02108700
v -0.04436900 0.01438800 0.02085200
v -0.04436900 0.01453100 0.02064500
v -0.04436900 0.01471900 0.02047900
v -0.04436900 0.01494200 0.02036200
v -0.04436900 0.01518600 0.02030200
v -0.04436900 0.01543700 0.02030200
v -0.04436900 0.01568200 0.02036200
v -0.04436900 0.01590400 0.02047900
v -0.04436900 0.01609200 0.02064500
v -0.04436900 0.01623500 0.02085200
v -0.04436900 0.01632400 0.02108700
v -0.04436900 0.01635500 0.02133700
v -0.04306900 0.01635500 0.02133700
v -0.04306900 0.01429900 0.02108700
v -0.04306900 0.01438800 0.02085200
v -0.04306900 0.01453100 0.02064500
v -0.04306900 0.01471900 0.02047900
v -0.04306900 0.01494200 0.02036200
v -0.04306900 0.01518600 0.02030200
v -0.04306900 0.01543700 0.02030200
v -0.04306900 0.01568200 0.02036200
v -0.04306900 0.01590400 0.02047900
v -0.04306900 0.01609200 0.02064500
v -0.04306900 0.01623500 0.02085200
v -0.04306900 0.01632400 0.02108700
v -0.04306900 0.01908900 0.02393700
v -0.04436900 0.01908900 0.02393700
v -0.04436900 0.01911900 0.02368700
v -0.04436900 0.01920800 0.02345200
v -0.04436900 0.01935100 0.02324500
v -0.04436900 0.01953900 0.02307900
v -0.04436900 0.01976200 0.02296200
v -0.04436900 0.02000600 0.02290200
v -0.04436900 0.02025700 0.02290200
v -0.04436900 0.02050100 0.02296200
v -0.04436900 0.02072400 0.02307900
v -0.04436900 0.02091200 0.02324500
v -0.04436900 0.02105500 0.02345200
v -0.04436900 0.02114400 0.02368700
v -0.04436900 0.02117400 0.02393700
v -0.04306900 0.02117400 0.02393700
v -0.04306900 0.01911900 0.02368700
v -0.04306900 0.01920800 0.02345200
v -0.04306900 0.01935100 0.02324500
v -0.04306900 0.01953900 0.02307900
v -0.04306900 0.01976200 0.02296200
v -0.04306900 0.02000600 0.02290200
v -0.04306900 0.02025700 0.02290200
v -0.04306900 0.02050100 0.02296200
v -0.04306900 0.02072400 0.02307900
v -0.04306900 0.02091200 0.02324500
v -0.04306900 0.02105500 0.02345200
v -0.04306900 0.02114400 0.02368700
v -0.04306900 0.01648900 0.02875700
v -0.04436900 0.01648900 0.02875700
v -0.04436900 0.01651900 0.02850700
v -0.04436900 0.01660800 0.02827200
v -0.04436900 0.01675100 0.02806500
v -0.04436900 0.01693900 0.02789800
v -0.04436900 0.01716200 0.02778200
v -0.04436900 0.01740600 0.02772100
v -0.04436900 0.01765700 0.02772100
v -0.04436900 0.01790200 0.02778200
v -0.04436900 0.01812400 0.02789800
v -0.04436900 0.01831200 0.02806500
v -0.04436900 0.01845500 0.02827200
v -0.04436900 0.01854400 0.02850700
v -0.04436900 0.01857500 0.02875700
v -0.04306900 0.01857500 0.02875700
v -0.04306900 0.01651900 0.02850700
v -0.04306900 0.01660800 0.02827200
v -0.04306900 0.01675100 0.02806500
v -0.04306900 0.01693900 0.02789800
v -0.04306900 0.01716200 0.02778200
v -0.04306900 0.01740600 0.02772100
v -0.04306900 0.01765700 0.02772100
v -0.04306900 0.01790200 0.02778200
v -0.04306900 0.01812400 0.02789800
v -0.04306900 0.01831200 0.02806500
v -0.04306900 0.01845500 0.02827200
v -0.04306900 0.01854400 0.02850700
v -0.04056900 0.01166900 0.04895700
v -0.04436900 0.01166900 0.04895700
v -0.04436900 0.01169900 0.04870700
v -0.04436900 0.01178800 0.04847200
v -0.04436900 0.01193100 0.04826500
v -0.04436900 0.01211900 0.04809800
v -0.04436900 0.01234200 0.04798200
v -0.04436900 0.01258600 0.04792100
v -0.04436900 0.01283800 0.04792100
v -0.04436900 0.01308200 0.04798200
v -0.04436900 0.01330400 0.04809800
v -0.04436900 0.01349200 0.04826500
v -0.04436900 0.01363500 0.04847200
v -0.04436900 0.01372400 0.04870700
v -0.04436900 0.01375500 0.04895700
v -0.04056900 0.01375500 0.04895700
v -0.04056900 0.01169900 0.04870700
v -0.04056900 0.01178800 0.04847200
v -0.04056900 0.01193100 0.04826500
v -0.04056900 0.01211900 0.04809800
v -0.04056900 0.01234200 0.04798200
v -0.04056900 0.01258600 0.04792100
v -0.04056900 0.01283800 0.04792100
v -0.04056900 0.01308200 0.04798200
v -0.04056900 0.01330400 0.04809800
v -0.04056900 0.01349200 0.04826500
v -0.04056900 0.01363500 0.04847200
v -0.04056900 0.01372400 0.04870700
v -0.04056900 0.01426900 0.04413700
v -0.04436900 0.01426900 0.04413700
v -0.04436900 0.01429900 0.04388700
v -0.04436900 0.01438800 0.04365200
v -0.04436900 0.01453100 0.04344500
v -0.04436900 0.01471900 0.04327900
v -0.04436900 0.01494200 0.04316200
v -0.04436900 0.01518600 0.04310200
v -0.04436900 0.01543700 0.04310200
v -0.04436900 0.01568200 0.04316200
v -0.04436900 0.01590400 0.04327900
v -0.04436900 0.01609200 0.04344500
v -0.04436900 0.01623500 0.04365200
v -0.04436900 0.01632400 0.04388700
v -0.04436900 0.01635500 0.04413700
v -0.04056900 0.01635500 0.04413700
v -0.04056900 0.01429900 0.04388700
v -0.04056900 0.01438800 0.04365200
v -0.04056900 0.01453100 0.04344500
v -0.04056900 0.01471900 0.04327900
v -0.04056900 0.01494200 0.04316200
v -0.04056900 0.01518600 0.04310200
v -0.04056900 0.01543700 0.04310200
v -0.04056900 0.01568200 0.04316200
v -0.04056900 0.01590400 0.04327900
v -0.04056900 0.01609200 0.04344500
v -0.04056900 0.01623500 0.04365200
v -0.04056900 0.01632400 0.04388700
v -0.04056900 0.01908900 0.04673700
v -0.04436900 0.01908900 0.04673700
v -0.04436900 0.01911900 0.04648700
v -0.04436900 0.01920800 0.04625200
v -0.04436900 0.01935100 0.04604500
v -0.04436900 0.01953900 0.04587900
v -0.04436900 0.01976200 0.04576200
v -0.04436900 0.02000600 0.04570200
v -0.04436900 0.02025700 0.04570200
v -0.04436900 0.02050100 0.04576200
v -0.04436900 0.02072400 0.04587900
v -0.04436900 0.02091200 0.04604500
v -0.04436900 0.02105500 0.04625200
v -0.04436900 0.02114400 0.04648700
v -0.04436900 0.02117400 0.04673700
v -0.04056900 0.02117400 0.04673700
v -0.04056900 0.01911900 0.04648700
v -0.04056900 0.01920800 0.04625200
v -0.04056900 0.01935100 0.04604500
v -0.04056900 0.01953900 0.04587900
v -0.04056900 0.01976200 0.04576200
v -0.04056900 0.02000600 0.04570200
v -0.04056900 0.02025700 0.04570200
v -0.04056900 0.02050100 0.04576200
v -0.04056900 0.02072400 0.04587900
v -0.04056900 0.02091200 0.04604500
v -0.04056900 0.02105500 0.04625200
v -0.04056900 0.02114400 0.04648700
v -0.04056900 0.01648900 0.05155700
v -0.04436900 0.01648900 0.05155700
v -0.04436900 0.01651900 0.05130700
v -0.04436900 0.01660800 0.05107200
v -0.04436900 0.01675100 0.05086500
v -0.04436900 0.01693900 0.05069800
v -0.04436900 0.01716200 0.05058200
v -0.04436900 0.01740600 0.05052100
v -0.04436900 0.01765700 0.05052100
v -0.04436900 0.01790200 0.05058200
v -0.04436900 0.01812400 0.05069800
v -0.04436900 0.01831200 0.05086500
v -0.04436900 0.01845500 0.05107200
v -0.04436900 0.01854400 0.05130700
v -0.04436900 0.01857500 0.05155700
v -0.04056900 0.01857500 0.05155700
v -0.04056900 0.01651900 0.05130700
v -0.04056900 0.01660800 0.05107200
v -0.04056900 0.01675100 0.05086500
v -0.04056900 0.01693900 0.05069800
v -0.04056900 0.01716200 0.05058200
v -0.04056900 0.01740600 0.05052100
v -0.04056900 0.01765700 0.05052100
v -0.04056900 0.01790200 0.05058200
v -0.04056900 0.01812400 0.05069800
v -0.04056900 0.01831200 0.05086500
v -0.04056900 0.01845500 0.05107200
v -0.04056900 0.01854400 0.05130700
v -0.00276900 -0.04707800 0.00004700
v -0.00276900 -0.04707800 0.03991400
v -0.00027400 -0.04457800 0.05166400
v -0.00038000 -0.04458100 0.05164700
v -0.00048600 -0.04458800 0.05160200
v -0.00063400 -0.04460500 0.05148900
v -0.00086900 -0.04465100 0.05119200
v -0.00126700 -0.04478600 0.05035400
v -0.00165300 -0.04499600 0.04911300
v -0.00231900 -0.04564800 0.04571200
v -0.00026900 -0.04457800 0.05166400
v -0.00016200 -0.04458000 0.05164900
v -0.00005500 -0.04458700 0.05160500
v 0.00009000 -0.04460400 0.05149600
v 0.00032100 -0.04464900 0.05120900
v 0.00072700 -0.04478500 0.05036000
v 0.00111900 -0.04499900 0.04909800
v 0.00179500 -0.04566700 0.04561900
v 0.00223100 -0.04707800 0.03991400
v 0.00223100 -0.04707800 0.00004700
v -0.00269600 -0.04648000 0.00004700
v -0.00248200 -0.04591600 0.00004700
v -0.00214000 -0.04542000 0.00004700
v -0.00168900 -0.04502100 0.00004700
v -0.00115500 -0.04474100 0.00004700
v -0.00057000 -0.04459600 0.00004700
v 0.00003300 -0.04459600 0.00004700
v 0.00061800 -0.04474100 0.00004700
v 0.00115100 -0.04502100 0.00004700
v 0.00160300 -0.04542000 0.00004700
v 0.00194500 -0.04591600 0.00004700
v 0.00215900 -0.04648000 0.00004700
v 0.03248500 0.03013300 0.00004700
v 0.03248500 0.03013300 0.01004700
v 0.03258000 0.03091100 0.01004700
v 0.03285800 0.03164300 0.01004700
v 0.03330300 0.03228800 0.01004700
v 0.03388900 0.03280700 0.01004700
v 0.03458300 0.03317200 0.01004700
v 0.03534400 0.03335900 0.01004700
v 0.03612700 0.03335900 0.01004700
v 0.03688800 0.03317200 0.01004700
v 0.03758200 0.03280700 0.01004700
v 0.03816800 0.03228800 0.01004700
v 0.03861300 0.03164300 0.01004700
v 0.03889100 0.03091100 0.01004700
v 0.03898500 0.03013300 0.01004700
v 0.03898500 0.03013300 0.00004700
v 0.03258000 0.03091100 0.00004700
v 0.03285800 0.03164300 0.00004700
v 0.03330300 0.03228800 0.00004700
v 0.03388900 0.03280700 0.00004700
v 0.03458300 0.03317200 0.00004700
v 0.03534400 0.03335900 0.00004700
v 0.03612700 0.03335900 0.00004700
v 0.03688800 0.03317200 0.00004700
v 0.03758200 0.03280700 0.00004700
v 0.03816800 0.03228800 0.00004700
v 0.03861300 0.03164300 0.00004700
v 0.03889100 0.03091100 0.00004700
v 0.03248500 -0.03028900 0.00004700
v 0.03248500 -0.03028900 0.01004700
v 0.03258000 -0.02951100 0.01004700
v 0.03285800 -0.02877900 0.01004700
v 0.03330300 -0.02813400 0.01004700
v 0.03388900 -0.02761500 0.01004700
v 0.03458300 -0.02725000 0.01004700
v 0.03534400 -0.02706300 0.01004700
v 0.03612700 -0.02706300 0.01004700
v 0.03688800 -0.02725000 0.01004700
v 0.03758200 -0.02761500 0.01004700
v 0.03816800 -0.02813400 0.01004700
v 0.03861300 -0.02877900 0.01004700
v 0.03889100 -0.02951100 0.01004700
v 0.03898500 -0.03028900 0.01004700
v 0.03898500 -0.03028900 0.00004700
v 0.03258000 -0.02951100 0.00004700
v 0.03285800 -0.02877900 0.00004700
v 0.03330300 -0.02813400 0.00004700
v 0.03388900 -0.02761500 0.00004700
v 0.03458300 -0.02725000 0.00004700
v 0.03534400 -0.02706300 0.00004700
v 0.03612700 -0.02706300 0.00004700
v 0.03688800 -0.02725000 0.00004700
v 0.03758200 -0.02761500 0.00004700
v 0.03816800 -0.02813400 0.00004700
v 0.03861300 -0.02877900 0.00004700
v 0.03889100 -0.02951100 0.00004700
v -0.02701900 0.04062500 0.00004700
v -0.02701900 0.04062500 0.01004700
v -0.02692400 0.04140300 0.01004700
v -0.02664600 0.04213500 0.01004700
v -0.02620100 0.04278000 0.01004700
v -0.02561500 0.04330000 0.01004700
v -0.02492100 0.04366400 0.01004700
v -0.02416000 0.04385100 0.01004700
v -0.02337700 0.04385100 0.01004700
v -0.02261600 0.04366400 0.01004700
v -0.02192300 0.04330000 0.01004700
v -0.02133600 0.04278000 0.01004700
v -0.02089100 0.04213500 0.01004700
v -0.02061300 0.04140300 0.01004700
v -0.02051900 0.04062500 0.01004700
v -0.02051900 0.04062500 0.00004700
v -0.02692400 0.04140300 0.00004700
v -0.02664600 0.04213500 0.00004700
v -0.02620100 0.04278000 0.00004700
v -0.02561500 0.04330000 0.00004700
v -0.02492100 0.04366400 0.00004700
v -0.02416000 0.04385100 0.00004700
v -0.02337700 0.04385100 0.00004700
v -0.02261600 0.04366400 0.00004700
v -0.02192300 0.04330000 0.00004700
v -0.02133600 0.04278000 0.00004700
v -0.02089100 0.04213500 0.00004700
v -0.02061300 0.04140300 0.00004700
v -0.02701900 -0.04078100 0.00004700
v -0.02701900 -0.04078100 0.01004700
v -0.02692400 -0.04000400 0.01004700
v -0.02664600 -0.03927100 0.01004700
v -0.02620100 -0.03862600 0.01004700
v -0.02561500 -0.03810700 0.01004700
v -0.02492100 -0.03774300 0.01004700
v -0.02416000 -0.03755500 0.01004700
v -0.02337700 -0.03755500 0.01004700
v -0.02261600 -0.03774300 0.01004700
v -0.02192300 -0.03810700 0.01004700
v -0.02133600 -0.03862600 0.01004700
v -0.02089100 -0.03927100 0.01004700
v -0.02061300 -0.04000400 0.01004700
v -0.02051900 -0.04078100 0.01004700
v -0.02051900 -0.04078100 0.00004700
v -0.02692400 -0.04000400 0.00004700
v -0.02664600 -0.03927100 0.00004700
v -0.02620100 -0.03862600 0.00004700
v -0.02561500 -0.03810700 0.00004700
v -0.02492100 -0.03774300 0.00004700
v -0.02416000 -0.03755500 0.00004700
v -0.02337700 -0.03755500 0.00004700
v -0.02261600 -0.03774300 0.00004700
v -0.02192300 -0.03810700 0.00004700
v -0.02133600 -0.03862600 0.00004700
v -0.02089100 -0.03927100 0.00004700
v -0.02061300 -0.04000400 0.00004700
v -0.04169800 -0.03549500 0.00004700
v -0.04165200 -0.03507100 0.00004700
v -0.04151800 -0.03466700 0.00004700
v -0.04130100 -0.03430000 0.00004700
v -0.04101100 -0.03398700 0.00004700
v -0.04066200 -0.03374300 0.00004700
v -0.04026900 -0.03357800 0.00004700
v -0.04169800 -0.03549500 0.00024700
v -0.04026900 -0.03357800 0.00024700
v -0.04066200 -0.03374300 0.00024700
v -0.04101100 -0.03398800 0.00024700
v -0.04130100 -0.03430000 0.00024700
v -0.04151700 -0.03466700 0.00024700
v -0.04165200 -0.03507100 0.00024700
v -0.04118600 0.03667500 0.00024700
v -0.04118600 0.03667500 0.00004700
v -0.04169800 0.03533900 0.00004700
v -0.04163900 0.03582200 0.00004700
v -0.04146400 0.03627600 0.00004700
v -0.04169800 0.03533900 0.00024700
v -0.04146400 0.03627600 0.00024700
v -0.04163800 0.03582200 0.00024700
v -0.04026900 -0.03357800 0.02313500
v -0.04026900 -0.03357800 0.00024700
v -0.04026900 -0.03357800 0.02414500
v -0.04026900 -0.03357800 0.02757200
v -0.04026900 -0.03357800 0.07204700
v -0.04026900 0.03342200 0.07204700
v -0.04026900 0.03342200 0.02757200
v -0.04026900 0.03342200 0.02414500
v -0.04026900 0.03342200 0.02313500
v -0.04026900 0.03342200 0.00024700
v -0.04026900 0.03342200 0.00004700
v -0.04026900 -0.03357800 0.00004700
v -0.04026900 0.01620900 0.06034500
v -0.04026900 0.00549200 0.05391100
v -0.04026900 0.00570400 0.04141300
v -0.04026900 0.01663500 0.03534800
v -0.04026900 0.02735200 0.04178200
v -0.04026900 0.02713900 0.05428000
v -0.04026900 -0.00907800 0.05837000
v -0.04026900 0.00412200 0.05837000
v -0.04026900 0.00412200 0.06437000
v -0.04026900 -0.00907800 0.06437000
v -0.04026900 -0.02537800 0.05837000
v -0.04026900 -0.01217800 0.05837000
v -0.04026900 -0.01217800 0.06437000
v -0.04026900 -0.02537800 0.06437000
v -0.04026900 0.00512400 0.05267000
v -0.04026900 -0.02627600 0.05267000
v -0.04026900 -0.02627600 0.03917000
v -0.04026900 0.00512400 0.03917000
v -0.04026900 -0.00557800 0.02504700
v -0.04026900 -0.00581100 0.02696100
v -0.04026900 -0.00649500 0.02876400
v -0.04026900 -0.00759000 0.03035200
v -0.04026900 -0.00903400 0.03163100
v -0.04026900 -0.01074100 0.03252700
v -0.04026900 -0.01261400 0.03298800
v -0.04026900 -0.01454300 0.03298800
v -0.04026900 -0.01641500 0.03252700
v -0.04026900 -0.01812300 0.03163100
v -0.04026900 -0.01956600 0.03035200
v -0.04026900 -0.02066200 0.02876400
v -0.04026900 -0.02134600 0.02696100
v -0.04026900 -0.02157800 0.02504700
v -0.04026900 -0.02134600 0.02313200
v -0.04026900 -0.02066200 0.02132900
v -0.04026900 -0.01956600 0.01974200
v -0.04026900 -0.01812300 0.01846300
v -0.04026900 -0.01641500 0.01756700
v -0.04026900 -0.01454300 0.01710500
v -0.04026900 -0.01261400 0.01710500
v -0.04026900 -0.01074100 0.01756700
v -0.04026900 -0.00903400 0.01846300
v -0.04026900 -0.00759000 0.01974200
v -0.04026900 -0.00649500 0.02132900
v -0.04026900 -0.00581100 0.02313200
v -0.04026900 0.03342200 0.00004700
v -0.04066200 0.03358600 0.00004700
v -0.04101100 0.03383000 0.00004700
v -0.04130100 0.03414300 0.00004700
v -0.04151800 0.03451000 0.00004700
v -0.04165200 0.03491500 0.00004700
v -0.04026900 0.03342200 0.00024700
v -0.04165200 0.03491500 0.00024700
v -0.04151700 0.03451000 0.00024700
v -0.04130100 0.03414300 0.00024700
v -0.04101100 0.03383100 0.00024700
v -0.04066200 0.03358700 0.00024700
v -0.04118600 -0.03683100 0.00004700
v -0.04146400 -0.03643300 0.00004700
v -0.04163900 -0.03597800 0.00004700
v -0.04118600 -0.03683100 0.00024700
v -0.04163800 -0.03597800 0.00024700
v -0.04146400 -0.03643200 0.00024700
v -0.02061300 -0.04155900 0.01004700
v -0.02089100 -0.04229200 0.01004700
v -0.02133600 -0.04293700 0.01004700
v -0.02192300 -0.04345600 0.01004700
v -0.02261600 -0.04382000 0.01004700
v -0.02337700 -0.04400800 0.01004700
v -0.02416000 -0.04400800 0.01004700
v -0.02492100 -0.04382000 0.01004700
v -0.02561500 -0.04345600 0.01004700
v -0.02620100 -0.04293700 0.01004700
v -0.02664600 -0.04229200 0.01004700
v -0.02692400 -0.04155900 0.01004700
v -0.02061300 -0.04155900 0.00004700
v -0.02089100 -0.04229200 0.00004700
v -0.02133600 -0.04293700 0.00004700
v -0.02192300 -0.04345600 0.00004700
v -0.02261600 -0.04382000 0.00004700
v -0.02337700 -0.04400800 0.00004700
v -0.02416000 -0.04400800 0.00004700
v -0.02492100 -0.04382000 0.00004700
v -0.02561500 -0.04345600 0.00004700
v -0.02620100 -0.04293700 0.00004700
v -0.02664600 -0.04229200 0.00004700
v -0.02692400 -0.04155900 0.00004700
v -0.02061300 0.03984700 0.01004700
v -0.02089100 0.03911500 0.01004700
v -0.02133600 0.03847000 0.01004700
v -0.02192300 0.03795000 0.01004700
v -0.02261600 0.03758600 0.01004700
v -0.02337700 0.03739900 0.01004700
v -0.02416000 0.03739900 0.01004700
v -0.02492100 0.03758600 0.01004700
v -0.02561500 0.03795000 0.01004700
v -0.02620100 0.03847000 0.01004700
v -0.02664600 0.03911500 0.01004700
v -0.02692400 0.03984700 0.01004700
v -0.02061300 0.03984700 0.00004700
v -0.02089100 0.03911500 0.00004700
v -0.02133600 0.03847000 0.00004700
v -0.02192300 0.03795000 0.00004700
v -0.02261600 0.03758600 0.00004700
v -0.02337700 0.03739900 0.00004700
v -0.02416000 0.03739900 0.00004700
v -0.02492100 0.03758600 0.00004700
v -0.02561500 0.03795000 0.00004700
v -0.02620100 0.03847000 0.00004700
v -0.02664600 0.03911500 0.00004700
v -0.02692400 0.03984700 0.00004700
v -0.00276900 0.04592200 0.00004700
v -0.00276900 0.04592200 0.04371900
v -0.00276900 0.04792200 0.00004700
v -0.00276900 0.04792200 0.03669200
v 0.03889100 -0.03106700 0.01004700
v 0.03861300 -0.03180000 0.01004700
v 0.03816800 -0.03244400 0.01004700
v 0.03758200 -0.03296400 0.01004700
v 0.03688800 -0.03332800 0.01004700
v 0.03612700 -0.03351600 0.01004700
v 0.03534400 -0.03351600 0.01004700
v 0.03458300 -0.03332800 0.01004700
v 0.03388900 -0.03296400 0.01004700
v 0.03330300 -0.03244400 0.01004700
v 0.03285800 -0.03180000 0.01004700
v 0.03258000 -0.03106700 0.01004700
v 0.03889100 -0.03106700 0.00004700
v 0.03861300 -0.03180000 0.00004700
v 0.03816800 -0.03244400 0.00004700
v 0.03758200 -0.03296400 0.00004700
v 0.03688800 -0.03332800 0.00004700
v 0.03612700 -0.03351600 0.00004700
v 0.03534400 -0.03351600 0.00004700
v 0.03458300 -0.03332800 0.00004700
v 0.03388900 -0.03296400 0.00004700
v 0.03330300 -0.03244400 0.00004700
v 0.03285800 -0.03180000 0.00004700
v 0.03258000 -0.03106700 0.00004700
v 0.03889100 0.02935500 0.01004700
v 0.03861300 0.02862200 0.01004700
v 0.03816800 0.02797800 0.01004700
v 0.03758200 0.02745800 0.01004700
v 0.03688800 0.02709400 0.01004700
v 0.03612700 0.02690600 0.01004700
v 0.03534400 0.02690600 0.01004700
v 0.03458300 0.02709400 0.01004700
v 0.03388900 0.02745800 0.01004700
v 0.03330300 0.02797800 0.01004700
v 0.03285800 0.02862200 0.01004700
v 0.03258000 0.02935500 0.01004700
v 0.03889100 0.02935500 0.00004700
v 0.03861300 0.02862200 0.00004700
v 0.03816800 0.02797800 0.00004700
v 0.03758200 0.02745800 0.00004700
v 0.03688800 0.02709400 0.00004700
v 0.03612700 0.02690600 0.00004700
v 0.03534400 0.02690600 0.00004700
v 0.03458300 0.02709400 0.00004700
v 0.03388900 0.02745800 0.00004700
v 0.03330300 0.02797800 0.00004700
v 0.03285800 0.02862200 0.00004700
v 0.03258000 0.02935500 0.00004700
v -0.03175200 0.04502000 0.00004700
v -0.02066700 0.05099900 0.00004700
v -0.00851200 0.05430000 0.00004700
v 0.00407400 0.05475000 0.00004700
v 0.01643300 0.05232400 0.00004700
v 0.02791600 0.04715100 0.00004700
v 0.03792200 0.03950100 0.00004700
v 0.04592400 0.02977500 0.00004700
v 0.05150400 0.01848400 0.00004700
v 0.05436900 0.00621900 0.00004700
v 0.05436900 -0.00637600 0.00004700
v 0.05150400 -0.01864000 0.00004700
v 0.04592400 -0.02993100 0.00004700
v 0.03792200 -0.03965700 0.00004700
v 0.02791600 -0.04730700 0.00004700
v 0.01643300 -0.05248100 0.00004700
v 0.00407400 -0.05490600 0.00004700
v -0.00851200 -0.05445700 0.00004700
v -0.02066700 -0.05115600 0.00004700
v -0.03175200 -0.04517600 0.00004700
v -0.00026900 0.05492200 0.00024700
v -0.01271000 0.05349600 0.00024700
v -0.02416700 0.04945800 0.00024700
v -0.03288000 0.04421000 0.00024700
v -0.00026900 -0.05507800 0.00024700
v 0.01197000 -0.05369900 0.00024700
v 0.02359500 -0.04963100 0.00024700
v 0.03402300 -0.04307900 0.00024700
v 0.04273200 -0.03437000 0.00024700
v 0.04928400 -0.02394200 0.00024700
v 0.05335200 -0.01231700 0.00024700
v 0.05473100 -0.00007800 0.00024700
v 0.05335200 0.01216000 0.00024700
v 0.04928400 0.02378500 0.00024700
v 0.04273200 0.03421400 0.00024700
v 0.03402300 0.04292200 0.00024700
v 0.02359500 0.04947500 0.00024700
v 0.01197000 0.05354300 0.00024700
v -0.03263700 -0.04454500 0.00024700
v -0.02266900 -0.05031000 0.00024700
v -0.01172000 -0.05387300 0.00024700
v -0.00246300 0.04912000 0.03333300
v -0.00197100 0.04975300 0.03168500
v -0.00143000 0.05013600 0.03070700
v -0.00104600 0.05029800 0.03029300
v -0.00076700 0.05037200 0.03010500
v -0.00052000 0.05040900 0.03000900
v -0.00039500 0.05041900 0.02998500
v -0.00026900 0.05042200 0.02997700
v -0.00005500 0.05041300 0.03000000
v 0.00015600 0.05038600 0.03006900
v 0.00036400 0.05034100 0.03018500
v 0.00056900 0.05027700 0.03034600
v 0.00098900 0.05008200 0.03084300
v 0.00136600 0.04981300 0.03153100
v 0.00193000 0.04911100 0.03335500
v 0.00223100 0.04792200 0.03669200
v 0.00223100 0.04792200 0.00004700
v -0.00269600 0.04852000 0.00004700
v -0.00248200 0.04908400 0.00004700
v -0.00214000 0.04958000 0.00004700
v -0.00168900 0.04997900 0.00004700
v -0.00115500 0.05025900 0.00004700
v -0.00057000 0.05040400 0.00004700
v 0.00003300 0.05040400 0.00004700
v 0.00061800 0.05025900 0.00004700
v 0.00115100 0.04997900 0.00004700
v 0.00160300 0.04958000 0.00004700
v 0.00194500 0.04908400 0.00004700
v 0.00215900 0.04852000 0.00004700
v 0.00223100 0.04592200 0.00004700
v 0.00223100 0.04592200 0.04371900
v 0.00178000 0.04449000 0.05096600
v 0.00061200 0.04358200 0.05750900
v 0.00029000 0.04348500 0.05834800
v 0.00006700 0.04344400 0.05871000
v -0.00001500 0.04343500 0.05879700
v -0.00009800 0.04342800 0.05886100
v -0.00018000 0.04342300 0.05889900
v -0.00026300 0.04342200 0.05891400
v -0.00026900 0.04342200 0.05891400
v -0.00041000 0.04342600 0.05887800
v -0.00048000 0.04343100 0.05883300
v -0.00055000 0.04343800 0.05877100
v -0.00074300 0.04346700 0.05850600
v -0.00116000 0.04358600 0.05747700
v -0.00157100 0.04378800 0.05583500
v -0.00230200 0.04446800 0.05110300
v 0.00215900 0.04532300 0.00004700
v 0.00194500 0.04476000 0.00004700
v 0.00160300 0.04426400 0.00004700
v 0.00115100 0.04386400 0.00004700
v 0.00061800 0.04358400 0.00004700
v 0.00003300 0.04344000 0.00004700
v -0.00057000 0.04344000 0.00004700
v -0.00115500 0.04358400 0.00004700
v -0.00168900 0.04386400 0.00004700
v -0.00214000 0.04426400 0.00004700
v -0.00248200 0.04476000 0.00004700
v -0.00269600 0.04532300 0.00004700
v 0.00195100 -0.04822800 0.03628500
v 0.00147800 -0.04886800 0.03450600
v 0.00094000 -0.04926700 0.03345100
v 0.00056100 -0.04943700 0.03301200
v 0.00026000 -0.04952200 0.03279400
v 0.00002600 -0.04956100 0.03269300
v -0.00011800 -0.04957400 0.03266100
v -0.00026300 -0.04957800 0.03264900
v -0.00026900 -0.04957800 0.03264900
v -0.00248000 -0.04824500 0.03623600
v -0.00201100 -0.04887200 0.03449500
v -0.00148500 -0.04926300 0.03346200
v -0.00110500 -0.04943400 0.03301800
v -0.00080500 -0.04952000 0.03279800
v -0.00056500 -0.04956100 0.03269400
v -0.00041700 -0.04957400 0.03266000
v 0.00215900 -0.04767700 0.00004700
v 0.00194500 -0.04824000 0.00004700
v 0.00160300 -0.04873600 0.00004700
v 0.00115100 -0.04913600 0.00004700
v 0.00061800 -0.04941600 0.00004700
v 0.00003300 -0.04956000 0.00004700
v -0.00057000 -0.04956000 0.00004700
v -0.00115500 -0.04941600 0.00004700
v -0.00168900 -0.04913600 0.00004700
v -0.00214000 -0.04873600 0.00004700
v -0.00248200 -0.04824000 0.00004700
v -0.00269600 -0.04767700 0.00004700
v -0.00026900 -0.04457800 0.05166400
v -0.00016200 -0.04458000 0.05164900
v -0.00005500 -0.04458700 0.05160500
v 0.00009000 -0.04460400 0.05149600
v 0.00032100 -0.04464900 0.05120900
v 0.00072700 -0.04478500 0.05036000
v 0.00111900 -0.04499900 0.04909800
v 0.00179500 -0.04566700 0.04561900
v 0.00223100 -0.04707800 0.03991400
v 0.00195100 -0.04822800 0.03628500
v 0.00147800 -0.04886800 0.03450600
v 0.00094000 -0.04926700 0.03345100
v 0.00056100 -0.04943700 0.03301200
v 0.00026000 -0.04952200 0.03279400
v 0.00002600 -0.04956100 0.03269300
v -0.00011800 -0.04957400 0.03266100
v -0.00026300 -0.04957800 0.03264900
v -0.00026900 -0.04957800 0.03264900
v -0.00026900 -0.05348900 0.02020800
v -0.00026900 -0.05468300 0.01139400
v -0.00026900 0.05391200 0.01690500
v -0.00026900 0.05239900 0.02405900
v -0.00026900 0.05042200 0.02997700
v -0.00005500 0.05041300 0.03000000
v 0.00015600 0.05038600 0.03006900
v 0.00036400 0.05034100 0.03018500
v 0.00056900 0.05027700 0.03034600
v 0.00098900 0.05008200 0.03084300
v 0.00136600 0.04981300 0.03153100
v 0.00193000 0.04911100 0.03335500
v 0.00223100 0.04792200 0.03669200
v 0.00223100 0.04592200 0.04371900
v 0.00178000 0.04449000 0.05096600
v 0.00061200 0.04358200 0.05750900
v 0.00029000 0.04348500 0.05834800
v 0.00006700 0.04344400 0.05871000
v -0.00001500 0.04343500 0.05879700
v -0.00009800 0.04342800 0.05886100
v -0.00018000 0.04342300 0.05889900
v -0.00026300 0.04342200 0.05891400
v -0.00026900 0.04342200 0.05891400
v -0.00026900 0.04145900 0.08832300
v -0.00026900 0.04092700 0.12854700
v 0.00885700 0.03989800 0.12854700
v 0.01822100 0.03652100 0.12854700
v 0.02602700 0.03138500 0.12854700
v 0.03247800 0.02460000 0.12854700
v 0.03752900 0.01581900 0.12854700
v 0.04018700 0.00661200 0.12854700
v 0.04068300 -0.00216900 0.12854700
v 0.03930700 -0.01080800 0.12854700
v 0.03624200 -0.01874300 0.12854700
v 0.03185700 -0.02556000 0.12854700
v 0.02661500 -0.03104000 0.12854700
v 0.02096000 -0.03516000 0.12854700
v 0.01525700 -0.03803000 0.12854700
v 0.00976400 -0.03983700 0.12854700
v 0.00451100 -0.04080300 0.12854700
v -0.00026900 -0.04108300 0.12854700
v -0.00026900 -0.04183800 0.08247400
v -0.00026900 -0.04292700 0.06529000
v 0.04624100 0.02871900 0.01004700
v 0.04458500 0.02747800 0.02346000
v 0.04168600 0.02530000 0.03391500
v 0.03793300 0.02394800 0.04809900
v 0.03445400 0.02464700 0.06793500
v 0.03282200 0.02566700 0.07889100
v 0.03211100 0.02631500 0.08212700
v 0.03194600 0.02649000 0.08251400
v 0.03185800 0.02658800 0.08264600
v 0.03178600 0.02667100 0.08271000
v 0.03173200 0.02673300 0.08273100
v 0.03167000 0.02680800 0.08272500
v 0.03161900 0.02687000 0.08269500
v 0.03154200 0.02696700 0.08260600
v 0.03142800 0.02711500 0.08237400
v 0.03125900 0.02735000 0.08179100
v 0.03109400 0.02759800 0.08092400
v 0.03016500 0.02962900 0.06918200
v 0.02986700 0.03227700 0.05349200
v 0.03044600 0.03464100 0.04254800
v 0.03201000 0.03683300 0.03391500
v 0.03465300 0.03930500 0.02348300
v 0.03616700 0.04072400 0.01004700
v 0.04163500 0.03508600 0.01004700
v 0.03201000 -0.03698900 0.03391500
v 0.03002800 -0.03353400 0.04806700
v 0.03011000 -0.02998100 0.06792700
v 0.03085700 -0.02814900 0.07913100
v 0.03130300 -0.02744500 0.08196900
v 0.03147200 -0.02721400 0.08247700
v 0.03155500 -0.02710700 0.08262400
v 0.03163800 -0.02700300 0.08270900
v 0.03173900 -0.02688200 0.08273000
v 0.03179100 -0.02682100 0.08270700
v 0.03184500 -0.02675900 0.08266000
v 0.03193500 -0.02666000 0.08253500
v 0.03204300 -0.02654300 0.08230900
v 0.03242800 -0.02616300 0.08094600
v 0.03426200 -0.02489600 0.06925400
v 0.03682300 -0.02413800 0.05352200
v 0.03925400 -0.02429700 0.04255700
v 0.04168600 -0.02545700 0.03391500
v 0.04458500 -0.02763400 0.02346000
v 0.04624100 -0.02887500 0.01004700
v 0.04381600 -0.03246600 0.01004700
v 0.04118500 -0.03577100 0.01004700
v 0.03872600 -0.03844300 0.01004700
v 0.03616700 -0.04088100 0.01004700
v 0.03465300 -0.03946100 0.02348300
v 0.01465500 -0.03863400 0.09512500
v 0.00886900 -0.04144300 0.07150900
v 0.02297900 -0.03409900 0.10196700
v 0.01446500 -0.03923300 0.08078700
v 0.01390300 -0.03977200 0.07485200
v 0.00945400 -0.04229200 0.06052100
v 0.01410100 -0.04032600 0.06659400
v 0.01963800 -0.03713700 0.07625300
v 0.01498800 -0.04089300 0.05829800
v 0.00975300 -0.04387700 0.04916200
v 0.01022100 -0.04407900 0.04756000
v 0.03852100 -0.01362200 0.11126900
v 0.03623500 -0.01912500 0.10388200
v 0.03811300 -0.01501800 0.10306600
v 0.01450000 -0.04250600 0.04919300
v 0.01077500 -0.04465800 0.04431800
v 0.01477500 -0.04253000 0.04857800
v 0.01987300 -0.03926400 0.05457400
v 0.03694300 -0.01837400 0.09054600
v 0.01528600 -0.04271300 0.04681800
v 0.03863800 -0.01402300 0.09567500
v 0.01574200 -0.04328200 0.04368900
v 0.01111100 -0.04681000 0.03659400
v 0.01092700 -0.04745900 0.03488500
v 0.01059800 -0.04787800 0.03395500
v 0.01611100 -0.04524600 0.03674900
v 0.03939100 0.01068400 0.11040100
v 0.02093800 -0.04206500 0.04001000
v 0.04122100 -0.00020000 0.08978700
v 0.01610000 -0.04585800 0.03507700
v 0.01590000 -0.04625700 0.03420900
v 0.01562800 -0.04655300 0.03368200
v 0.01063600 -0.04937100 0.03001900
v 0.03891000 0.01269000 0.10182100
v 0.03713700 0.01713300 0.10377400
v 0.03737300 0.01668900 0.10182100
v 0.01045500 -0.05090900 0.02582300
v 0.01637700 -0.04831000 0.02854700
v 0.01615800 -0.04846500 0.02833800
v 0.03582800 0.02009000 0.09490300
v 0.02171000 -0.04540900 0.03030400
v 0.04099000 0.00941700 0.07186300
v 0.04192700 0.00081200 0.07391500
v 0.04230600 -0.00018100 0.06859200
v 0.04307400 0.00095000 0.06019200
v 0.04194600 -0.00855900 0.06304900
v 0.01623000 -0.05048600 0.02189400
v 0.02482100 0.03256800 0.10392000
v 0.02472100 0.03265100 0.10357300
v 0.00553700 -0.05435000 0.01168000
v 0.02462000 0.03273800 0.10305700
v 0.04438900 -0.00041800 0.05070500
v 0.04409600 -0.00872500 0.04773800
v 0.04269000 0.00895600 0.05573700
v 0.01079700 -0.05352600 0.01168000
v 0.04545900 0.00021000 0.04519400
v 0.01874400 -0.05072000 0.01618500
v 0.01120400 -0.05367400 0.00822300
v 0.01572600 0.03797600 0.09796800
v 0.00838900 0.04012700 0.10738900
v 0.04569000 0.00874100 0.04087300
v 0.04741000 -0.00022600 0.03788400
v 0.01972300 0.03676300 0.07910200
v 0.02961600 -0.04549600 0.01393400
v 0.01457200 0.03886300 0.08455800
v 0.04876500 -0.00007800 0.03391500
v 0.04701800 -0.00904800 0.03649800
v 0.03182500 -0.04411700 0.01269000
v 0.01390500 0.03941700 0.07820300
v 0.01974400 0.03845300 0.05962000
v 0.04917200 0.00932100 0.03044300
v 0.05067900 0.00011100 0.02875600
v 0.01481800 0.04025200 0.06302300
v 0.00926200 0.04126900 0.07051200
v 0.05237400 -0.00007800 0.02346000
v 0.05039300 -0.00958100 0.02705300
v 0.01435000 0.04135600 0.05545100
v 0.02012700 0.04006300 0.04864300
v 0.01520700 0.04155200 0.05220700
v 0.05046400 -0.01997200 0.01267800
v 0.00994700 0.04288000 0.05389600
v 0.01513100 0.04269000 0.04646200
v 0.05048600 -0.02106500 0.00543200
v 0.01561800 0.04331600 0.04312700
v 0.05247500 -0.01539500 0.00543200
v 0.05197200 -0.01514400 0.01391800
v 0.02112000 0.04267900 0.03747800
v 0.01061500 0.04426300 0.04551800
v 0.05280200 -0.01438200 0.00376800
v 0.01589400 0.04426800 0.03945300
v 0.01100000 0.04536300 0.04079900
v 0.01625100 0.04557500 0.03527100
v 0.01623300 0.04620400 0.03363400
v 0.05046400 0.01981500 0.01267800
v 0.02198400 0.04537500 0.02968400
v 0.01599100 0.04665200 0.03270700
v 0.01122600 0.04732800 0.03462000
v 0.05247500 0.01523800 0.00543200
v 0.05197200 0.01498800 0.01391800
v 0.05280200 0.01422500 0.00376800
v 0.01100700 0.04801600 0.03292200
v 0.05048600 0.02090900 0.00543200
v 0.01674100 0.04837700 0.02761200
v 0.01106600 0.04961700 0.02869300
v 0.01653900 0.04857300 0.02726700
v 0.01059300 0.05059100 0.02622500
v 0.01608000 0.04987200 0.02377200
v 0.03182500 0.04396100 0.01269000
v 0.02961600 0.04534000 0.01393400
v 0.01034300 0.05194200 0.02166800
v 0.01633400 0.05064700 0.02039200
v 0.01880000 0.05071100 0.01495800
v 0.01082800 0.05352200 0.00952500
v 0.01121800 0.05358600 0.00665600
v 0.03074300 -0.02703000 0.11116900
v 0.03021300 -0.02778100 0.10292200
v 0.02269900 -0.03907600 0.04743700
v 0.03991600 -0.01086900 0.08626800
v 0.04050100 -0.00924100 0.08185500
v 0.03887300 -0.01734500 0.06606900
v 0.02402700 -0.04243000 0.03449100
v 0.04110900 -0.01696800 0.05050800
v 0.03073800 0.02713000 0.09934300
v 0.03767700 0.01820800 0.07529700
v 0.02228300 -0.04726700 0.02467300
v 0.03840100 0.01750100 0.06987000
v 0.02528800 -0.04524900 0.02597800
v 0.04373700 -0.01723200 0.03934900
v 0.02546600 -0.04622900 0.02269900
v 0.03923700 0.01744600 0.06146700
v 0.02687300 -0.04610900 0.02007700
v 0.04669400 -0.01816900 0.03044300
v 0.04241700 0.01691200 0.04425300
v 0.04829300 -0.01898500 0.02529900
v 0.05041000 -0.01297100 0.02469700
v 0.05031200 -0.01466600 0.02346000
v 0.05096600 -0.01485400 0.02063200
v 0.05363400 -0.00007800 0.01747700
v 0.04607500 0.01783800 0.03215000
v 0.05004500 0.01276500 0.02589200
v 0.04774200 0.01868100 0.02705300
v 0.05031200 0.01450900 0.02346000
v 0.05096600 0.01469800 0.02063200
v 0.05402300 -0.00778900 0.00768300
v 0.05402300 0.00763300 0.00768400
v 0.02422500 0.04576700 0.02573200
v 0.02534700 0.04586000 0.02362800
v 0.02555200 0.04622800 0.02198000
v 0.02233900 0.04771300 0.02259000
v 0.02692600 0.04604200 0.01955100
v 0.04541100 -0.00859500 0.04211000
v 0.04470400 0.00876900 0.04472000
v 0.04856600 -0.00923800 0.03215000
v 0.04952100 -0.00932200 0.02959900
v 0.04824100 0.00905100 0.03302300
v 0.04579300 -0.01782200 0.03302300
v 0.03182800 0.02662700 0.08253800
v 0.03177500 0.02668600 0.08261500
v 0.03085900 0.03207900 0.04362400
v 0.03214100 0.03396000 0.03323200
v 0.03241200 0.03428300 0.03338500
v 0.03260000 0.03466300 0.03353000
v 0.03269700 0.03508000 0.03366000
v 0.03269600 0.03551500 0.03376900
v 0.03260000 0.03594500 0.03385000
v 0.03241100 0.03634800 0.03390100
v 0.03222900 0.03660500 0.03391700
v 0.03044600 0.03464100 0.04254800
v 0.04141100 0.02565400 0.03391200
v 0.04106900 0.02594100 0.03387500
v 0.04067800 0.02614700 0.03380600
v 0.04025600 0.02626200 0.03370700
v 0.03982500 0.02628000 0.03358500
v 0.03940700 0.02619900 0.03344500
v 0.03913200 0.02608600 0.03334000
v 0.03388800 0.02512600 0.06943800
v 0.03269900 0.02582300 0.07860600
v 0.03210800 0.02633100 0.08188500
v 0.03196700 0.02647500 0.08234300
v 0.03170100 0.02677200 0.08268900
v 0.03150100 0.02702600 0.08240700
v 0.03121000 0.02745300 0.08097000
v 0.03050700 0.02909200 0.07011200
v 0.03076200 0.03287800 0.04583300
v 0.03853200 0.02548700 0.03829400
v 0.03796100 0.02485600 0.04398700
v 0.03692700 0.02465300 0.04915600
v 0.03101400 0.03341400 0.04312700
v 0.03170000 0.03492000 0.03785300
v 0.03175600 0.03473300 0.03781500
v 0.03179400 0.03454100 0.03777200
v 0.04017600 0.02563400 0.03610300
v 0.03953100 0.02605200 0.03470400
v 0.04071500 0.02593800 0.03439700
v 0.04333900 0.02926400 0.01004700
v 0.04172800 0.02805900 0.02300200
v 0.04594000 0.02909500 0.01004700
v 0.04573100 0.02927200 0.01004700
v 0.04549700 0.02942200 0.01004700
v 0.04523800 0.02954000 0.01004700
v 0.04496000 0.02962000 0.01004700
v 0.04466100 0.02966100 0.01004700
v 0.04428400 0.02964800 0.01004700
v 0.04400700 0.02959200 0.01004700
v 0.04367700 0.02946900 0.01004700
v 0.04350700 0.02937700 0.01004700
v 0.04338300 0.02848600 0.02279600
v 0.04326400 0.02839700 0.02335700
v 0.03620100 0.03777200 0.01004700
v 0.03214100 0.03396000 0.01004700
v 0.03144000 0.03315100 0.01004700
v 0.03091700 0.03221800 0.01004700
v 0.03059400 0.03119700 0.01004700
v 0.03048500 0.03013300 0.01004700
v 0.03064300 0.02885500 0.01004700
v 0.03110800 0.02765400 0.01004700
v 0.03185000 0.02660200 0.01004700
v 0.03282700 0.02576200 0.01004700
v 0.03397800 0.02518600 0.01004700
v 0.03523500 0.02490700 0.01004700
v 0.03652200 0.02494200 0.01004700
v 0.03776200 0.02529000 0.01004700
v 0.03888000 0.02592900 0.01004700
v 0.04333900 0.02926400 0.01004700
v 0.04624100 0.02871900 0.01004700
v 0.04594000 0.02909500 0.01004700
v 0.04573100 0.02927200 0.01004700
v 0.04549700 0.02942200 0.01004700
v 0.04523800 0.02954000 0.01004700
v 0.04496000 0.02962000 0.01004700
v 0.04466100 0.02966100 0.01004700
v 0.04428400 0.02964800 0.01004700
v 0.04400700 0.02959200 0.01004700
v 0.04367700 0.02946900 0.01004700
v 0.04350700 0.02937700 0.01004700
v 0.03616700 0.04072400 0.01004700
v 0.04163500 0.03508600 0.01004700
v 0.03646600 0.04039100 0.01004700
v 0.03660900 0.04015500 0.01004700
v 0.03673900 0.03984400 0.01004700
v 0.03681400 0.03951900 0.01004700
v 0.03683300 0.03918300 0.01004700
v 0.03679600 0.03885000 0.01004700
v 0.03670500 0.03852700 0.01004700
v 0.03656000 0.03822200 0.01004700
v 0.03639800 0.03798500 0.01004700
v 0.03248500 0.03013300 0.01004700
v 0.03258000 0.03091100 0.01004700
v 0.03285800 0.03164300 0.01004700
v 0.03330300 0.03228800 0.01004700
v 0.03388900 0.03280700 0.01004700
v 0.03458300 0.03317200 0.01004700
v 0.03534400 0.03335900 0.01004700
v 0.03612700 0.03335900 0.01004700
v 0.03688800 0.03317200 0.01004700
v 0.03758200 0.03280700 0.01004700
v 0.03816800 0.03228800 0.01004700
v 0.03861300 0.03164300 0.01004700
v 0.03889100 0.03091100 0.01004700
v 0.03898500 0.03013300 0.01004700
v 0.03889100 0.02935500 0.01004700
v 0.03861300 0.02862200 0.01004700
v 0.03816800 0.02797800 0.01004700
v 0.03758200 0.02745800 0.01004700
v 0.03688800 0.02709400 0.01004700
v 0.03612700 0.02690600 0.01004700
v 0.03534400 0.02690600 0.01004700
v 0.03458300 0.02709400 0.01004700
v 0.03388900 0.02745800 0.01004700
v 0.03330300 0.02797800 0.01004700
v 0.03285800 0.02862200 0.01004700
v 0.03258000 0.02935500 0.01004700
v 0.03473400 0.03639500 0.02300000
v 0.03620100 0.03777200 0.01004700
v 0.03646600 0.04039100 0.01004700
v 0.03660900 0.04015500 0.01004700
v 0.03673900 0.03984400 0.01004700
v 0.03681400 0.03951900 0.01004700
v 0.03683300 0.03918300 0.01004700
v 0.03679600 0.03885000 0.01004700
v 0.03670500 0.03852700 0.01004700
v 0.03656000 0.03822200 0.01004700
v 0.03639800 0.03798500 0.01004700
v 0.03631900 0.03877400 0.01680900
v 0.03493100 0.03747100 0.02525300
v 0.03533100 0.03784700 0.02336800
v 0.03888000 -0.02608500 0.03323200
v 0.04172800 -0.02821600 0.02300200
v 0.04333900 -0.02942100 0.01004700
v 0.04368300 -0.02962800 0.01004700
v 0.04402700 -0.02975400 0.01004700
v 0.04430200 -0.02980700 0.01004700
v 0.04460000 -0.02982000 0.01004700
v 0.04489100 -0.02979000 0.01004700
v 0.04525100 -0.02969100 0.01004700
v 0.04558800 -0.02952600 0.01004700
v 0.04581200 -0.02936600 0.01004700
v 0.04604900 -0.02913600 0.01004700
v 0.04141100 -0.02581000 0.03391200
v 0.04106900 -0.02609800 0.03387500
v 0.04067800 -0.02630400 0.03380600
v 0.04025600 -0.02641800 0.03370700
v 0.03982500 -0.02643600 0.03358500
v 0.03940700 -0.02635600 0.03344500
v 0.03913200 -0.02624200 0.03334000
v 0.04341600 -0.02866700 0.02263500
v 0.04326400 -0.02855300 0.02335700
v 0.03231000 -0.03665700 0.03391200
v 0.03253400 -0.03627000 0.03387500
v 0.03266800 -0.03584800 0.03380600
v 0.03270800 -0.03541300 0.03370700
v 0.03265100 -0.03498600 0.03358500
v 0.03249900 -0.03458800 0.03344500
v 0.03234000 -0.03433700 0.03334000
v 0.03091600 -0.02820600 0.07550200
v 0.03143800 -0.02727300 0.08191500
v 0.03156500 -0.02710000 0.08244200
v 0.03162000 -0.02702900 0.08256800
v 0.03166500 -0.02697400 0.08262600
v 0.03174400 -0.02687900 0.08263900
v 0.03181200 -0.02680100 0.08256600
v 0.03185100 -0.02675800 0.08249000
v 0.03188500 -0.02672000 0.08240300
v 0.03298000 -0.02582000 0.07420400
v 0.03521600 -0.02506500 0.05401200
v 0.03701800 -0.02519800 0.04244100
v 0.03796100 -0.02501200 0.04398700
v 0.03388800 -0.02528300 0.06943800
v 0.03269900 -0.02597900 0.07860600
v 0.03210800 -0.02648800 0.08188500
v 0.03196700 -0.02663100 0.08234300
v 0.03170100 -0.02692900 0.08268900
v 0.03150100 -0.02718300 0.08240700
v 0.03121000 -0.02761000 0.08097000
v 0.03050700 -0.02924900 0.07011200
v 0.03076200 -0.03303500 0.04583300
v 0.03939100 -0.02564100 0.03777700
v 0.03952000 -0.02559400 0.03780700
v 0.03964500 -0.02553800 0.03783500
v 0.03981700 -0.02544300 0.03787100
v 0.03827300 -0.02511200 0.04255700
v 0.03169200 -0.03436500 0.03839400
v 0.03167200 -0.03455500 0.03843900
v 0.03620100 -0.03792800 0.01004700
v 0.03473400 -0.03655100 0.02300100
v 0.03648500 -0.04051900 0.01004700
v 0.03662400 -0.04028300 0.01004700
v 0.03673000 -0.04002600 0.01004700
v 0.03680100 -0.03975000 0.01004700
v 0.03683300 -0.03946300 0.01004700
v 0.03682100 -0.03916100 0.01004700
v 0.03674200 -0.03879200 0.01004700
v 0.03663900 -0.03853000 0.01004700
v 0.03646000 -0.03822600 0.01004700
v 0.03634100 -0.03807400 0.01004700
v 0.03501000 -0.03770200 0.02489900
v 0.03631400 -0.03892600 0.01685200
v 0.03533100 -0.03800300 0.02336800
v 0.04333900 -0.02942100 0.01004700
v 0.03888000 -0.02608500 0.01004700
v 0.03776200 -0.02544600 0.01004700
v 0.03652200 -0.02509900 0.01004700
v 0.03523500 -0.02506300 0.01004700
v 0.03397800 -0.02534200 0.01004700
v 0.03282700 -0.02591900 0.01004700
v 0.03185000 -0.02675800 0.01004700
v 0.03110800 -0.02781000 0.01004700
v 0.03064300 -0.02901100 0.01004700
v 0.03048500 -0.03028900 0.01004700
v 0.03059400 -0.03135400 0.01004700
v 0.03091700 -0.03237400 0.01004700
v 0.03144000 -0.03330800 0.01004700
v 0.03214100 -0.03411600 0.01004700
v 0.03620100 -0.03792800 0.01004700
v 0.03616700 -0.04088100 0.01004700
v 0.03648500 -0.04051900 0.01004700
v 0.03662400 -0.04028300 0.01004700
v 0.03673000 -0.04002600 0.01004700
v 0.03680100 -0.03975000 0.01004700
v 0.03683300 -0.03946300 0.01004700
v 0.03682100 -0.03916100 0.01004700
v 0.03674200 -0.03879200 0.01004700
v 0.03663900 -0.03853000 0.01004700
v 0.03646000 -0.03822600 0.01004700
v 0.03634100 -0.03807400 0.01004700
v 0.04624100 -0.02887500 0.01004700
v 0.04381600 -0.03246600 0.01004700
v 0.04118500 -0.03577100 0.01004700
v 0.03872600 -0.03844300 0.01004700
v 0.04368300 -0.02962800 0.01004700
v 0.04402700 -0.02975400 0.01004700
v 0.04430200 -0.02980700 0.01004700
v 0.04460000 -0.02982000 0.01004700
v 0.04489100 -0.02979000 0.01004700
v 0.04525100 -0.02969100 0.01004700
v 0.04558800 -0.02952600 0.01004700
v 0.04581200 -0.02936600 0.01004700
v 0.04604900 -0.02913600 0.01004700
v 0.03248500 -0.03028900 0.01004700
v 0.03258000 -0.02951100 0.01004700
v 0.03285800 -0.02877900 0.01004700
v 0.03330300 -0.02813400 0.01004700
v 0.03388900 -0.02761500 0.01004700
v 0.03458300 -0.02725000 0.01004700
v 0.03534400 -0.02706300 0.01004700
v 0.03612700 -0.02706300 0.01004700
v 0.03688800 -0.02725000 0.01004700
v 0.03758200 -0.02761500 0.01004700
v 0.03816800 -0.02813400 0.01004700
v 0.03861300 -0.02877900 0.01004700
v 0.03889100 -0.02951100 0.01004700
v 0.03898500 -0.03028900 0.01004700
v 0.03889100 -0.03106700 0.01004700
v 0.03861300 -0.03180000 0.01004700
v 0.03816800 -0.03244400 0.01004700
v 0.03758200 -0.03296400 0.01004700
v 0.03688800 -0.03332800 0.01004700
v 0.03612700 -0.03351600 0.01004700
v 0.03534400 -0.03351600 0.01004700
v 0.03458300 -0.03332800 0.01004700
v 0.03388900 -0.03296400 0.01004700
v 0.03330300 -0.03244400 0.01004700
v 0.03285800 -0.03180000 0.01004700
v 0.03258000 -0.03106700 0.01004700
v -0.02967000 -0.03015000 0.07643500
v -0.02836200 -0.03139200 0.07621700
v -0.02719700 -0.03244300 0.07563200
v -0.02637400 -0.03316600 0.07488700
v -0.02592800 -0.03356300 0.07423100
v -0.02572900 -0.03375000 0.07377700
v -0.02557800 -0.03391300 0.07315200
v -0.02555100 -0.03396200 0.07278600
v -0.02556900 -0.03397900 0.07241500
v -0.02892100 -0.03406800 0.05194400
v -0.03131000 -0.03414100 0.04364700
v -0.03433100 -0.03423700 0.03617200
v -0.03978500 -0.03432200 0.02471100
v -0.03971600 -0.03485400 0.02366300
v -0.04002500 -0.03594400 0.01953700
v -0.04064000 -0.03658000 0.01337300
v -0.00276900 -0.04707800 0.03991400
v -0.00248000 -0.04824500 0.03623600
v -0.00201100 -0.04887200 0.03449500
v -0.00148500 -0.04926300 0.03346200
v -0.00110500 -0.04943400 0.03301800
v -0.00080500 -0.04952000 0.03279800
v -0.00056500 -0.04956100 0.03269400
v -0.00041700 -0.04957400 0.03266000
v -0.00027400 -0.04457800 0.05166400
v -0.00038000 -0.04458100 0.05164700
v -0.00048600 -0.04458800 0.05160200
v -0.00063400 -0.04460500 0.05148900
v -0.00086900 -0.04465100 0.05119200
v -0.00126700 -0.04478600 0.05035400
v -0.00165300 -0.04499600 0.04911300
v -0.00231900 -0.04564800 0.04571200
v -0.00939400 -0.04005500 0.12854700
v -0.01875900 -0.03667700 0.12854700
v -0.02656400 -0.03154200 0.12854700
v -0.03301600 -0.02475700 0.12854700
v -0.03806700 -0.01597500 0.12854700
v -0.04072400 -0.00676800 0.12854700
v -0.04122000 0.00201300 0.12854700
v -0.03984500 0.01065100 0.12854700
v -0.03677900 0.01858700 0.12854700
v -0.03239500 0.02540300 0.12854700
v -0.02715200 0.03088400 0.12854700
v -0.02149700 0.03500400 0.12854700
v -0.01579400 0.03787400 0.12854700
v -0.01030200 0.03968000 0.12854700
v -0.00504800 0.04064700 0.12854700
v -0.00041000 0.04342600 0.05887800
v -0.00048000 0.04343100 0.05883300
v -0.00055000 0.04343800 0.05877100
v -0.00074300 0.04346700 0.05850600
v -0.00116000 0.04358600 0.05747700
v -0.00157100 0.04378800 0.05583500
v -0.00230200 0.04446800 0.05110300
v -0.00276900 0.04592200 0.04371900
v -0.00276900 0.04792200 0.03669200
v -0.00246300 0.04912000 0.03333300
v -0.00197100 0.04975300 0.03168500
v -0.00143000 0.05013600 0.03070700
v -0.00104600 0.05029800 0.03029300
v -0.00076700 0.05037200 0.03010500
v -0.00052000 0.05040900 0.03000900
v -0.00039500 0.05041900 0.02998500
v -0.04064000 0.03642400 0.01337400
v -0.04002500 0.03578700 0.01954100
v -0.03971600 0.03469700 0.02366300
v -0.03978500 0.03416600 0.02471100
v -0.03261000 0.03402600 0.04014300
v -0.02913900 0.03391800 0.05104900
v -0.02707200 0.03386100 0.06119400
v -0.02556900 0.03382200 0.07241500
v -0.02556100 0.03378200 0.07298700
v -0.02565800 0.03366500 0.07354800
v -0.02581700 0.03350900 0.07400000
v -0.02603000 0.03331400 0.07441000
v -0.02634500 0.03303500 0.07485200
v -0.02686300 0.03258100 0.07537500
v -0.02746400 0.03204900 0.07580400
v -0.02828600 0.03130500 0.07619100
v -0.02898400 0.03065400 0.07637500
v -0.02967000 0.02999400 0.07643500
v -0.03569800 0.02258300 0.07643500
v -0.03989800 0.01400400 0.07643500
v -0.04205300 0.00469800 0.07643500
v -0.04205300 -0.00485400 0.07643500
v -0.03989800 -0.01416000 0.07643500
v -0.03569800 -0.02274000 0.07643500
v -0.02055200 0.05072600 0.01004700
v -0.01961400 0.04887200 0.02349000
v -0.01797600 0.04564600 0.03391500
v -0.01729500 0.04172500 0.04805500
v -0.01858700 0.03841200 0.06791800
v -0.01990000 0.03696000 0.07903100
v -0.02062100 0.03640500 0.08208300
v -0.02083700 0.03626300 0.08251000
v -0.02095800 0.03618700 0.08265100
v -0.02104900 0.03613200 0.08271100
v -0.02112000 0.03609000 0.08273100
v -0.02125600 0.03601200 0.08270300
v -0.02137500 0.03594800 0.08261000
v -0.02151000 0.03587800 0.08243200
v -0.02188100 0.03570000 0.08157500
v -0.02395000 0.03509000 0.07098600
v -0.02685700 0.03520800 0.05372100
v -0.02910800 0.03618600 0.04263300
v -0.03101400 0.03811900 0.03391500
v -0.03299400 0.04115800 0.02345400
v -0.03412400 0.04288900 0.01004700
v -0.02761800 0.04729700 0.01004700
v -0.01797600 -0.04580300 0.03391500
v -0.01961400 -0.04902900 0.02349000
v -0.02055200 -0.05088200 0.01004700
v -0.02761800 -0.04745400 0.01004700
v -0.03412400 -0.04304600 0.01004700
v -0.03299400 -0.04131500 0.02345400
v -0.03101400 -0.03827600 0.03391500
v -0.02794700 -0.03572000 0.04811100
v -0.02443900 -0.03518800 0.06794600
v -0.02253700 -0.03559600 0.07899400
v -0.02164800 -0.03596500 0.08217300
v -0.02143500 -0.03607300 0.08254000
v -0.02131900 -0.03613500 0.08266200
v -0.02122300 -0.03618700 0.08271800
v -0.02115300 -0.03622800 0.08273200
v -0.02105500 -0.03628500 0.08271500
v -0.02098400 -0.03632700 0.08267500
v -0.02088800 -0.03638700 0.08258100
v -0.02070000 -0.03650800 0.08226900
v -0.02031900 -0.03677800 0.08110800
v -0.01875200 -0.03834200 0.06965300
v -0.01752400 -0.04077900 0.05355200
v -0.01725600 -0.04320200 0.04257200
v -0.00972800 0.04048300 0.08515500
v -0.00938200 0.04062700 0.08356500
v -0.00870400 0.04106500 0.07748300
v -0.01300300 0.03966500 0.08306800
v -0.01230800 0.04013000 0.07799500
v -0.00919300 0.04204900 0.06300200
v -0.00944300 0.04205300 0.06243500
v -0.00969500 0.04209400 0.06151400
v -0.00889900 0.04356500 0.05173400
v -0.00979600 0.04648600 0.03836300
v -0.00983800 0.05052000 0.02720100
v -0.00962500 0.05063300 0.02699100
v -0.00623100 0.05267700 0.02167100
v -0.00933900 0.05169000 0.02377600
v -0.00947900 0.05249300 0.02039600
v -0.01301800 0.05231700 0.01734200
v -0.00973600 0.05348800 0.01366600
v -0.01073500 0.05363700 0.00970000
v -0.01253300 -0.04024400 0.07753000
v -0.00961200 -0.04081000 0.08178700
v -0.00882300 -0.04129200 0.07579900
v -0.00894000 -0.04185400 0.06743200
v -0.00584700 -0.04203000 0.07211100
v -0.00822300 -0.04282900 0.05905000
v -0.00873500 -0.04365300 0.05235300
v -0.00958400 -0.05031800 0.02834400
v -0.00941200 -0.05038800 0.02823800
v -0.00646300 -0.05025800 0.02981500
v -0.00631200 -0.05169700 0.02575300
v -0.00942200 -0.05232100 0.02189700
v -0.01297400 -0.05229300 0.01847000
v -0.00969800 -0.05342700 0.01556600
v -0.00642200 -0.05406400 0.01423700
v -0.00978200 -0.05390000 0.01072700
v -0.00026900 -0.04108300 0.12854700
v -0.00939400 -0.04005500 0.12854700
v -0.01875900 -0.03667700 0.12854700
v -0.02656400 -0.03154200 0.12854700
v -0.03301600 -0.02475700 0.12854700
v -0.03806700 -0.01597500 0.12854700
v -0.04072400 -0.00676800 0.12854700
v -0.04122000 0.00201300 0.12854700
v -0.03984500 0.01065100 0.12854700
v -0.03677900 0.01858700 0.12854700
v -0.03239500 0.02540300 0.12854700
v -0.02715200 0.03088400 0.12854700
v -0.02149700 0.03500400 0.12854700
v -0.01579400 0.03787400 0.12854700
v -0.01030200 0.03968000 0.12854700
v -0.00504800 0.04064700 0.12854700
v -0.00026900 0.04092700 0.12854700
v 0.00885700 0.03989800 0.12854700
v 0.01822100 0.03652100 0.12854700
v 0.02602700 0.03138500 0.12854700
v 0.03247800 0.02460000 0.12854700
v 0.03752900 0.01581900 0.12854700
v 0.04018700 0.00661200 0.12854700
v 0.04068300 -0.00216900 0.12854700
v 0.03930700 -0.01080800 0.12854700
v 0.03624200 -0.01874300 0.12854700
v 0.03185700 -0.02556000 0.12854700
v 0.02661500 -0.03104000 0.12854700
v 0.02096000 -0.03516000 0.12854700
v 0.01525700 -0.03803000 0.12854700
v 0.00976400 -0.03983700 0.12854700
v 0.00451100 -0.04080300 0.12854700
v -0.04096900 -0.00007800 0.12854700
v -0.03978600 0.00966200 0.12854700
v -0.03630700 0.01883600 0.12854700
v -0.03073300 0.02691100 0.12854700
v -0.02338900 0.03341700 0.12854700
v -0.01470100 0.03797700 0.12854700
v -0.00517500 0.04032500 0.12854700
v 0.00463700 0.04032500 0.12854700
v 0.01416400 0.03797700 0.12854700
v 0.02285100 0.03341700 0.12854700
v 0.03019600 0.02691100 0.12854700
v 0.03576900 0.01883600 0.12854700
v 0.03924900 0.00966200 0.12854700
v 0.04043100 -0.00007800 0.12854700
v 0.03924900 -0.00981800 0.12854700
v 0.03576900 -0.01899200 0.12854700
v 0.03019600 -0.02706700 0.12854700
v 0.02285100 -0.03357400 0.12854700
v 0.01416400 -0.03813300 0.12854700
v 0.00463700 -0.04048100 0.12854700
v -0.00517500 -0.04048100 0.12854700
v -0.01470100 -0.03813300 0.12854700
v -0.02338900 -0.03357400 0.12854700
v -0.03073300 -0.02706700 0.12854700
v -0.03630700 -0.01899200 0.12854700
v -0.03978600 -0.00981800 0.12854700
v 0.03214100 0.03396000 0.01004700
v 0.03144000 0.03315100 0.01004700
v 0.03091700 0.03221800 0.01004700
v 0.03059400 0.03119700 0.01004700
v 0.03888000 -0.02608500 0.01004700
v 0.03776200 -0.02544600 0.01004700
v 0.03652200 -0.02509900 0.01004700
v 0.03523500 -0.02506300 0.01004700
v 0.03397800 -0.02534200 0.01004700
v 0.03282700 -0.02591900 0.01004700
v 0.03185000 -0.02675800 0.01004700
v 0.03110800 -0.02781000 0.01004700
v 0.03064300 -0.02901100 0.01004700
v 0.03166500 -0.02697400 0.08262600
v 0.03188500 -0.02672000 0.08240300
v -0.01837200 0.04543700 0.03391200
v -0.01871400 0.04515000 0.03387500
v -0.01898500 0.04480000 0.03380600
v -0.01917200 0.04440400 0.03370700
v -0.01926400 0.04398300 0.03358500
v -0.01925700 0.04355800 0.03344500
v -0.01919400 0.04326700 0.03334000
v -0.01908300 0.04299200 0.03323200
v -0.01861500 0.03962400 0.05090500
v -0.01932200 0.03783300 0.06655600
v -0.02019000 0.03678300 0.07802500
v -0.02074800 0.03633100 0.08185600
v -0.02089700 0.03623000 0.08234400
v -0.02096400 0.03618700 0.08248900
v -0.02105700 0.03612900 0.08261100
v -0.02117000 0.03606300 0.08264400
v -0.02126100 0.03601300 0.08258200
v -0.02134500 0.03596800 0.08245700
v -0.02277500 0.03547000 0.07363700
v -0.02375700 0.03537500 0.06493100
v -0.02610800 0.03592500 0.04645400
v -0.02816200 0.03775000 0.03323200
v -0.02843300 0.03807300 0.03338500
v -0.02877400 0.03832400 0.03353000
v -0.02916900 0.03849100 0.03366000
v -0.02959700 0.03856700 0.03376900
v -0.03003700 0.03854600 0.03385000
v -0.03046700 0.03843100 0.03390100
v -0.03075200 0.03829500 0.03391700
v -0.01915900 0.03793600 0.06943800
v -0.02005200 0.03688600 0.07860600
v -0.02065500 0.03639300 0.08188500
v -0.02082100 0.03627800 0.08234300
v -0.02116000 0.03606800 0.08268900
v -0.02144500 0.03591500 0.08240700
v -0.02191600 0.03570300 0.08097000
v -0.02365200 0.03529500 0.07011200
v -0.02733600 0.03620300 0.04583300
v -0.01870800 0.04257200 0.03829400
v -0.01818600 0.04190000 0.04398700
v -0.01816900 0.04078800 0.04947200
v -0.02661500 0.03581300 0.05004000
v -0.02757000 0.03635900 0.04451800
v -0.02917700 0.03747400 0.03789000
v -0.02898300 0.03749700 0.03785200
v -0.02878800 0.03750000 0.03781000
v -0.01856700 0.04421700 0.03610300
v -0.01909100 0.04365400 0.03470400
v -0.01877300 0.04480000 0.03439700
v -0.02159300 0.04796200 0.01004700
v -0.02068600 0.04616600 0.02300200
v -0.02097500 0.05049400 0.01004700
v -0.02118600 0.05032000 0.01004700
v -0.02137300 0.05011500 0.01004700
v -0.02153500 0.04988000 0.01004700
v -0.02166200 0.04962100 0.01004700
v -0.02175400 0.04933300 0.01004700
v -0.02180700 0.04895900 0.01004700
v -0.02180000 0.04867700 0.01004700
v -0.02173600 0.04833100 0.01004700
v -0.02167500 0.04814700 0.01004700
v -0.02081900 0.04787000 0.02279600
v -0.02075000 0.04773400 0.02337200
v -0.03121100 0.04241000 0.01004700
v -0.02816200 0.03775000 0.01004700
v -0.02737900 0.03681300 0.01004700
v -0.02640100 0.03608300 0.01004700
v -0.02528100 0.03559700 0.01004700
v -0.02407900 0.03538400 0.01004700
v -0.02286000 0.03545400 0.01004700
v -0.02169000 0.03580400 0.01004700
v -0.02063300 0.03641400 0.01004700
v -0.01974500 0.03725200 0.01004700
v -0.01907500 0.03827300 0.01004700
v -0.01865900 0.03942100 0.01004700
v -0.01851900 0.04063300 0.01004700
v -0.01866300 0.04184600 0.01004700
v -0.01908300 0.04299200 0.01004700
v -0.02159300 0.04796200 0.01004700
v -0.02055200 0.05072600 0.01004700
v -0.02097500 0.05049400 0.01004700
v -0.02118600 0.05032000 0.01004700
v -0.02137300 0.05011500 0.01004700
v -0.02153500 0.04988000 0.01004700
v -0.02166200 0.04962100 0.01004700
v -0.02175400 0.04933300 0.01004700
v -0.02180700 0.04895900 0.01004700
v -0.02180000 0.04867700 0.01004700
v -0.02173600 0.04833100 0.01004700
v -0.02167500 0.04814700 0.01004700
v -0.03412400 0.04288900 0.01004700
v -0.02761800 0.04729700 0.01004700
v -0.03374400 0.04312600 0.01004700
v -0.03348700 0.04322600 0.01004700
v -0.03315800 0.04330000 0.01004700
v -0.03282500 0.04331700 0.01004700
v -0.03249100 0.04327800 0.01004700
v -0.03216900 0.04318300 0.01004700
v -0.03186700 0.04303800 0.01004700
v -0.03159200 0.04284200 0.01004700
v -0.03138700 0.04264100 0.01004700
v -0.02701900 0.04062500 0.01004700
v -0.02692400 0.04140300 0.01004700
v -0.02664600 0.04213500 0.01004700
v -0.02620100 0.04278000 0.01004700
v -0.02561500 0.04330000 0.01004700
v -0.02492100 0.04366400 0.01004700
v -0.02416000 0.04385100 0.01004700
v -0.02337700 0.04385100 0.01004700
v -0.02261600 0.04366400 0.01004700
v -0.02192300 0.04330000 0.01004700
v -0.02133600 0.04278000 0.01004700
v -0.02089100 0.04213500 0.01004700
v -0.02061300 0.04140300 0.01004700
v -0.02051900 0.04062500 0.01004700
v -0.02061300 0.03984700 0.01004700
v -0.02089100 0.03911500 0.01004700
v -0.02133600 0.03847000 0.01004700
v -0.02192300 0.03795000 0.01004700
v -0.02261600 0.03758600 0.01004700
v -0.02337700 0.03739900 0.01004700
v -0.02416000 0.03739900 0.01004700
v -0.02492100 0.03758600 0.01004700
v -0.02561500 0.03795000 0.01004700
v -0.02620100 0.03847000 0.01004700
v -0.02664600 0.03911500 0.01004700
v -0.02692400 0.03984700 0.01004700
v -0.03010900 0.04072600 0.02300000
v -0.03121100 0.04241000 0.01004700
v -0.03374400 0.04312600 0.01004700
v -0.03348700 0.04322600 0.01004700
v -0.03315800 0.04330000 0.01004700
v -0.03282500 0.04331700 0.01004700
v -0.03249100 0.04327800 0.01004700
v -0.03216900 0.04318300 0.01004700
v -0.03186700 0.04303800 0.01004700
v -0.03159200 0.04284200 0.01004700
v -0.03138700 0.04264100 0.01004700
v -0.03217700 0.04270000 0.01680900
v -0.03113500 0.04110700 0.02525300
v -0.03143800 0.04157000 0.02335300
v -0.01908300 -0.04314800 0.03323200
v -0.02068600 -0.04632300 0.02300200
v -0.02159300 -0.04811900 0.01004700
v -0.02094700 -0.05067100 0.01004700
v -0.02116200 -0.05049800 0.01004700
v -0.02139000 -0.05025000 0.01004700
v -0.02157200 -0.04997100 0.01004700
v -0.02170500 -0.04966200 0.01004700
v -0.02178400 -0.04933500 0.01004700
v -0.02180900 -0.04900100 0.01004700
v -0.02177700 -0.04866500 0.01004700
v -0.02170500 -0.04838700 0.01004700
v -0.01837200 -0.04559300 0.03391200
v -0.01871400 -0.04530600 0.03387500
v -0.01898500 -0.04495600 0.03380600
v -0.01917200 -0.04456100 0.03370700
v -0.01926400 -0.04414000 0.03358500
v -0.01925700 -0.04371400 0.03344500
v -0.01919400 -0.04342300 0.03334000
v -0.02083800 -0.04806400 0.02263500
v -0.02075000 -0.04789100 0.02337200
v -0.02816200 -0.03790700 0.03323200
v -0.02570200 -0.03590100 0.04928300
v -0.02206600 -0.03581500 0.07918100
v -0.02170000 -0.03595600 0.08128000
v -0.02136200 -0.03611600 0.08242400
v -0.02127100 -0.03616300 0.08257000
v -0.02119000 -0.03620800 0.08263700
v -0.02108900 -0.03626700 0.08263300
v -0.02102500 -0.03630600 0.08257800
v -0.02096800 -0.03634100 0.08249600
v -0.02087700 -0.03639900 0.08229200
v -0.01980600 -0.03733700 0.07369900
v -0.01871200 -0.03937000 0.05395500
v -0.01853300 -0.04116400 0.04241900
v -0.03063400 -0.03851400 0.03391200
v -0.03021500 -0.03866700 0.03387500
v -0.02977600 -0.03872700 0.03380600
v -0.02934000 -0.03869000 0.03370700
v -0.02893000 -0.03855900 0.03358500
v -0.02856400 -0.03834100 0.03344500
v -0.02834400 -0.03814000 0.03334000
v -0.01818600 -0.04205700 0.04398700
v -0.01915900 -0.03809300 0.06943800
v -0.02005200 -0.03704300 0.07860600
v -0.02065500 -0.03654900 0.08188500
v -0.02082100 -0.03643500 0.08234300
v -0.02116000 -0.03622500 0.08268900
v -0.02144500 -0.03607200 0.08240700
v -0.02191600 -0.03586000 0.08097000
v -0.02365200 -0.03545200 0.07011200
v -0.01855600 -0.04357300 0.03778300
v -0.01848700 -0.04369100 0.03781400
v -0.01841000 -0.04380500 0.03784200
v -0.01828700 -0.04395800 0.03787800
v -0.01823000 -0.04238200 0.04255400
v -0.02683800 -0.03607700 0.04871400
v -0.02733600 -0.03636000 0.04583300
v -0.02785500 -0.03722900 0.03908500
v -0.02808000 -0.03662200 0.04342900
v -0.02941500 -0.03797900 0.03646200
v -0.02870500 -0.03820100 0.03487900
v -0.02986800 -0.03851700 0.03448300
v -0.03121100 -0.04256600 0.01004700
v -0.03010900 -0.04088300 0.02300100
v -0.03149600 -0.04291100 0.01004700
v -0.03170700 -0.04308900 0.01004700
v -0.03199500 -0.04326400 0.01004700
v -0.03230500 -0.04338800 0.01004700
v -0.03263400 -0.04345800 0.01004700
v -0.03296900 -0.04347200 0.01004700
v -0.03330200 -0.04343100 0.01004700
v -0.03362500 -0.04333400 0.01004700
v -0.03388400 -0.04320900 0.01004700
v -0.03119400 -0.04135500 0.02489900
v -0.03217400 -0.04285100 0.01685200
v -0.03143800 -0.04172600 0.02335300
v -0.03999100 -0.03451800 0.02352400
v -0.04017700 -0.03413300 0.02336500
v -0.04024600 -0.03385900 0.02325100
v -0.04030700 -0.03458900 0.02150700
v -0.04059700 -0.03482600 0.01894200
v -0.04087700 -0.03494300 0.01630000
v -0.04130300 -0.03499500 0.01105600
v -0.04107900 -0.03411400 0.00583100
v -0.04167200 -0.03545100 0.00310200
v -0.04165300 -0.03521000 0.00310000
v -0.04120700 -0.03418800 0.00167900
v -0.04026900 -0.03357800 0.02414500
v -0.04016500 -0.03384900 0.02433800
v -0.04000400 -0.03410000 0.02452900
v -0.02593500 -0.03376000 0.07245500
v -0.02633900 -0.03362400 0.07250000
v -0.02655000 -0.03359000 0.07252300
v -0.02676300 -0.03357800 0.07254700
v -0.02997800 -0.03357800 0.05314500
v -0.03489400 -0.03357800 0.03847600
v -0.04026900 -0.03357800 0.02757200
v -0.03994500 -0.03369900 0.02661500
v -0.03977800 -0.03398100 0.02567700
v -0.02972300 -0.03020500 0.07598800
v -0.02984600 -0.03033000 0.07557000
v -0.03003100 -0.03052000 0.07520200
v -0.03026900 -0.03076400 0.07490300
v -0.03054900 -0.03104900 0.07468800
v -0.03080300 -0.03130900 0.07458200
v -0.03106600 -0.03157800 0.07454700
v -0.02938100 -0.03237200 0.07438200
v -0.02789000 -0.03303400 0.07391900
v -0.02727900 -0.03330100 0.07356200
v -0.02695900 -0.03344700 0.07325800
v -0.02685200 -0.03350000 0.07310000
v -0.02677200 -0.03354500 0.07290800
v -0.02674600 -0.03356800 0.07274700
v -0.02674800 -0.03357600 0.07264700
v -0.02647000 -0.03335500 0.07377300
v -0.02827900 -0.03199600 0.07495600
v -0.02872300 -0.03166100 0.07506100
v -0.04256900 -0.01238300 0.07454700
v -0.03969900 -0.01972400 0.07454700
v -0.03575900 -0.02617700 0.07454700
v -0.02972800 0.03005300 0.07596600
v -0.02985500 0.03018300 0.07554700
v -0.03003000 0.03036200 0.07520400
v -0.03025400 0.03059100 0.07491900
v -0.03051100 0.03085400 0.07471100
v -0.03078200 0.03113200 0.07458800
v -0.03092600 0.03127800 0.07455700
v -0.03106600 0.03142200 0.07454700
v -0.03576300 0.02601500 0.07454700
v -0.03970200 0.01956100 0.07454700
v -0.04256900 0.01222700 0.07454700
v -0.04256900 0.00607200 0.07503400
v -0.04256900 -0.00007200 0.07558500
v -0.04256900 -0.00622100 0.07503500
v -0.02593500 0.03360300 0.07245500
v -0.02633900 0.03346800 0.07250000
v -0.02676300 0.03342200 0.07254700
v -0.02674500 0.03341500 0.07271600
v -0.02676600 0.03339300 0.07288400
v -0.02682300 0.03335900 0.07304300
v -0.02690800 0.03331600 0.07318900
v -0.02705200 0.03324700 0.07336400
v -0.02731200 0.03313100 0.07358600
v -0.02775200 0.03293800 0.07385100
v -0.02846300 0.03262600 0.07414300
v -0.02976300 0.03204100 0.07444800
v -0.02692500 0.03285200 0.07426000
v -0.02638700 0.03326300 0.07364800
v -0.02919500 0.03114300 0.07512100
v -0.02886100 0.03139800 0.07508300
v -0.02846400 0.03170000 0.07500600
v -0.02786300 0.03215200 0.07481200
v -0.02756900 0.03237200 0.07467800
v -0.04026900 0.03342200 0.02757200
v -0.03311500 0.03342200 0.04276300
v -0.02931200 0.03342200 0.05610400
v -0.03977600 0.03383000 0.02565800
v -0.03993800 0.03354800 0.02659100
v -0.04007800 0.03346000 0.02704700
v -0.03999100 0.03436100 0.02352400
v -0.04017700 0.03397600 0.02336500
v -0.04024600 0.03370200 0.02325100
v -0.04026900 0.03342200 0.02414500
v -0.04016300 0.03369700 0.02434200
v -0.04000000 0.03394700 0.02453200
v -0.04059700 0.03466900 0.01894200
v -0.04111400 0.03483200 0.01367100
v -0.04030700 0.03443200 0.02150700
v -0.04105300 0.03397100 0.00727400
v -0.04165800 0.03529600 0.00385900
v -0.04164000 0.03505500 0.00385700
v -0.04137600 0.03529500 0.01042000
v -0.04120500 0.03403300 0.00206300
v -0.03978600 0.00966200 0.12854700
v -0.03630700 0.01883600 0.12854700
v -0.03073300 0.02691100 0.12854700
v -0.02338900 0.03341700 0.12854700
v -0.01470100 0.03797700 0.12854700
v -0.00517500 0.04032500 0.12854700
v 0.00463700 0.04032500 0.12854700
v 0.01416400 0.03797700 0.12854700
v 0.02285100 0.03341700 0.12854700
v 0.03019600 0.02691100 0.12854700
v 0.03576900 0.01883600 0.12854700
v 0.03924900 0.00966200 0.12854700
v -0.03978600 0.00966200 0.13554700
v -0.03630700 0.01883600 0.13554700
v -0.03073300 0.02691100 0.13554700
v -0.02338900 0.03341700 0.13554700
v -0.01470100 0.03797700 0.13554700
v -0.00517500 0.04032500 0.13554700
v 0.00463700 0.04032500 0.13554700
v 0.01416400 0.03797700 0.13554700
v 0.02285100 0.03341700 0.13554700
v 0.03019600 0.02691100 0.13554700
v 0.03576900 0.01883600 0.13554700
v 0.03924900 0.00966200 0.13554700
v -0.02117000 0.03606300 0.08264400
v -0.02816200 0.03775000 0.01004700
v -0.02737900 0.03681300 0.01004700
v -0.02640100 0.03608300 0.01004700
v -0.02528100 0.03559700 0.01004700
v -0.02407900 0.03538400 0.01004700
v -0.02286000 0.03545400 0.01004700
v -0.02169000 0.03580400 0.01004700
v -0.02063300 0.03641400 0.01004700
v -0.01974500 0.03725200 0.01004700
v -0.01907500 0.03827300 0.01004700
v -0.01865900 0.03942100 0.01004700
v -0.01851900 0.04063300 0.01004700
v -0.01866300 0.04184600 0.01004700
v -0.01908300 0.04299200 0.01004700
v -0.01908300 -0.04314800 0.01004700
v -0.01866300 -0.04200200 0.01004700
v -0.01851900 -0.04079000 0.01004700
v -0.01865900 -0.03957700 0.01004700
v -0.01907500 -0.03842900 0.01004700
v -0.01974500 -0.03740900 0.01004700
v -0.02063300 -0.03657100 0.01004700
v -0.02169000 -0.03596000 0.01004700
v -0.02286000 -0.03561100 0.01004700
v -0.02407900 -0.03554100 0.01004700
v -0.02528100 -0.03575400 0.01004700
v -0.02640100 -0.03623900 0.01004700
v -0.02737900 -0.03697000 0.01004700
v -0.02816200 -0.03790700 0.01004700
v -0.02102500 -0.03630600 0.08257800
v -0.02087700 -0.03639900 0.08229200
v -0.03977800 -0.03398100 0.02567700
v -0.04016500 -0.03384900 0.02433800
v -0.04017600 -0.03368600 0.02538900
v -0.04256900 -0.03357800 0.07254700
v -0.04256900 -0.03357800 0.07204700
v -0.04026900 -0.03357800 0.07204700
v -0.04256900 -0.03157800 0.07454700
v -0.04256900 -0.03202300 0.07449700
v -0.04256900 -0.03244600 0.07434900
v -0.04256900 -0.03282500 0.07411000
v -0.04256900 -0.03314200 0.07379400
v -0.04256900 -0.03338000 0.07341400
v -0.04256900 -0.03352800 0.07299200
v -0.04256900 0.03142200 0.07454700
v -0.04256900 0.03186700 0.07449700
v -0.04256900 0.03229000 0.07434900
v -0.04256900 0.03266900 0.07411000
v -0.04256900 0.03298500 0.07379400
v -0.04256900 0.03322400 0.07341400
v -0.04256900 0.03337200 0.07299200
v -0.04256900 0.03342200 0.07254700
v -0.04256900 0.03342200 0.07204700
v -0.04256900 0.00138700 0.07204700
v -0.04256900 0.00061500 0.07234200
v -0.04256900 -0.00004500 0.07242800
v -0.04256900 -0.00065900 0.07236800
v -0.04256900 -0.00111000 0.07223800
v -0.04256900 -0.00154400 0.07204700
v -0.04256900 -0.03357800 0.07204700
v -0.04256900 -0.03357800 0.07254700
v -0.04256900 -0.03157800 0.07454700
v -0.04256900 -0.03202300 0.07449700
v -0.04256900 -0.03244600 0.07434900
v -0.04256900 -0.03282500 0.07411000
v -0.04256900 -0.03314200 0.07379400
v -0.04256900 -0.03338000 0.07341400
v -0.04256900 -0.03352800 0.07299200
v -0.04256900 -0.01238300 0.07454700
v -0.04256900 0.01222700 0.07454700
v -0.04256900 0.00607200 0.07503400
v -0.04256900 -0.00007200 0.07558500
v -0.04256900 -0.00622100 0.07503500
v -0.04256900 0.03142200 0.07454700
v -0.04256900 0.03342200 0.07254700
v -0.04256900 0.03186700 0.07449700
v -0.04256900 0.03229000 0.07434900
v -0.04256900 0.03266900 0.07411000
v -0.04256900 0.03298500 0.07379400
v -0.04256900 0.03322400 0.07341400
v -0.04256900 0.03337200 0.07299200
v -0.04026900 0.03342200 0.07204700
v -0.04256900 0.03342200 0.07204700
v -0.04026900 0.03342200 0.02757200
v -0.04026900 0.03342200 0.02757200
v -0.04016300 0.03369700 0.02434200
v -0.04006500 0.03357200 0.02592600
v -0.04096900 -0.00107800 0.13554700
v -0.04096900 -0.00007800 0.13554700
v -0.04096900 0.00092200 0.13554700
v -0.04125700 0.00092200 0.13554700
v -0.03984600 0.01062700 0.13554700
v -0.03617100 0.01972100 0.13554700
v -0.03044200 0.02768100 0.13554700
v -0.02298600 0.03405300 0.13554700
v -0.01423000 0.03847100 0.13554700
v -0.00467600 0.04068400 0.13554700
v 0.00513100 0.04056500 0.13554700
v 0.01462900 0.03811900 0.13554700
v 0.02327400 0.03348800 0.13554700
v 0.03057300 0.02693700 0.13554700
v 0.03610600 0.01883900 0.13554700
v 0.03955800 0.00965900 0.13554700
v 0.04073100 -0.00007800 0.13554700
v 0.03955800 -0.00981500 0.13554700
v 0.03610600 -0.01899600 0.13554700
v 0.03057300 -0.02709300 0.13554700
v 0.02327400 -0.03364500 0.13554700
v 0.01462900 -0.03827600 0.13554700
v 0.00513100 -0.04072100 0.13554700
v -0.00467600 -0.04084100 0.13554700
v -0.01423000 -0.03862800 0.13554700
v -0.02298600 -0.03420900 0.13554700
v -0.03044200 -0.02783700 0.13554700
v -0.03617100 -0.01987700 0.13554700
v -0.03984600 -0.01078400 0.13554700
v -0.04125700 -0.00107800 0.13554700
v 0.04043100 -0.00007800 0.13554700
v 0.03924900 -0.00981800 0.13554700
v 0.03576900 -0.01899200 0.13554700
v 0.03019600 -0.02706700 0.13554700
v 0.02285100 -0.03357400 0.13554700
v 0.01416400 -0.03813300 0.13554700
v 0.00463700 -0.04048100 0.13554700
v -0.00517500 -0.04048100 0.13554700
v -0.01470100 -0.03813300 0.13554700
v -0.02338900 -0.03357400 0.13554700
v -0.03073300 -0.02706700 0.13554700
v -0.03630700 -0.01899200 0.13554700
v -0.03978600 -0.00981800 0.13554700
v -0.03978600 0.00966200 0.13554700
v -0.03630700 0.01883600 0.13554700
v -0.03073300 0.02691100 0.13554700
v -0.02338900 0.03341700 0.13554700
v -0.01470100 0.03797700 0.13554700
v -0.00517500 0.04032500 0.13554700
v 0.00463700 0.04032500 0.13554700
v 0.01416400 0.03797700 0.13554700
v 0.02285100 0.03341700 0.13554700
v 0.03019600 0.02691100 0.13554700
v 0.03576900 0.01883600 0.13554700
v 0.03924900 0.00966200 0.13554700
v -0.04026900 0.00549200 0.05391100
v -0.04026900 0.00570400 0.04141300
v -0.04056900 0.00549200 0.05391100
v -0.04056900 0.00570400 0.04141300
v -0.04026900 0.01620900 0.06034500
v -0.04026900 0.00549200 0.05391100
v -0.04056900 0.01620900 0.06034400
v -0.04056900 0.00549200 0.05391100
v -0.04026900 0.02713900 0.05428000
v -0.04026900 0.01620900 0.06034500
v -0.04056900 0.02713900 0.05428000
v -0.04056900 0.01620900 0.06034400
v -0.04026900 0.02735200 0.04178200
v -0.04026900 0.02713900 0.05428000
v -0.04056900 0.02735200 0.04178100
v -0.04056900 0.02713900 0.05428000
v -0.04026900 0.01663500 0.03534800
v -0.04026900 0.02735200 0.04178200
v -0.04056900 0.01663500 0.03534800
v -0.04056900 0.02735200 0.04178100
v -0.04026900 0.00570400 0.04141300
v -0.04026900 0.01663500 0.03534800
v -0.04056900 0.00570400 0.04141300
v -0.04056900 0.01663500 0.03534800
v -0.04026900 0.00412200 0.05837000
v -0.04026900 0.00412200 0.06437000
v -0.04206900 0.00412200 0.05837000
v -0.04206900 0.00412200 0.06437000
v -0.04026900 -0.00907800 0.05837000
v -0.04026900 0.00412200 0.05837000
v -0.04206900 -0.00907800 0.05837000
v -0.04206900 0.00412200 0.05837000
v -0.04026900 -0.00907800 0.06437000
v -0.04026900 -0.00907800 0.05837000
v -0.04206900 -0.00907800 0.06437000
v -0.04206900 -0.00907800 0.05837000
v -0.04026900 0.00412200 0.06437000
v -0.04026900 -0.00907800 0.06437000
v -0.04206900 0.00412200 0.06437000
v -0.04206900 -0.00907800 0.06437000
v -0.04026900 -0.01217800 0.05837000
v -0.04026900 -0.01217800 0.06437000
v -0.04206900 -0.01217800 0.05837000
v -0.04206900 -0.01217800 0.06437000
v -0.04026900 -0.02537800 0.05837000
v -0.04026900 -0.01217800 0.05837000
v -0.04206900 -0.02537800 0.05837000
v -0.04206900 -0.01217800 0.05837000
v -0.04026900 -0.02537800 0.06437000
v -0.04026900 -0.02537800 0.05837000
v -0.04206900 -0.02537800 0.06437000
v -0.04206900 -0.02537800 0.05837000
v -0.04026900 -0.01217800 0.06437000
v -0.04026900 -0.02537800 0.06437000
v -0.04206900 -0.01217800 0.06437000
v -0.04206900 -0.02537800 0.06437000
v -0.04026900 -0.02627600 0.05267000
v -0.04026900 -0.02627600 0.03917000
v -0.04286400 -0.02627600 0.05267000
v -0.04286400 -0.02627600 0.03917000
v -0.04026900 0.00512400 0.05267000
v -0.04026900 -0.02627600 0.05267000
v -0.04286400 0.00512400 0.05267000
v -0.04286400 -0.02627600 0.05267000
v -0.04026900 0.00512400 0.03917000
v -0.04026900 0.00512400 0.05267000
v -0.04286400 0.00512400 0.03917000
v -0.04286400 0.00512400 0.05267000
v -0.04026900 -0.02627600 0.03917000
v -0.04026900 0.00512400 0.03917000
v -0.04286400 -0.02627600 0.03917000
v -0.04286400 0.00512400 0.03917000
v -0.04257000 -0.02138600 0.02330100
v -0.04257000 -0.02081700 0.02164000
v -0.04257000 -0.01989900 0.02014300
v -0.04257000 -0.01867700 0.01888200
v -0.04257000 -0.01720900 0.01791800
v -0.04257000 -0.01556700 0.01729800
v -0.04257000 -0.01382800 0.01705100
v -0.04056900 -0.01382800 0.01705100
v -0.04056900 -0.01200800 0.01720200
v -0.04056900 -0.01026900 0.01776300
v -0.04056900 -0.00870300 0.01870400
v -0.04056900 -0.00739100 0.01997500
v -0.04056900 -0.00640200 0.02151100
v -0.04056900 -0.00578700 0.02323200
v -0.04026900 -0.02134600 0.02313200
v -0.04026900 -0.02066200 0.02132900
v -0.04026900 -0.01956600 0.01974200
v -0.04026900 -0.01812300 0.01846300
v -0.04026900 -0.01641500 0.01756700
v -0.04026900 -0.01454300 0.01710500
v -0.04026900 -0.01261400 0.01710500
v -0.04026900 -0.01074100 0.01756700
v -0.04026900 -0.00903400 0.01846300
v -0.04026900 -0.00759000 0.01974200
v -0.04026900 -0.00649500 0.02132900
v -0.04026900 -0.00581100 0.02313200
v -0.04256900 -0.00154400 0.07204700
v -0.04256900 0.00138700 0.07204700
v -0.04256900 0.03342200 0.07204700
v -0.04026900 0.03342200 0.07204700
v -0.04026900 -0.03357800 0.07204700
v -0.04256900 -0.03357800 0.07204700
v -0.04256900 -0.00154400 0.07204700
v -0.04256900 0.00138700 0.07204700
v -0.04256900 0.00061500 0.07234200
v -0.04256900 -0.00004500 0.07242800
v -0.04256900 -0.00065900 0.07236800
v -0.04256900 -0.00111000 0.07223800
v 0.03955800 -0.00981500 0.13854700
v 0.03610600 -0.01899600 0.13854700
v 0.03057300 -0.02709300 0.13854700
v 0.02327400 -0.03364500 0.13854700
v 0.01462900 -0.03827600 0.13854700
v 0.00513100 -0.04072100 0.13854700
v -0.00467600 -0.04084100 0.13854700
v -0.01423000 -0.03862800 0.13854700
v -0.02298600 -0.03420900 0.13854700
v -0.03044200 -0.02783700 0.13854700
v -0.03617100 -0.01987700 0.13854700
v -0.03984600 -0.01078400 0.13854700
v -0.04125700 -0.00107800 0.13854700
v -0.04125700 -0.00107800 0.13554700
v 0.03955800 -0.00981500 0.13554700
v 0.03610600 -0.01899600 0.13554700
v 0.03057300 -0.02709300 0.13554700
v 0.02327400 -0.03364500 0.13554700
v 0.01462900 -0.03827600 0.13554700
v 0.00513100 -0.04072100 0.13554700
v -0.00467600 -0.04084100 0.13554700
v -0.01423000 -0.03862800 0.13554700
v -0.02298600 -0.03420900 0.13554700
v -0.03044200 -0.02783700 0.13554700
v -0.03617100 -0.01987700 0.13554700
v -0.03984600 -0.01078400 0.13554700
v -0.04056900 0.03242200 0.07154700
v -0.04056900 -0.03257800 0.07154700
v -0.04056900 -0.03357800 0.07054700
v -0.04056900 -0.03355300 0.07076900
v -0.04056900 -0.03347900 0.07098100
v -0.04056900 -0.03336000 0.07117000
v -0.04056900 -0.03320200 0.07132900
v -0.04056900 -0.03301200 0.07144800
v -0.04056900 -0.03280100 0.07152200
v -0.04056900 -0.03357800 0.00104700
v -0.04056900 -0.03317800 0.00024700
v -0.04056900 -0.03334600 0.00040600
v -0.04056900 -0.03347300 0.00059900
v -0.04056900 -0.03355100 0.00081700
v -0.04056900 0.03302200 0.00024700
v -0.04056900 0.03342200 0.00104700
v -0.04056900 0.03339500 0.00081700
v -0.04056900 0.03331600 0.00059900
v -0.04056900 0.03319000 0.00040600
v -0.04056900 0.03342200 0.07054700
v -0.04056900 0.03264400 0.07152200
v -0.04056900 0.03285600 0.07144800
v -0.04056900 0.03304500 0.07132900
v -0.04056900 0.03320400 0.07117000
v -0.04056900 0.03332300 0.07098100
v -0.04056900 0.03339700 0.07076900
v -0.04056900 0.01473400 0.06694700
v -0.04056900 0.01811000 0.06694700
v -0.04056900 0.01859100 0.06656200
v -0.04056900 0.01898600 0.06608900
v -0.04056900 0.01928000 0.06554800
v -0.04056900 0.01946100 0.06495900
v -0.04056900 0.01952200 0.06434700
v -0.04056900 0.01943200 0.06360500
v -0.04056900 0.01916700 0.06290600
v -0.04056900 0.01874200 0.06229100
v -0.04056900 0.01818300 0.06179500
v -0.04056900 0.01752100 0.06144800
v -0.04056900 0.01679500 0.06126900
v -0.04056900 0.01604800 0.06126900
v -0.04056900 0.01532200 0.06144800
v -0.04056900 0.01466100 0.06179500
v -0.04056900 0.01410100 0.06229100
v -0.04056900 0.01367700 0.06290600
v -0.04056900 0.01341200 0.06360500
v -0.04056900 0.01332200 0.06434700
v -0.04056900 0.01338300 0.06495900
v -0.04056900 0.01356400 0.06554800
v -0.04056900 0.01385800 0.06608900
v -0.04056900 0.01425300 0.06656200
v -0.04056900 0.01981600 0.01824700
v -0.04056900 0.01302800 0.01824700
v -0.04056900 0.01153600 0.01922500
v -0.04056900 0.01031400 0.02052400
v -0.04056900 0.00961100 0.02167500
v -0.04056900 0.00912500 0.02292300
v -0.04056900 0.00886500 0.02423700
v -0.04056900 0.00884000 0.02557500
v -0.04056900 0.00905100 0.02689800
v -0.04056900 0.00949000 0.02816300
v -0.04056900 0.01014500 0.02933100
v -0.04056900 0.01099400 0.03036600
v -0.04056900 0.01194900 0.03119100
v -0.04056900 0.01302800 0.03184700
v -0.04056900 0.01981600 0.03184700
v -0.04056900 0.02130700 0.03086800
v -0.04056900 0.02253000 0.02956900
v -0.04056900 0.02323300 0.02841800
v -0.04056900 0.02371900 0.02717100
v -0.04056900 0.02397800 0.02585700
v -0.04056900 0.02400300 0.02451800
v -0.04056900 0.02379300 0.02319500
v -0.04056900 0.02335400 0.02193000
v -0.04056900 0.02269900 0.02076200
v -0.04056900 0.02185000 0.01972700
v -0.04056900 0.02089400 0.01890200
v -0.04056900 -0.02617800 0.05764700
v -0.04056900 -0.02617800 0.06504700
v -0.04056900 -0.01127800 0.06504700
v -0.04056900 -0.01127800 0.05764700
v -0.04056900 -0.00987800 0.05764700
v -0.04056900 -0.00987800 0.06504700
v -0.04056900 0.00502200 0.06504700
v -0.04056900 0.00502200 0.05764700
v -0.04056900 0.00542200 0.05294700
v -0.04056900 0.00542200 0.03884700
v -0.04056900 -0.02657800 0.03884700
v -0.04056900 -0.02657800 0.05294700
v -0.04056900 -0.01382800 0.01705100
v -0.04056900 -0.01564900 0.01720200
v -0.04056900 -0.01738800 0.01776300
v -0.04056900 -0.01895400 0.01870400
v -0.04056900 -0.02026600 0.01997500
v -0.04056900 -0.02125500 0.02151100
v -0.04056900 -0.02187000 0.02323200
v -0.04056900 -0.02207800 0.02504700
v -0.04056900 -0.02187000 0.02686200
v -0.04056900 -0.02125500 0.02858200
v -0.04056900 -0.02026600 0.03011800
v -0.04056900 -0.01895400 0.03138900
v -0.04056900 -0.01738800 0.03233000
v -0.04056900 -0.01564900 0.03289100
v -0.04056900 -0.01382800 0.03304300
v -0.04056900 -0.00557800 0.02504700
v -0.04056900 -0.00578700 0.02686200
v -0.04056900 -0.00640200 0.02858200
v -0.04056900 -0.00739100 0.03011800
v -0.04056900 -0.00870300 0.03138900
v -0.04056900 -0.01026900 0.03233000
v -0.04056900 -0.01200800 0.03289100
v -0.04056900 -0.01200800 0.01720200
v -0.04056900 -0.01026900 0.01776300
v -0.04056900 -0.00870300 0.01870400
v -0.04056900 -0.00739100 0.01997500
v -0.04056900 -0.00640200 0.02151100
v -0.04056900 -0.00578700 0.02323200
v -0.04056900 0.02735200 0.04178100
v -0.04056900 0.02713900 0.05428000
v -0.04056900 0.01663500 0.03534800
v -0.04056900 0.00570400 0.04141300
v -0.04056900 0.00549200 0.05391100
v -0.04056900 0.01620900 0.06034400
v -0.04206900 -0.00970300 0.06488000
v -0.04206900 -0.00970300 0.05786000
v -0.04206900 0.00474700 0.05786000
v -0.04206900 0.00474700 0.06488000
v -0.04206900 0.00412200 0.05837000
v -0.04206900 0.00412200 0.06437000
v -0.04206900 -0.00907800 0.05837000
v -0.04206900 -0.00907800 0.06437000
v -0.04206900 -0.02600300 0.06488000
v -0.04206900 -0.02600300 0.05786000
v -0.04206900 -0.01155300 0.05786000
v -0.04206900 -0.01155300 0.06488000
v -0.04206900 -0.01217800 0.05837000
v -0.04206900 -0.01217800 0.06437000
v -0.04206900 -0.02537800 0.05837000
v -0.04206900 -0.02537800 0.06437000
v -0.04286400 -0.02627600 0.05267000
v -0.04286400 -0.02627600 0.03917000
v -0.04286400 0.00512400 0.05267000
v -0.04286400 0.00512400 0.03917000
v -0.04286400 -0.00607600 0.04867000
v -0.04286400 -0.00807600 0.04867000
v -0.04286400 -0.00807600 0.04117000
v -0.04286400 0.00262400 0.04117000
v -0.04286400 0.00262400 0.04867000
v -0.04286400 0.00062400 0.04867000
v -0.04286400 0.00062400 0.05067000
v -0.04286400 -0.00607600 0.05067000
v -0.04286400 -0.02177600 0.05067000
v -0.04286400 -0.02177600 0.04867000
v -0.04286400 -0.02377600 0.04867000
v -0.04286400 -0.02377600 0.04117000
v -0.04286400 -0.01307600 0.04117000
v -0.04286400 -0.01307600 0.04867000
v -0.04286400 -0.01507600 0.04867000
v -0.04286400 -0.01507600 0.05067000
v -0.04257000 -0.01382800 0.01705100
v -0.04257000 -0.01564900 0.01720200
v -0.04257000 -0.01738800 0.01776300
v -0.04257000 -0.01895400 0.01870400
v -0.04257000 -0.02026600 0.01997500
v -0.04257000 -0.02125500 0.02151100
v -0.04257000 -0.02187000 0.02323200
v -0.04056900 -0.01382800 0.01705100
v -0.04056900 -0.01564900 0.01720200
v -0.04056900 -0.01738800 0.01776300
v -0.04056900 -0.01895400 0.01870400
v -0.04056900 -0.02026600 0.01997500
v -0.04056900 -0.02125500 0.02151100
v -0.04056900 -0.02187000 0.02323200
v -0.04257000 -0.01382800 0.03304300
v -0.04257000 -0.01556700 0.03279600
v -0.04257000 -0.01720900 0.03217500
v -0.04257000 -0.01867700 0.03121100
v -0.04257000 -0.01989900 0.02995000
v -0.04257000 -0.02081700 0.02845300
v -0.04257000 -0.02138600 0.02679200
v -0.04257000 -0.02157800 0.02504700
v -0.04257000 -0.02207800 0.02504700
v -0.04257000 -0.02187000 0.02686200
v -0.04257000 -0.02125500 0.02858200
v -0.04257000 -0.02026600 0.03011800
v -0.04257000 -0.01895400 0.03138900
v -0.04257000 -0.01738800 0.03233000
v -0.04257000 -0.01564900 0.03289100
v -0.04257000 -0.01382800 0.01705100
v -0.04257000 -0.01564900 0.01720200
v -0.04257000 -0.01738800 0.01776300
v -0.04257000 -0.01895400 0.01870400
v -0.04257000 -0.02026600 0.01997500
v -0.04257000 -0.02125500 0.02151100
v -0.04257000 -0.02187000 0.02323200
v -0.04257000 -0.02138600 0.02330100
v -0.04257000 -0.02081700 0.02164000
v -0.04257000 -0.01989900 0.02014300
v -0.04257000 -0.01867700 0.01888200
v -0.04257000 -0.01720900 0.01791800
v -0.04257000 -0.01556700 0.01729800
v -0.04125700 -0.00107800 0.13854700
v -0.04096900 -0.00107800 0.13854700
v 0.04073100 -0.00007800 0.13854700
v 0.03955800 -0.00981500 0.13854700
v 0.03610600 -0.01899600 0.13854700
v 0.03057300 -0.02709300 0.13854700
v 0.02327400 -0.03364500 0.13854700
v 0.01462900 -0.03827600 0.13854700
v 0.00513100 -0.04072100 0.13854700
v -0.00467600 -0.04084100 0.13854700
v -0.01423000 -0.03862800 0.13854700
v -0.02298600 -0.03420900 0.13854700
v -0.03044200 -0.02783700 0.13854700
v -0.03617100 -0.01987700 0.13854700
v -0.03984600 -0.01078400 0.13854700
v -0.04125700 0.00092200 0.13854700
v -0.03984600 0.01062700 0.13854700
v -0.03617100 0.01972100 0.13854700
v -0.03044200 0.02768100 0.13854700
v -0.02298600 0.03405300 0.13854700
v -0.01423000 0.03847100 0.13854700
v -0.00467600 0.04068400 0.13854700
v 0.00513100 0.04056500 0.13854700
v 0.01462900 0.03811900 0.13854700
v 0.02327400 0.03348800 0.13854700
v 0.03057300 0.02693700 0.13854700
v 0.03610600 0.01883900 0.13854700
v 0.03955800 0.00965900 0.13854700
v -0.04096900 0.00092200 0.13854700
v -0.03226900 -0.00007800 0.13854700
v -0.03133900 -0.00773600 0.13854700
v -0.02860300 -0.01494900 0.13854700
v -0.02422100 -0.02129800 0.13854700
v -0.01844700 -0.02641400 0.13854700
v -0.01161600 -0.02999900 0.13854700
v -0.00412600 -0.03184500 0.13854700
v 0.00358800 -0.03184500 0.13854700
v 0.01107900 -0.02999900 0.13854700
v 0.01790900 -0.02641400 0.13854700
v 0.02368400 -0.02129800 0.13854700
v 0.02806600 -0.01494900 0.13854700
v 0.03080100 -0.00773600 0.13854700
v 0.03173100 -0.00007800 0.13854700
v 0.03080100 0.00758000 0.13854700
v 0.02806600 0.01479300 0.13854700
v 0.02368400 0.02114200 0.13854700
v 0.01790900 0.02625700 0.13854700
v 0.01107900 0.02984200 0.13854700
v 0.00358800 0.03168800 0.13854700
v -0.00412600 0.03168800 0.13854700
v -0.01161600 0.02984200 0.13854700
v -0.01844700 0.02625700 0.13854700
v -0.02422100 0.02114200 0.13854700
v -0.02860300 0.01479300 0.13854700
v -0.03133900 0.00758000 0.13854700
v -0.04256900 0.01811000 0.06694700
v -0.04256900 0.01859100 0.06656200
v -0.04256900 0.01898600 0.06608900
v -0.04256900 0.01928000 0.06554800
v -0.04256900 0.01946100 0.06495900
v -0.04056900 0.01811000 0.06694700
v -0.04056900 0.01859100 0.06656200
v -0.04056900 0.01898600 0.06608900
v -0.04056900 0.01928000 0.06554800
v -0.04056900 0.01946100 0.06495900
v -0.04056900 0.01473400 0.06694700
v -0.04056900 0.01811000 0.06694700
v -0.04256900 0.01473400 0.06694700
v -0.04256900 0.01811000 0.06694700
v -0.04056900 0.01302800 0.01824700
v -0.04256900 0.01302800 0.01824700
v -0.04256900 0.01153600 0.01922500
v -0.04256900 0.01031400 0.02052400
v -0.04256900 0.00961100 0.02167500
v -0.04256900 0.00912500 0.02292300
v -0.04256900 0.00886500 0.02423700
v -0.04256900 0.00884000 0.02557500
v -0.04256900 0.00905100 0.02689800
v -0.04256900 0.00949000 0.02816300
v -0.04256900 0.01014500 0.02933100
v -0.04256900 0.01099400 0.03036600
v -0.04256900 0.01194900 0.03119100
v -0.04256900 0.01302800 0.03184700
v -0.04056900 0.01302800 0.03184700
v -0.04056900 0.01153600 0.01922500
v -0.04056900 0.01031400 0.02052400
v -0.04056900 0.00961100 0.02167500
v -0.04056900 0.00912500 0.02292300
v -0.04056900 0.00886500 0.02423700
v -0.04056900 0.00884000 0.02557500
v -0.04056900 0.00905100 0.02689800
v -0.04056900 0.00949000 0.02816300
v -0.04056900 0.01014500 0.02933100
v -0.04056900 0.01099400 0.03036600
v -0.04056900 0.01194900 0.03119100
v -0.04256900 0.01981600 0.01824700
v -0.04256900 0.01302800 0.01824700
v -0.04056900 0.01302800 0.01824700
v -0.04056900 0.01981600 0.01824700
v -0.04056900 0.01981600 0.03184700
v -0.04256900 0.01981600 0.03184700
v -0.04256900 0.02130700 0.03086800
v -0.04256900 0.02253000 0.02956900
v -0.04256900 0.02323300 0.02841800
v -0.04256900 0.02371900 0.02717100
v -0.04256900 0.02397800 0.02585700
v -0.04256900 0.02400300 0.02451800
v -0.04256900 0.02379300 0.02319500
v -0.04256900 0.02335400 0.02193000
v -0.04256900 0.02269900 0.02076200
v -0.04256900 0.02185000 0.01972700
v -0.04256900 0.02089400 0.01890200
v -0.04256900 0.01981600 0.01824700
v -0.04056900 0.01981600 0.01824700
v -0.04056900 0.02130700 0.03086800
v -0.04056900 0.02253000 0.02956900
v -0.04056900 0.02323300 0.02841800
v -0.04056900 0.02371900 0.02717100
v -0.04056900 0.02397800 0.02585700
v -0.04056900 0.02400300 0.02451800
v -0.04056900 0.02379300 0.02319500
v -0.04056900 0.02335400 0.02193000
v -0.04056900 0.02269900 0.02076200
v -0.04056900 0.02185000 0.01972700
v -0.04056900 0.02089400 0.01890200
v -0.04256900 0.01302800 0.03184700
v -0.04256900 0.01981600 0.03184700
v -0.04056900 0.01981600 0.03184700
v -0.04056900 0.01302800 0.03184700
v -0.04056900 -0.02617800 0.06504700
v -0.04256900 -0.02617800 0.06504700
v -0.04256900 -0.01127800 0.06504700
v -0.04056900 -0.01127800 0.06504700
v -0.04056900 -0.02617800 0.05764700
v -0.04256900 -0.02617800 0.05764700
v -0.04256900 -0.02617800 0.06504700
v -0.04056900 -0.02617800 0.06504700
v -0.04056900 -0.01127800 0.05764700
v -0.04256900 -0.01127800 0.05764700
v -0.04256900 -0.02617800 0.05764700
v -0.04056900 -0.02617800 0.05764700
v -0.04056900 -0.01127800 0.06504700
v -0.04056900 -0.01127800 0.05764700
v -0.04256900 -0.01127800 0.06504700
v -0.04256900 -0.01127800 0.05764700
v -0.04056900 -0.00987800 0.06504700
v -0.04256900 -0.00987800 0.06504700
v -0.04256900 0.00502200 0.06504700
v -0.04056900 0.00502200 0.06504700
v -0.04056900 -0.00987800 0.05764700
v -0.04256900 -0.00987800 0.05764700
v -0.04256900 -0.00987800 0.06504700
v -0.04056900 -0.00987800 0.06504700
v -0.04056900 0.00502200 0.05764700
v -0.04256900 0.00502200 0.05764700
v -0.04256900 -0.00987800 0.05764700
v -0.04056900 -0.00987800 0.05764700
v -0.04056900 0.00502200 0.06504700
v -0.04056900 0.00502200 0.05764700
v -0.04256900 0.00502200 0.06504700
v -0.04256900 0.00502200 0.05764700
v -0.04256900 0.00542200 0.03884700
v -0.04256900 -0.02657800 0.03884700
v -0.04056900 -0.02657800 0.03884700
v -0.04056900 0.00542200 0.03884700
v -0.04256900 0.00542200 0.05294700
v -0.04256900 0.00542200 0.03884700
v -0.04056900 0.00542200 0.03884700
v -0.04056900 0.00542200 0.05294700
v -0.04256900 -0.02657800 0.05294700
v -0.04256900 0.00542200 0.05294700
v -0.04056900 0.00542200 0.05294700
v -0.04056900 -0.02657800 0.05294700
v -0.04256900 -0.02657800 0.03884700
v -0.04256900 -0.02657800 0.05294700
v -0.04056900 -0.02657800 0.05294700
v -0.04056900 -0.02657800 0.03884700
v -0.04056900 0.03242200 0.07154700
v -0.04056900 -0.03257800 0.07154700
v -0.04256900 0.03242200 0.07154700
v -0.04256900 -0.03257800 0.07154700
v -0.04256900 0.03342200 0.06702700
v -0.04243000 0.03342200 0.06749000
v -0.04238400 0.03342200 0.06777100
v -0.04236900 0.03342200 0.06804700
v -0.04240800 0.03342200 0.06849000
v -0.04247300 0.03342200 0.06877500
v -0.04256900 0.03342200 0.06906700
v -0.04256900 0.03342200 0.07054700
v -0.04056900 0.03342200 0.07054700
v -0.04056900 0.03342200 0.00104700
v -0.04256900 0.03342200 0.00104700
v -0.04256900 0.03342200 0.00702700
v -0.04243000 0.03342200 0.00749000
v -0.04238400 0.03342200 0.00777100
v -0.04236900 0.03342200 0.00804700
v -0.04240800 0.03342200 0.00849000
v -0.04247300 0.03342200 0.00877500
v -0.04256900 0.03342200 0.00906700
v -0.04056900 -0.03317800 0.00024700
v -0.04256900 -0.03317800 0.00024700
v -0.04256900 0.03302200 0.00024700
v -0.04056900 0.03302200 0.00024700
v -0.04056900 -0.03357800 0.07054700
v -0.04056900 -0.03357800 0.00104700
v -0.04256900 -0.03357800 0.07054700
v -0.04256900 -0.03357800 0.06906700
v -0.04243000 -0.03357800 0.06860400
v -0.04238400 -0.03357800 0.06832200
v -0.04236900 -0.03357800 0.06804700
v -0.04240800 -0.03357800 0.06760300
v -0.04247300 -0.03357800 0.06731800
v -0.04256900 -0.03357800 0.06702700
v -0.04256900 -0.03357800 0.00906700
v -0.04243000 -0.03357800 0.00860400
v -0.04238400 -0.03357800 0.00832200
v -0.04236900 -0.03357800 0.00804700
v -0.04240800 -0.03357800 0.00760300
v -0.04247300 -0.03357800 0.00731800
v -0.04256900 -0.03357800 0.00702700
v -0.04256900 -0.03357800 0.00104700
v -0.04256900 0.00474700 0.06488000
v -0.04206900 0.00474700 0.06488000
v -0.04206900 0.00474700 0.05786000
v -0.04256900 0.00474700 0.05786000
v -0.04206900 -0.00970300 0.05786000
v -0.04206900 0.00474700 0.05786000
v -0.04256900 -0.00970300 0.05786000
v -0.04256900 0.00474700 0.05786000
v -0.04206900 -0.00970300 0.06488000
v -0.04256900 -0.00970300 0.06488000
v -0.04256900 -0.00970300 0.05786000
v -0.04206900 -0.00970300 0.05786000
v -0.04206900 0.00474700 0.06488000
v -0.04206900 -0.00970300 0.06488000
v -0.04256900 0.00474700 0.06488000
v -0.04256900 -0.00970300 0.06488000
v -0.04256900 -0.01155300 0.06488000
v -0.04206900 -0.01155300 0.06488000
v -0.04206900 -0.01155300 0.05786000
v -0.04256900 -0.01155300 0.05786000
v -0.04206900 -0.02600300 0.05786000
v -0.04206900 -0.01155300 0.05786000
v -0.04256900 -0.02600300 0.05786000
v -0.04256900 -0.01155300 0.05786000
v -0.04206900 -0.02600300 0.06488000
v -0.04256900 -0.02600300 0.06488000
v -0.04256900 -0.02600300 0.05786000
v -0.04206900 -0.02600300 0.05786000
v -0.04206900 -0.01155300 0.06488000
v -0.04206900 -0.02600300 0.06488000
v -0.04256900 -0.01155300 0.06488000
v -0.04256900 -0.02600300 0.06488000
v -0.04026900 -0.00807600 0.04867000
v -0.04026900 -0.00807600 0.04117000
v -0.04286400 -0.00807600 0.04117000
v -0.04286400 -0.00807600 0.04867000
v -0.04026900 -0.00607600 0.04867000
v -0.04026900 -0.00807600 0.04867000
v -0.04286400 -0.00807600 0.04867000
v -0.04286400 -0.00607600 0.04867000
v -0.04026900 -0.00607600 0.05067000
v -0.04026900 -0.00607600 0.04867000
v -0.04286400 -0.00607600 0.04867000
v -0.04286400 -0.00607600 0.05067000
v -0.04026900 0.00062400 0.05067000
v -0.04026900 -0.00607600 0.05067000
v -0.04286400 -0.00607600 0.05067000
v -0.04286400 0.00062400 0.05067000
v -0.04026900 0.00062400 0.04867000
v -0.04026900 0.00062400 0.05067000
v -0.04286400 0.00062400 0.05067000
v -0.04286400 0.00062400 0.04867000
v -0.04026900 0.00262400 0.04867000
v -0.04026900 0.00062400 0.04867000
v -0.04286400 0.00062400 0.04867000
v -0.04286400 0.00262400 0.04867000
v -0.04026900 0.00262400 0.04117000
v -0.04026900 0.00262400 0.04867000
v -0.04286400 0.00262400 0.04867000
v -0.04286400 0.00262400 0.04117000
v -0.04026900 -0.00807600 0.04117000
v -0.04026900 0.00262400 0.04117000
v -0.04286400 0.00262400 0.04117000
v -0.04286400 -0.00807600 0.04117000
v -0.04026900 -0.02177600 0.04867000
v -0.04026900 -0.02377600 0.04867000
v -0.04286400 -0.02377600 0.04867000
v -0.04286400 -0.02177600 0.04867000
v -0.04026900 -0.02177600 0.05067000
v -0.04026900 -0.02177600 0.04867000
v -0.04286400 -0.02177600 0.04867000
v -0.04286400 -0.02177600 0.05067000
v -0.04026900 -0.01507600 0.05067000
v -0.04026900 -0.02177600 0.05067000
v -0.04286400 -0.02177600 0.05067000
v -0.04286400 -0.01507600 0.05067000
v -0.04026900 -0.01507600 0.04867000
v -0.04026900 -0.01507600 0.05067000
v -0.04286400 -0.01507600 0.05067000
v -0.04286400 -0.01507600 0.04867000
v -0.04026900 -0.01307600 0.04867000
v -0.04026900 -0.01507600 0.04867000
v -0.04286400 -0.01507600 0.04867000
v -0.04286400 -0.01307600 0.04867000
v -0.04026900 -0.01307600 0.04117000
v -0.04026900 -0.01307600 0.04867000
v -0.04286400 -0.01307600 0.04867000
v -0.04286400 -0.01307600 0.04117000
v -0.04026900 -0.02377600 0.04117000
v -0.04026900 -0.01307600 0.04117000
v -0.04286400 -0.01307600 0.04117000
v -0.04286400 -0.02377600 0.04117000
v -0.04026900 -0.02377600 0.04867000
v -0.04026900 -0.02377600 0.04117000
v -0.04286400 -0.02377600 0.04117000
v -0.04286400 -0.02377600 0.04867000
v -0.04256900 0.01811000 0.06694700
v -0.04256900 0.01859100 0.06656200
v -0.04256900 0.01898600 0.06608900
v -0.04256900 0.01928000 0.06554800
v -0.04256900 0.01946100 0.06495900
v -0.04256900 0.01952200 0.06434700
v -0.04256900 0.01473400 0.06694700
v -0.04256900 0.01332200 0.06434700
v -0.04256900 0.01338300 0.06495900
v -0.04256900 0.01356400 0.06554800
v -0.04256900 0.01385800 0.06608900
v -0.04256900 0.01425300 0.06656200
v -0.04256900 0.01943200 0.06360500
v -0.04256900 0.01916700 0.06290600
v -0.04256900 0.01874200 0.06229100
v -0.04256900 0.01818300 0.06179500
v -0.04256900 0.01752100 0.06144800
v -0.04256900 0.01679500 0.06126900
v -0.04256900 0.01604800 0.06126900
v -0.04256900 0.01532200 0.06144800
v -0.04256900 0.01466100 0.06179500
v -0.04256900 0.01410100 0.06229100
v -0.04256900 0.01367700 0.06290600
v -0.04256900 0.01341200 0.06360500
v -0.04256900 0.01981600 0.01824700
v -0.04256900 0.01302800 0.01824700
v -0.04256900 0.01981600 0.03184700
v -0.04256900 0.02130700 0.03086800
v -0.04256900 0.02253000 0.02956900
v -0.04256900 0.02323300 0.02841800
v -0.04256900 0.02371900 0.02717100
v -0.04256900 0.02397800 0.02585700
v -0.04256900 0.02400300 0.02451800
v -0.04256900 0.02379300 0.02319500
v -0.04256900 0.02335400 0.02193000
v -0.04256900 0.02269900 0.02076200
v -0.04256900 0.02185000 0.01972700
v -0.04256900 0.02089400 0.01890200
v -0.04256900 0.01302800 0.03184700
v -0.04256900 0.01153600 0.01922500
v -0.04256900 0.01031400 0.02052400
v -0.04256900 0.00961100 0.02167500
v -0.04256900 0.00912500 0.02292300
v -0.04256900 0.00886500 0.02423700
v -0.04256900 0.00884000 0.02557500
v -0.04256900 0.00905100 0.02689800
v -0.04256900 0.00949000 0.02816300
v -0.04256900 0.01014500 0.02933100
v -0.04256900 0.01099400 0.03036600
v -0.04256900 0.01194900 0.03119100
v -0.04256900 0.03264400 0.07152200
v -0.04256900 0.03285600 0.07144800
v -0.04256900 0.03304500 0.07132900
v -0.04256900 0.03320400 0.07117000
v -0.04256900 0.03332300 0.07098100
v -0.04256900 0.03339700 0.07076900
v -0.04056900 0.03264400 0.07152200
v -0.04056900 0.03285600 0.07144800
v -0.04056900 0.03304500 0.07132900
v -0.04056900 0.03320400 0.07117000
v -0.04056900 0.03332300 0.07098100
v -0.04056900 0.03339700 0.07076900
v -0.04256900 -0.03355300 0.07076900
v -0.04256900 -0.03347900 0.07098100
v -0.04256900 -0.03336000 0.07117000
v -0.04256900 -0.03320200 0.07132900
v -0.04256900 -0.03301200 0.07144800
v -0.04256900 -0.03280100 0.07152200
v -0.04056900 -0.03355300 0.07076900
v -0.04056900 -0.03347900 0.07098100
v -0.04056900 -0.03336000 0.07117000
v -0.04056900 -0.03320200 0.07132900
v -0.04056900 -0.03301200 0.07144800
v -0.04056900 -0.03280100 0.07152200
v -0.04256900 0.03339500 0.00081700
v -0.04256900 0.03331600 0.00059900
v -0.04256900 0.03319000 0.00040600
v -0.04256900 0.03302200 0.00024700
v -0.04056900 0.03339500 0.00081700
v -0.04056900 0.03331600 0.00059900
v -0.04056900 0.03319000 0.00040600
v -0.04056900 0.03302200 0.00024700
v -0.04056900 -0.03317800 0.00024700
v -0.04056900 -0.03334600 0.00040600
v -0.04056900 -0.03347300 0.00059900
v -0.04056900 -0.03355100 0.00081700
v -0.04256900 -0.03317800 0.00024700
v -0.04256900 -0.03334600 0.00040600
v -0.04256900 -0.03347300 0.00059900
v -0.04256900 -0.03355100 0.00081700
v -0.04256900 0.00474700 0.05786000
v -0.04256900 0.00474700 0.06488000
v -0.04256900 -0.00970300 0.05786000
v -0.04256900 -0.00970300 0.06488000
v -0.04256900 0.00377200 0.06393000
v -0.04256900 -0.00872800 0.06393000
v -0.04256900 -0.00872800 0.05881000
v -0.04256900 0.00377200 0.05881000
v -0.04256900 -0.01155300 0.05786000
v -0.04256900 -0.01155300 0.06488000
v -0.04256900 -0.02600300 0.05786000
v -0.04256900 -0.02600300 0.06488000
v -0.04256900 -0.01252800 0.06393000
v -0.04256900 -0.02502800 0.06393000
v -0.04256900 -0.02502800 0.05881000
v -0.04256900 -0.01252800 0.05881000
v -0.04386900 0.00764700 0.02304400
v -0.04386900 0.00831300 0.02114200
v -0.04386900 0.00938500 0.01943500
v -0.04386900 0.01081000 0.01801000
v -0.04386900 0.01251700 0.01693800
v -0.04386900 0.01441900 0.01627200
v -0.04386900 0.01642200 0.01604700
v -0.04386900 0.01842400 0.01627200
v -0.04386900 0.02032700 0.01693800
v -0.04386900 0.02203300 0.01801000
v -0.04386900 0.02345800 0.01943500
v -0.04386900 0.02453000 0.02114200
v -0.04386900 0.02519600 0.02304400
v -0.04256900 0.00768300 0.02289300
v -0.04256900 0.00845300 0.02086400
v -0.04256900 0.00968500 0.01907900
v -0.04256900 0.01130900 0.01764000
v -0.04256900 0.01323000 0.01663200
v -0.04256900 0.01533700 0.01611200
v -0.04256900 0.01750700 0.01611200
v -0.04256900 0.01961300 0.01663200
v -0.04256900 0.02153400 0.01764000
v -0.04256900 0.02315800 0.01907900
v -0.04256900 0.02439100 0.02086400
v -0.04256900 0.02516000 0.02289300
v -0.04256900 0.00768200 0.04569700
v -0.04256900 0.00844900 0.04367200
v -0.04256900 0.00967700 0.04188800
v -0.04256900 0.01129300 0.04045100
v -0.04256900 0.01321100 0.03943900
v -0.04256900 0.01531100 0.03891500
v -0.04256900 0.01747800 0.03890900
v -0.04256900 0.01957900 0.03941800
v -0.04256900 0.02150400 0.04041900
v -0.04256900 0.02313000 0.04184600
v -0.04256900 0.02436900 0.04362300
v -0.04256900 0.02514700 0.04564100
v -0.04256900 0.02535300 0.04673400
v -0.04386600 0.00769000 0.04565300
v -0.04386600 0.00845100 0.04366300
v -0.04386700 0.00956500 0.04201400
v -0.04386700 0.01102900 0.04063900
v -0.04386800 0.01273200 0.03963700
v -0.04386800 0.01453700 0.03904600
v -0.04386900 0.01549200 0.03889500
v -0.04386900 0.01642200 0.03884700
v -0.04387000 0.01852200 0.03909600
v -0.04387000 0.02050600 0.03982800
v -0.04387100 0.02226500 0.04100400
v -0.04387100 0.02370000 0.04255700
v -0.04387100 0.02473400 0.04440300
v -0.04387200 0.02524600 0.04609100
v -0.04256900 -0.00872800 0.06393000
v -0.04026900 -0.00872800 0.06393000
v -0.04026900 -0.00872800 0.05881000
v -0.04256900 -0.00872800 0.05881000
v -0.04026900 0.00377200 0.06393000
v -0.04026900 -0.00872800 0.06393000
v -0.04256900 -0.00872800 0.06393000
v -0.04256900 0.00377200 0.06393000
v -0.04256900 0.00377200 0.05881000
v -0.04026900 0.00377200 0.05881000
v -0.04026900 0.00377200 0.06393000
v -0.04256900 0.00377200 0.06393000
v -0.04026900 -0.00872800 0.05881000
v -0.04026900 0.00377200 0.05881000
v -0.04256900 0.00377200 0.05881000
v -0.04256900 -0.00872800 0.05881000
v -0.04256900 -0.02502800 0.06393000
v -0.04026900 -0.02502800 0.06393000
v -0.04026900 -0.02502800 0.05881000
v -0.04256900 -0.02502800 0.05881000
v -0.04026900 -0.01252800 0.06393000
v -0.04026900 -0.02502800 0.06393000
v -0.04256900 -0.02502800 0.06393000
v -0.04256900 -0.01252800 0.06393000
v -0.04256900 -0.01252800 0.05881000
v -0.04026900 -0.01252800 0.05881000
v -0.04026900 -0.01252800 0.06393000
v -0.04256900 -0.01252800 0.06393000
v -0.04026900 -0.02502800 0.05881000
v -0.04026900 -0.01252800 0.05881000
v -0.04256900 -0.01252800 0.05881000
v -0.04256900 -0.02502800 0.05881000
v -0.04436900 0.01837700 0.01677500
v -0.04436900 0.02035100 0.01750900
v -0.04436900 0.02198000 0.01861600
v -0.04436900 0.02320300 0.01992100
v -0.04436900 0.02411400 0.02143100
v -0.04436900 0.02468000 0.02303600
v -0.04436900 0.02491200 0.02463100
v -0.04436900 0.02484400 0.02619200
v -0.04436900 0.02446200 0.02780400
v -0.04436900 0.02373500 0.02937900
v -0.04436900 0.02267300 0.03080600
v -0.04436900 0.02133000 0.03198600
v -0.04436900 0.01979900 0.03284700
v -0.04436900 0.01818900 0.03336100
v -0.04436900 0.01729400 0.03350200
v -0.04386900 0.02542200 0.02504700
v -0.04386900 0.02519600 0.02704900
v -0.04386900 0.02453000 0.02895200
v -0.04386900 0.02345800 0.03065800
v -0.04386900 0.02203300 0.03208300
v -0.04386900 0.02032700 0.03315500
v -0.04386900 0.01842400 0.03382100
v -0.04386900 0.01842400 0.01627200
v -0.04386900 0.02032700 0.01693800
v -0.04386900 0.02203300 0.01801000
v -0.04386900 0.02345800 0.01943500
v -0.04386900 0.02453000 0.02114200
v -0.04386900 0.02519600 0.02304400
v -0.04436900 0.01837700 0.03957500
v -0.04436900 0.02035100 0.04030900
v -0.04436900 0.02198000 0.04141600
v -0.04436900 0.02320300 0.04272100
v -0.04436900 0.02411400 0.04423100
v -0.04436900 0.02468000 0.04583600
v -0.04436900 0.02491200 0.04743100
v -0.04436900 0.02484400 0.04899200
v -0.04436900 0.02446200 0.05060400
v -0.04436900 0.02373500 0.05217900
v -0.04436900 0.02267300 0.05360600
v -0.04436900 0.02133000 0.05478600
v -0.04436900 0.01979900 0.05564700
v -0.04436900 0.01818900 0.05616100
v -0.04436900 0.01729400 0.05630200
v -0.04387200 0.02541900 0.04784700
v -0.04387200 0.02517000 0.04994700
v -0.04387100 0.02443800 0.05193200
v -0.04387100 0.02326400 0.05369100
v -0.04387100 0.02171100 0.05512700
v -0.04387000 0.01986500 0.05616100
v -0.04386900 0.01817700 0.05667300
v -0.04387000 0.01852200 0.03909600
v -0.04387000 0.02050600 0.03982800
v -0.04387100 0.02226500 0.04100400
v -0.04387100 0.02370000 0.04255700
v -0.04387100 0.02473400 0.04440300
v -0.04387200 0.02524600 0.04609100
v -0.04436900 0.01642200 0.03354700
v -0.04436900 0.01446600 0.03331900
v -0.04436900 0.01249300 0.03258400
v -0.04436900 0.01086400 0.03147800
v -0.04436900 0.00964100 0.03017200
v -0.04436900 0.00872900 0.02866300
v -0.04436900 0.00816300 0.02705800
v -0.04436900 0.00793200 0.02546300
v -0.04436900 0.00799900 0.02390100
v -0.04436900 0.00838100 0.02228900
v -0.04436900 0.00910800 0.02071500
v -0.04436900 0.01017100 0.01928700
v -0.04436900 0.01151300 0.01810700
v -0.04436900 0.01304400 0.01724700
v -0.04436900 0.01465400 0.01673300
v -0.04436900 0.01554900 0.01659200
v -0.04436900 0.01642200 0.01654700
v -0.04436900 0.01837700 0.01677500
v -0.04436900 0.02035100 0.01750900
v -0.04436900 0.02198000 0.01861600
v -0.04436900 0.02320300 0.01992100
v -0.04436900 0.02411400 0.02143100
v -0.04436900 0.02468000 0.02303600
v -0.04436900 0.02491200 0.02463100
v -0.04436900 0.02484400 0.02619200
v -0.04436900 0.02446200 0.02780400
v -0.04436900 0.02373500 0.02937900
v -0.04436900 0.02267300 0.03080600
v -0.04436900 0.02133000 0.03198600
v -0.04436900 0.01979900 0.03284700
v -0.04436900 0.01818900 0.03336100
v -0.04436900 0.01729400 0.03350200
v -0.04436900 0.00937300 0.02504700
v -0.04436900 0.00957800 0.02336000
v -0.04436900 0.01018100 0.02177100
v -0.04436900 0.01114600 0.02037300
v -0.04436900 0.01241800 0.01924600
v -0.04436900 0.01392200 0.01845600
v -0.04436900 0.01557200 0.01805000
v -0.04436900 0.01727100 0.01805000
v -0.04436900 0.01892100 0.01845600
v -0.04436900 0.02042600 0.01924600
v -0.04436900 0.02169800 0.02037300
v -0.04436900 0.02266300 0.02177100
v -0.04436900 0.02326500 0.02336000
v -0.04436900 0.02347000 0.02504700
v -0.04436900 0.02326500 0.02673300
v -0.04436900 0.02266300 0.02832200
v -0.04436900 0.02169800 0.02972100
v -0.04436900 0.02042600 0.03084700
v -0.04436900 0.01892100 0.03163700
v -0.04436900 0.01727100 0.03204400
v -0.04436900 0.01557200 0.03204400
v -0.04436900 0.01392200 0.03163700
v -0.04436900 0.01241800 0.03084700
v -0.04436900 0.01114600 0.02972100
v -0.04436900 0.01018100 0.02832200
v -0.04436900 0.00957800 0.02673300
v -0.04436900 0.01642200 0.05634700
v -0.04436900 0.01446600 0.05611900
v -0.04436900 0.01249300 0.05538400
v -0.04436900 0.01086400 0.05427800
v -0.04436900 0.00964100 0.05297200
v -0.04436900 0.00872900 0.05146300
v -0.04436900 0.00816300 0.04985800
v -0.04436900 0.00793200 0.04826300
v -0.04436900 0.00799900 0.04670100
v -0.04436900 0.00838100 0.04508900
v -0.04436900 0.00910800 0.04351500
v -0.04436900 0.01017100 0.04208700
v -0.04436900 0.01151300 0.04090700
v -0.04436900 0.01304400 0.04004700
v -0.04436900 0.01465400 0.03953300
v -0.04436900 0.01554900 0.03939200
v -0.04436900 0.01642200 0.03934700
v -0.04436900 0.01837700 0.03957500
v -0.04436900 0.02035100 0.04030900
v -0.04436900 0.02198000 0.04141600
v -0.04436900 0.02320300 0.04272100
v -0.04436900 0.02411400 0.04423100
v -0.04436900 0.02468000 0.04583600
v -0.04436900 0.02491200 0.04743100
v -0.04436900 0.02484400 0.04899200
v -0.04436900 0.02446200 0.05060400
v -0.04436900 0.02373500 0.05217900
v -0.04436900 0.02267300 0.05360600
v -0.04436900 0.02133000 0.05478600
v -0.04436900 0.01979900 0.05564700
v -0.04436900 0.01818900 0.05616100
v -0.04436900 0.01729400 0.05630200
v -0.04436900 0.00937300 0.04784700
v -0.04436900 0.00957800 0.04616000
v -0.04436900 0.01018100 0.04457100
v -0.04436900 0.01114600 0.04317300
v -0.04436900 0.01241800 0.04204600
v -0.04436900 0.01392200 0.04125600
v -0.04436900 0.01557200 0.04085000
v -0.04436900 0.01727100 0.04085000
v -0.04436900 0.01892100 0.04125600
v -0.04436900 0.02042600 0.04204600
v -0.04436900 0.02169800 0.04317300
v -0.04436900 0.02266300 0.04457100
v -0.04436900 0.02326500 0.04616000
v -0.04436900 0.02347000 0.04784700
v -0.04436900 0.02326500 0.04953300
v -0.04436900 0.02266300 0.05112200
v -0.04436900 0.02169800 0.05252100
v -0.04436900 0.02042600 0.05364700
v -0.04436900 0.01892100 0.05443700
v -0.04436900 0.01727100 0.05484400
v -0.04436900 0.01557200 0.05484400
v -0.04436900 0.01392200 0.05443700
v -0.04436900 0.01241800 0.05364700
v -0.04436900 0.01114600 0.05252100
v -0.04436900 0.01018100 0.05112200
v -0.04436900 0.00957800 0.04953300
v -0.04436900 0.02326500 0.02673300
v -0.04436900 0.02266300 0.02832200
v -0.04436900 0.02169800 0.02972100
v -0.04436900 0.02042600 0.03084700
v -0.04436900 0.01892100 0.03163700
v -0.04436900 0.01727100 0.03204400
v -0.04436900 0.01557200 0.03204400
v -0.04436900 0.01392200 0.03163700
v -0.04436900 0.01241800 0.03084700
v -0.04436900 0.01114600 0.02972100
v -0.04436900 0.01018100 0.02832200
v -0.04436900 0.00957800 0.02673300
v -0.04306900 0.02326500 0.02673300
v -0.04306900 0.02266300 0.02832200
v -0.04306900 0.02169800 0.02972100
v -0.04306900 0.02042600 0.03084700
v -0.04306900 0.01892100 0.03163700
v -0.04306900 0.01727100 0.03204400
v -0.04306900 0.01557200 0.03204400
v -0.04306900 0.01392200 0.03163700
v -0.04306900 0.01241800 0.03084700
v -0.04306900 0.01114600 0.02972100
v -0.04306900 0.01018100 0.02832200
v -0.04306900 0.00957800 0.02673300
v -0.04457000 -0.00726700 0.02660200
v -0.04457000 -0.00782300 0.02806700
v -0.04457000 -0.00871300 0.02935700
v -0.04457000 -0.00988600 0.03039600
v -0.04457000 -0.01127300 0.03112400
v -0.04457000 -0.01279500 0.03149900
v -0.04457000 -0.01436200 0.03149900
v -0.04457000 -0.01588300 0.03112400
v -0.04457000 -0.01727100 0.03039600
v -0.04457000 -0.01844400 0.02935700
v -0.04457000 -0.01933400 0.02806700
v -0.04457000 -0.01988900 0.02660200
v -0.04437000 -0.00726700 0.02660200
v -0.04437000 -0.00782300 0.02806700
v -0.04437000 -0.00871300 0.02935700
v -0.04437000 -0.00988600 0.03039600
v -0.04437000 -0.01127300 0.03112400
v -0.04437000 -0.01279500 0.03149900
v -0.04437000 -0.01436200 0.03149900
v -0.04437000 -0.01588300 0.03112400
v -0.04437000 -0.01727100 0.03039600
v -0.04437000 -0.01844400 0.02935700
v -0.04437000 -0.01933400 0.02806700
v -0.04437000 -0.01988900 0.02660200
v -0.04056900 0.02330400 0.04936700
v -0.04056900 0.02281400 0.05081500
v -0.04056900 0.02202400 0.05212400
v -0.04056900 0.02096900 0.05323200
v -0.04056900 0.01970100 0.05408600
v -0.04057000 0.01827800 0.05464600
v -0.04436900 0.02326500 0.04953300
v -0.04436900 0.02266300 0.05112200
v -0.04436900 0.02169800 0.05252100
v -0.04436900 0.02042600 0.05364700
v -0.04436900 0.01892100 0.05443700
v -0.04436900 0.01727100 0.05484400
v -0.04436900 0.01557200 0.05484400
v -0.04436900 0.01392200 0.05443700
v -0.04436900 0.01241800 0.05364700
v -0.04436900 0.01114600 0.05252100
v -0.04436900 0.01018100 0.05112200
v -0.04436900 0.00957800 0.04953300
v -0.04057000 0.01456500 0.05464600
v -0.04056900 0.01314300 0.05408600
v -0.04056900 0.01187400 0.05323200
v -0.04056900 0.01082000 0.05212400
v -0.04056900 0.01002900 0.05081500
v -0.04056900 0.00953900 0.04936700
v -0.04256900 0.01456700 0.05464700
v -0.04256900 0.01827600 0.05464700
v -0.04256900 0.01704600 0.05486700
v -0.04256900 0.01579700 0.05486700
v -0.04306900 0.00937300 0.02504700
v -0.04306900 0.00957800 0.02336000
v -0.04306900 0.01018100 0.02177100
v -0.04306900 0.01114600 0.02037300
v -0.04306900 0.01241800 0.01924600
v -0.04306900 0.01392200 0.01845600
v -0.04306900 0.01557200 0.01805000
v -0.04306900 0.01727100 0.01805000
v -0.04306900 0.01892100 0.01845600
v -0.04306900 0.02042600 0.01924600
v -0.04306900 0.02169800 0.02037300
v -0.04306900 0.02266300 0.02177100
v -0.04306900 0.02326500 0.02336000
v -0.04306900 0.02347000 0.02504700
v -0.04306900 0.02326500 0.02673300
v -0.04306900 0.02266300 0.02832200
v -0.04306900 0.02169800 0.02972100
v -0.04306900 0.02042600 0.03084700
v -0.04306900 0.01892100 0.03163700
v -0.04306900 0.01727100 0.03204400
v -0.04306900 0.01557200 0.03204400
v -0.04306900 0.01392200 0.03163700
v -0.04306900 0.01241800 0.03084700
v -0.04306900 0.01114600 0.02972100
v -0.04306900 0.01018100 0.02832200
v -0.04306900 0.00957800 0.02673300
v -0.04306900 0.01023100 0.02504700
v -0.04306900 0.01041100 0.02356500
v -0.04306900 0.01094000 0.02217000
v -0.04306900 0.01178800 0.02094100
v -0.04306900 0.01290500 0.01995200
v -0.04306900 0.01422600 0.01925800
v -0.04306900 0.01567600 0.01890100
v -0.04306900 0.01716800 0.01890100
v -0.04306900 0.01861700 0.01925800
v -0.04306900 0.01993900 0.01995200
v -0.04306900 0.02105600 0.02094100
v -0.04306900 0.02190300 0.02217000
v -0.04306900 0.02243300 0.02356500
v -0.04306900 0.02261300 0.02504700
v -0.04306900 0.02243300 0.02652800
v -0.04306900 0.02190300 0.02792400
v -0.04306900 0.02105600 0.02915200
v -0.04306900 0.01993900 0.03014200
v -0.04306900 0.01861700 0.03083500
v -0.04306900 0.01716800 0.03119200
v -0.04306900 0.01567600 0.03119200
v -0.04306900 0.01422600 0.03083500
v -0.04306900 0.01290500 0.03014200
v -0.04306900 0.01178800 0.02915200
v -0.04306900 0.01094000 0.02792400
v -0.04306900 0.01041100 0.02652800
v -0.04256900 0.01827600 0.05464700
v -0.04256900 0.01704600 0.05486700
v -0.04256900 0.01579700 0.05486700
v -0.04256900 0.01456700 0.05464700
v -0.04256900 0.01456700 0.05464700
v -0.04057000 0.01456500 0.05464600
v -0.04256900 0.01827600 0.05464700
v -0.04057000 0.01827800 0.05464600
v -0.04057000 0.01827800 0.05464600
v -0.04057000 0.01456500 0.05464600
v -0.04056900 0.02347000 0.04784700
v -0.04056900 0.02330400 0.04936700
v -0.04056900 0.02281400 0.05081500
v -0.04056900 0.02202400 0.05212400
v -0.04056900 0.02096900 0.05323200
v -0.04056900 0.01970100 0.05408600
v -0.04056900 0.01827600 0.04104700
v -0.04056900 0.01969900 0.04160700
v -0.04056900 0.02096800 0.04246100
v -0.04056900 0.02202300 0.04356800
v -0.04056900 0.02281400 0.04487700
v -0.04056900 0.02330400 0.04632600
v -0.04056900 0.01456700 0.04104700
v -0.04056900 0.00937300 0.04784700
v -0.04056900 0.00953900 0.04632600
v -0.04056900 0.01002900 0.04487700
v -0.04056900 0.01082000 0.04356800
v -0.04056900 0.01187500 0.04246100
v -0.04056900 0.01314400 0.04160700
v -0.04056900 0.01314300 0.05408600
v -0.04056900 0.01187400 0.05323200
v -0.04056900 0.01082000 0.05212400
v -0.04056900 0.01002900 0.05081500
v -0.04056900 0.00953900 0.04936700
v -0.04056900 0.01023100 0.04784700
v -0.04056900 0.01041100 0.04636500
v -0.04056900 0.01094000 0.04497000
v -0.04056900 0.01178800 0.04374100
v -0.04056900 0.01290500 0.04275200
v -0.04056900 0.01422600 0.04205800
v -0.04056900 0.01567600 0.04170100
v -0.04056900 0.01716800 0.04170100
v -0.04056900 0.01861700 0.04205800
v -0.04056900 0.01993900 0.04275200
v -0.04056900 0.02105600 0.04374100
v -0.04056900 0.02190300 0.04497000
v -0.04056900 0.02243300 0.04636500
v -0.04056900 0.02261300 0.04784700
v -0.04056900 0.02243300 0.04932800
v -0.04056900 0.02190300 0.05072400
v -0.04056900 0.02105600 0.05195200
v -0.04056900 0.01993900 0.05294200
v -0.04056900 0.01861700 0.05363500
v -0.04056900 0.01716800 0.05399200
v -0.04056900 0.01567600 0.05399200
v -0.04056900 0.01422600 0.05363500
v -0.04056900 0.01290500 0.05294200
v -0.04056900 0.01178800 0.05195200
v -0.04056900 0.01094000 0.05072400
v -0.04056900 0.01041100 0.04932800
v -0.04256900 0.01827600 0.04104700
v -0.04056900 0.01827600 0.04104700
v -0.04256900 0.01456700 0.04104700
v -0.04056900 0.01456700 0.04104700
v -0.04256900 0.01456700 0.04104700
v -0.04256900 0.01579700 0.04082600
v -0.04256900 0.01704600 0.04082600
v -0.04256900 0.01827600 0.04104700
v -0.04306900 0.01041100 0.02356500
v -0.04306900 0.01094000 0.02217000
v -0.04306900 0.01178800 0.02094100
v -0.04306900 0.01290500 0.01995200
v -0.04306900 0.01422600 0.01925800
v -0.04306900 0.01567600 0.01890100
v -0.04306900 0.01716800 0.01890100
v -0.04306900 0.01861700 0.01925800
v -0.04306900 0.01993900 0.01995200
v -0.04306900 0.02105600 0.02094100
v -0.04306900 0.02190300 0.02217000
v -0.04306900 0.02243300 0.02356500
v -0.04436900 0.01041100 0.02356500
v -0.04436900 0.01094000 0.02217000
v -0.04436900 0.01178800 0.02094100
v -0.04436900 0.01290500 0.01995200
v -0.04436900 0.01422600 0.01925800
v -0.04436900 0.01567600 0.01890100
v -0.04436900 0.01716800 0.01890100
v -0.04436900 0.01861700 0.01925800
v -0.04436900 0.01993900 0.01995200
v -0.04436900 0.02105600 0.02094100
v -0.04436900 0.02190300 0.02217000
v -0.04436900 0.02243300 0.02356500
v -0.04437000 -0.01911300 0.02368300
v -0.04437000 -0.01862500 0.02239800
v -0.04437000 -0.01784500 0.02126700
v -0.04437000 -0.01681600 0.02035600
v -0.04437000 -0.01559900 0.01971700
v -0.04437000 -0.01426500 0.01938800
v -0.04437000 -0.01289100 0.01938800
v -0.04437000 -0.01155700 0.01971700
v -0.04437000 -0.01034000 0.02035600
v -0.04437000 -0.00931200 0.02126700
v -0.04437000 -0.00853100 0.02239800
v -0.04437000 -0.00804400 0.02368300
v -0.04457000 -0.01911300 0.02368300
v -0.04457000 -0.01862500 0.02239800
v -0.04457000 -0.01784500 0.02126700
v -0.04457000 -0.01681600 0.02035600
v -0.04457000 -0.01559900 0.01971700
v -0.04457000 -0.01426500 0.01938800
v -0.04457000 -0.01289100 0.01938800
v -0.04457000 -0.01155700 0.01971700
v -0.04457000 -0.01034000 0.02035600
v -0.04457000 -0.00931200 0.02126700
v -0.04457000 -0.00853100 0.02239800
v -0.04457000 -0.00804400 0.02368300
v -0.04056900 0.01041100 0.04636500
v -0.04056900 0.01094000 0.04497000
v -0.04056900 0.01178800 0.04374100
v -0.04056900 0.01290500 0.04275200
v -0.04056900 0.01422600 0.04205800
v -0.04056900 0.01567600 0.04170100
v -0.04056900 0.01716800 0.04170100
v -0.04056900 0.01861700 0.04205800
v -0.04056900 0.01993900 0.04275200
v -0.04056900 0.02105600 0.04374100
v -0.04056900 0.02190300 0.04497000
v -0.04056900 0.02243300 0.04636500
v -0.04436900 0.01041100 0.04636500
v -0.04436900 0.01094000 0.04497000
v -0.04436900 0.01178800 0.04374100
v -0.04436900 0.01290500 0.04275200
v -0.04436900 0.01422600 0.04205800
v -0.04436900 0.01567600 0.04170100
v -0.04436900 0.01716800 0.04170100
v -0.04436900 0.01861700 0.04205800
v -0.04436900 0.01993900 0.04275200
v -0.04436900 0.02105600 0.04374100
v -0.04436900 0.02190300 0.04497000
v -0.04436900 0.02243300 0.04636500
v -0.04436900 0.01372400 0.02640600
v -0.04436900 0.01363500 0.02664100
v -0.04436900 0.01349200 0.02684800
v -0.04436900 0.01330400 0.02701500
v -0.04436900 0.01308200 0.02713200
v -0.04436900 0.01283800 0.02719200
v -0.04436900 0.01258600 0.02719200
v -0.04436900 0.01234200 0.02713200
v -0.04436900 0.01211900 0.02701500
v -0.04436900 0.01193100 0.02684800
v -0.04436900 0.01178800 0.02664100
v -0.04436900 0.01169900 0.02640600
v -0.04306900 0.01372400 0.02640600
v -0.04306900 0.01363500 0.02664100
v -0.04306900 0.01349200 0.02684800
v -0.04306900 0.01330400 0.02701500
v -0.04306900 0.01308200 0.02713200
v -0.04306900 0.01283800 0.02719200
v -0.04306900 0.01258600 0.02719200
v -0.04306900 0.01234200 0.02713200
v -0.04306900 0.01211900 0.02701500
v -0.04306900 0.01193100 0.02684800
v -0.04306900 0.01178800 0.02664100
v -0.04306900 0.01169900 0.02640600
v -0.04436900 0.01632400 0.02158600
v -0.04436900 0.01623500 0.02182100
v -0.04436900 0.01609200 0.02202800
v -0.04436900 0.01590400 0.02219500
v -0.04436900 0.01568200 0.02231200
v -0.04436900 0.01543700 0.02237200
v -0.04436900 0.01518600 0.02237200
v -0.04436900 0.01494200 0.02231200
v -0.04436900 0.01471900 0.02219500
v -0.04436900 0.01453100 0.02202800
v -0.04436900 0.01438800 0.02182100
v -0.04436900 0.01429900 0.02158600
v -0.04306900 0.01632400 0.02158600
v -0.04306900 0.01623500 0.02182100
v -0.04306900 0.01609200 0.02202800
v -0.04306900 0.01590400 0.02219500
v -0.04306900 0.01568200 0.02231200
v -0.04306900 0.01543700 0.02237200
v -0.04306900 0.01518600 0.02237200
v -0.04306900 0.01494200 0.02231200
v -0.04306900 0.01471900 0.02219500
v -0.04306900 0.01453100 0.02202800
v -0.04306900 0.01438800 0.02182100
v -0.04306900 0.01429900 0.02158600
v -0.04436900 0.02114400 0.02418600
v -0.04436900 0.02105500 0.02442100
v -0.04436900 0.02091200 0.02462800
v -0.04436900 0.02072400 0.02479500
v -0.04436900 0.02050100 0.02491200
v -0.04436900 0.02025700 0.02497200
v -0.04436900 0.02000600 0.02497200
v -0.04436900 0.01976200 0.02491200
v -0.04436900 0.01953900 0.02479500
v -0.04436900 0.01935100 0.02462800
v -0.04436900 0.01920800 0.02442100
v -0.04436900 0.01911900 0.02418600
v -0.04306900 0.02114400 0.02418600
v -0.04306900 0.02105500 0.02442100
v -0.04306900 0.02091200 0.02462800
v -0.04306900 0.02072400 0.02479500
v -0.04306900 0.02050100 0.02491200
v -0.04306900 0.02025700 0.02497200
v -0.04306900 0.02000600 0.02497200
v -0.04306900 0.01976200 0.02491200
v -0.04306900 0.01953900 0.02479500
v -0.04306900 0.01935100 0.02462800
v -0.04306900 0.01920800 0.02442100
v -0.04306900 0.01911900 0.02418600
v -0.04436900 0.01854400 0.02900600
v -0.04436900 0.01845500 0.02924100
v -0.04436900 0.01831200 0.02944800
v -0.04436900 0.01812400 0.02961500
v -0.04436900 0.01790200 0.02973200
v -0.04436900 0.01765700 0.02979200
v -0.04436900 0.01740600 0.02979200
v -0.04436900 0.01716200 0.02973200
v -0.04436900 0.01693900 0.02961500
v -0.04436900 0.01675100 0.02944800
v -0.04436900 0.01660800 0.02924100
v -0.04436900 0.01651900 0.02900600
v -0.04306900 0.01854400 0.02900600
v -0.04306900 0.01845500 0.02924100
v -0.04306900 0.01831200 0.02944800
v -0.04306900 0.01812400 0.02961500
v -0.04306900 0.01790200 0.02973200
v -0.04306900 0.01765700 0.02979200
v -0.04306900 0.01740600 0.02979200
v -0.04306900 0.01716200 0.02973200
v -0.04306900 0.01693900 0.02961500
v -0.04306900 0.01675100 0.02944800
v -0.04306900 0.01660800 0.02924100
v -0.04306900 0.01651900 0.02900600
v -0.04436900 0.01372400 0.04920600
v -0.04436900 0.01363500 0.04944100
v -0.04436900 0.01349200 0.04964800
v -0.04436900 0.01330400 0.04981500
v -0.04436900 0.01308200 0.04993200
v -0.04436900 0.01283800 0.04999200
v -0.04436900 0.01258600 0.04999200
v -0.04436900 0.01234200 0.04993200
v -0.04436900 0.01211900 0.04981500
v -0.04436900 0.01193100 0.04964800
v -0.04436900 0.01178800 0.04944100
v -0.04436900 0.01169900 0.04920600
v -0.04056900 0.01372400 0.04920600
v -0.04056900 0.01363500 0.04944100
v -0.04056900 0.01349200 0.04964800
v -0.04056900 0.01330400 0.04981500
v -0.04056900 0.01308200 0.04993200
v -0.04056900 0.01283800 0.04999200
v -0.04056900 0.01258600 0.04999200
v -0.04056900 0.01234200 0.04993200
v -0.04056900 0.01211900 0.04981500
v -0.04056900 0.01193100 0.04964800
v -0.04056900 0.01178800 0.04944100
v -0.04056900 0.01169900 0.04920600
v -0.04436900 0.01632400 0.04438600
v -0.04436900 0.01623500 0.04462100
v -0.04436900 0.01609200 0.04482800
v -0.04436900 0.01590400 0.04499500
v -0.04436900 0.01568200 0.04511200
v -0.04436900 0.01543700 0.04517200
v -0.04436900 0.01518600 0.04517200
v -0.04436900 0.01494200 0.04511200
v -0.04436900 0.01471900 0.04499500
v -0.04436900 0.01453100 0.04482800
v -0.04436900 0.01438800 0.04462100
v -0.04436900 0.01429900 0.04438600
v -0.04056900 0.01632400 0.04438600
v -0.04056900 0.01623500 0.04462100
v -0.04056900 0.01609200 0.04482800
v -0.04056900 0.01590400 0.04499500
v -0.04056900 0.01568200 0.04511200
v -0.04056900 0.01543700 0.04517200
v -0.04056900 0.01518600 0.04517200
v -0.04056900 0.01494200 0.04511200
v -0.04056900 0.01471900 0.04499500
v -0.04056900 0.01453100 0.04482800
v -0.04056900 0.01438800 0.04462100
v -0.04056900 0.01429900 0.04438600
v -0.04436900 0.02114400 0.04698600
v -0.04436900 0.02105500 0.04722100
v -0.04436900 0.02091200 0.04742800
v -0.04436900 0.02072400 0.04759500
v -0.04436900 0.02050100 0.04771200
v -0.04436900 0.02025700 0.04777200
v -0.04436900 0.02000600 0.04777200
v -0.04436900 0.01976200 0.04771200
v -0.04436900 0.01953900 0.04759500
v -0.04436900 0.01935100 0.04742800
v -0.04436900 0.01920800 0.04722100
v -0.04436900 0.01911900 0.04698600
v -0.04056900 0.02114400 0.04698600
v -0.04056900 0.02105500 0.04722100
v -0.04056900 0.02091200 0.04742800
v -0.04056900 0.02072400 0.04759500
v -0.04056900 0.02050100 0.04771200
v -0.04056900 0.02025700 0.04777200
v -0.04056900 0.02000600 0.04777200
v -0.04056900 0.01976200 0.04771200
v -0.04056900 0.01953900 0.04759500
v -0.04056900 0.01935100 0.04742800
v -0.04056900 0.01920800 0.04722100
v -0.04056900 0.01911900 0.04698600
v -0.04436900 0.01854400 0.05180600
v -0.04436900 0.01845500 0.05204100
v -0.04436900 0.01831200 0.05224800
v -0.04436900 0.01812400 0.05241500
v -0.04436900 0.01790200 0.05253200
v -0.04436900 0.01765700 0.05259200
v -0.04436900 0.01740600 0.05259200
v -0.04436900 0.01716200 0.05253200
v -0.04436900 0.01693900 0.05241500
v -0.04436900 0.01675100 0.05224800
v -0.04436900 0.01660800 0.05204100
v -0.04436900 0.01651900 0.05180600
v -0.04056900 0.01854400 0.05180600
v -0.04056900 0.01845500 0.05204100
v -0.04056900 0.01831200 0.05224800
v -0.04056900 0.01812400 0.05241500
v -0.04056900 0.01790200 0.05253200
v -0.04056900 0.01765700 0.05259200
v -0.04056900 0.01740600 0.05259200
v -0.04056900 0.01716200 0.05253200
v -0.04056900 0.01693900 0.05241500
v -0.04056900 0.01675100 0.05224800
v -0.04056900 0.01660800 0.05204100
v -0.04056900 0.01651900 0.05180600
v -0.04306900 0.01166900 0.02615700
v -0.04306900 0.01169900 0.02590700
v -0.04306900 0.01178800 0.02567200
v -0.04306900 0.01193100 0.02546500
v -0.04306900 0.01211900 0.02529800
v -0.04306900 0.01234200 0.02518200
v -0.04306900 0.01258600 0.02512100
v -0.04306900 0.01283800 0.02512100
v -0.04306900 0.01308200 0.02518200
v -0.04306900 0.01330400 0.02529800
v -0.04306900 0.01349200 0.02546500
v -0.04306900 0.01363500 0.02567200
v -0.04306900 0.01372400 0.02590700
v -0.04306900 0.01375500 0.02615700
v -0.04306900 0.01372400 0.02640600
v -0.04306900 0.01363500 0.02664100
v -0.04306900 0.01349200 0.02684800
v -0.04306900 0.01330400 0.02701500
v -0.04306900 0.01308200 0.02713200
v -0.04306900 0.01283800 0.02719200
v -0.04306900 0.01258600 0.02719200
v -0.04306900 0.01234200 0.02713200
v -0.04306900 0.01211900 0.02701500
v -0.04306900 0.01193100 0.02684800
v -0.04306900 0.01178800 0.02664100
v -0.04306900 0.01169900 0.02640600
v -0.04306900 0.01426900 0.02133700
v -0.04306900 0.01429900 0.02108700
v -0.04306900 0.01438800 0.02085200
v -0.04306900 0.01453100 0.02064500
v -0.04306900 0.01471900 0.02047900
v -0.04306900 0.01494200 0.02036200
v -0.04306900 0.01518600 0.02030200
v -0.04306900 0.01543700 0.02030200
v -0.04306900 0.01568200 0.02036200
v -0.04306900 0.01590400 0.02047900
v -0.04306900 0.01609200 0.02064500
v -0.04306900 0.01623500 0.02085200
v -0.04306900 0.01632400 0.02108700
v -0.04306900 0.01635500 0.02133700
v -0.04306900 0.01632400 0.02158600
v -0.04306900 0.01623500 0.02182100
v -0.04306900 0.01609200 0.02202800
v -0.04306900 0.01590400 0.02219500
v -0.04306900 0.01568200 0.02231200
v -0.04306900 0.01543700 0.02237200
v -0.04306900 0.01518600 0.02237200
v -0.04306900 0.01494200 0.02231200
v -0.04306900 0.01471900 0.02219500
v -0.04306900 0.01453100 0.02202800
v -0.04306900 0.01438800 0.02182100
v -0.04306900 0.01429900 0.02158600
v -0.04306900 0.01908900 0.02393700
v -0.04306900 0.01911900 0.02368700
v -0.04306900 0.01920800 0.02345200
v -0.04306900 0.01935100 0.02324500
v -0.04306900 0.01953900 0.02307900
v -0.04306900 0.01976200 0.02296200
v -0.04306900 0.02000600 0.02290200
v -0.04306900 0.02025700 0.02290200
v -0.04306900 0.02050100 0.02296200
v -0.04306900 0.02072400 0.02307900
v -0.04306900 0.02091200 0.02324500
v -0.04306900 0.02105500 0.02345200
v -0.04306900 0.02114400 0.02368700
v -0.04306900 0.02117400 0.02393700
v -0.04306900 0.02114400 0.02418600
v -0.04306900 0.02105500 0.02442100
v -0.04306900 0.02091200 0.02462800
v -0.04306900 0.02072400 0.02479500
v -0.04306900 0.02050100 0.02491200
v -0.04306900 0.02025700 0.02497200
v -0.04306900 0.02000600 0.02497200
v -0.04306900 0.01976200 0.02491200
v -0.04306900 0.01953900 0.02479500
v -0.04306900 0.01935100 0.02462800
v -0.04306900 0.01920800 0.02442100
v -0.04306900 0.01911900 0.02418600
v -0.04306900 0.01648900 0.02875700
v -0.04306900 0.01651900 0.02850700
v -0.04306900 0.01660800 0.02827200
v -0.04306900 0.01675100 0.02806500
v -0.04306900 0.01693900 0.02789800
v -0.04306900 0.01716200 0.02778200
v -0.04306900 0.01740600 0.02772100
v -0.04306900 0.01765700 0.02772100
v -0.04306900 0.01790200 0.02778200
v -0.04306900 0.01812400 0.02789800
v -0.04306900 0.01831200 0.02806500
v -0.04306900 0.01845500 0.02827200
v -0.04306900 0.01854400 0.02850700
v -0.04306900 0.01857500 0.02875700
v -0.04306900 0.01854400 0.02900600
v -0.04306900 0.01845500 0.02924100
v -0.04306900 0.01831200 0.02944800
v -0.04306900 0.01812400 0.02961500
v -0.04306900 0.01790200 0.02973200
v -0.04306900 0.01765700 0.02979200
v -0.04306900 0.01740600 0.02979200
v -0.04306900 0.01716200 0.02973200
v -0.04306900 0.01693900 0.02961500
v -0.04306900 0.01675100 0.02944800
v -0.04306900 0.01660800 0.02924100
v -0.04306900 0.01651900 0.02900600
v -0.04056900 0.01166900 0.04895700
v -0.04056900 0.01169900 0.04870700
v -0.04056900 0.01178800 0.04847200
v -0.04056900 0.01193100 0.04826500
v -0.04056900 0.01211900 0.04809800
v -0.04056900 0.01234200 0.04798200
v -0.04056900 0.01258600 0.04792100
v -0.04056900 0.01283800 0.04792100
v -0.04056900 0.01308200 0.04798200
v -0.04056900 0.01330400 0.04809800
v -0.04056900 0.01349200 0.04826500
v -0.04056900 0.01363500 0.04847200
v -0.04056900 0.01372400 0.04870700
v -0.04056900 0.01375500 0.04895700
v -0.04056900 0.01372400 0.04920600
v -0.04056900 0.01363500 0.04944100
v -0.04056900 0.01349200 0.04964800
v -0.04056900 0.01330400 0.04981500
v -0.04056900 0.01308200 0.04993200
v -0.04056900 0.01283800 0.04999200
v -0.04056900 0.01258600 0.04999200
v -0.04056900 0.01234200 0.04993200
v -0.04056900 0.01211900 0.04981500
v -0.04056900 0.01193100 0.04964800
v -0.04056900 0.01178800 0.04944100
v -0.04056900 0.01169900 0.04920600
v -0.04056900 0.01426900 0.04413700
v -0.04056900 0.01429900 0.04388700
v -0.04056900 0.01438800 0.04365200
v -0.04056900 0.01453100 0.04344500
v -0.04056900 0.01471900 0.04327900
v -0.04056900 0.01494200 0.04316200
v -0.04056900 0.01518600 0.04310200
v -0.04056900 0.01543700 0.04310200
v -0.04056900 0.01568200 0.04316200
v -0.04056900 0.01590400 0.04327900
v -0.04056900 0.01609200 0.04344500
v -0.04056900 0.01623500 0.04365200
v -0.04056900 0.01632400 0.04388700
v -0.04056900 0.01635500 0.04413700
v -0.04056900 0.01632400 0.04438600
v -0.04056900 0.01623500 0.04462100
v -0.04056900 0.01609200 0.04482800
v -0.04056900 0.01590400 0.04499500
v -0.04056900 0.01568200 0.04511200
v -0.04056900 0.01543700 0.04517200
v -0.04056900 0.01518600 0.04517200
v -0.04056900 0.01494200 0.04511200
v -0.04056900 0.01471900 0.04499500
v -0.04056900 0.01453100 0.04482800
v -0.04056900 0.01438800 0.04462100
v -0.04056900 0.01429900 0.04438600
v -0.04056900 0.01908900 0.04673700
v -0.04056900 0.01911900 0.04648700
v -0.04056900 0.01920800 0.04625200
v -0.04056900 0.01935100 0.04604500
v -0.04056900 0.01953900 0.04587900
v -0.04056900 0.01976200 0.04576200
v -0.04056900 0.02000600 0.04570200
v -0.04056900 0.02025700 0.04570200
v -0.04056900 0.02050100 0.04576200
v -0.04056900 0.02072400 0.04587900
v -0.04056900 0.02091200 0.04604500
v -0.04056900 0.02105500 0.04625200
v -0.04056900 0.02114400 0.04648700
v -0.04056900 0.02117400 0.04673700
v -0.04056900 0.02114400 0.04698600
v -0.04056900 0.02105500 0.04722100
v -0.04056900 0.02091200 0.04742800
v -0.04056900 0.02072400 0.04759500
v -0.04056900 0.02050100 0.04771200
v -0.04056900 0.02025700 0.04777200
v -0.04056900 0.02000600 0.04777200
v -0.04056900 0.01976200 0.04771200
v -0.04056900 0.01953900 0.04759500
v -0.04056900 0.01935100 0.04742800
v -0.04056900 0.01920800 0.04722100
v -0.04056900 0.01911900 0.04698600
v -0.04056900 0.01648900 0.05155700
v -0.04056900 0.01651900 0.05130700
v -0.04056900 0.01660800 0.05107200
v -0.04056900 0.01675100 0.05086500
v -0.04056900 0.01693900 0.05069800
v -0.04056900 0.01716200 0.05058200
v -0.04056900 0.01740600 0.05052100
v -0.04056900 0.01765700 0.05052100
v -0.04056900 0.01790200 0.05058200
v -0.04056900 0.01812400 0.05069800
v -0.04056900 0.01831200 0.05086500
v -0.04056900 0.01845500 0.05107200
v -0.04056900 0.01854400 0.05130700
v -0.04056900 0.01857500 0.05155700
v -0.04056900 0.01854400 0.05180600
v -0.04056900 0.01845500 0.05204100
v -0.04056900 0.01831200 0.05224800
v -0.04056900 0.01812400 0.05241500
v -0.04056900 0.01790200 0.05253200
v -0.04056900 0.01765700 0.05259200
v -0.04056900 0.01740600 0.05259200
v -0.04056900 0.01716200 0.05253200
v -0.04056900 0.01693900 0.05241500
v -0.04056900 0.01675100 0.05224800
v -0.04056900 0.01660800 0.05204100
v -0.04056900 0.01651900 0.05180600
v -0.05156900 0.01486100 0.06803000
v -0.05156900 0.01433100 0.06775700
v -0.05156900 0.01384800 0.06740900
v -0.05156900 0.01342200 0.06699200
v -0.05156900 0.01486100 0.06734700
v -0.05156900 0.01942200 0.06699200
v -0.05156900 0.01798200 0.06734700
v -0.05156900 0.01798200 0.06803000
v -0.05156900 0.01899600 0.06740900
v -0.05156900 0.01851200 0.06775700
v -0.05456800 0.01142200 0.07334700
v -0.05354200 0.01152800 0.07334700
v -0.05249800 0.01187100 0.07334700
v -0.05151800 0.01246100 0.07334700
v -0.05068600 0.01327100 0.07334700
v -0.05007000 0.01423900 0.07334700
v -0.04970100 0.01528100 0.07334700
v -0.04957000 0.01631300 0.07334700
v -0.04965300 0.01733400 0.07334700
v -0.04996800 0.01838000 0.07334700
v -0.05053100 0.01937100 0.07334700
v -0.05132000 0.02022300 0.07334700
v -0.05227500 0.02086500 0.07334700
v -0.05331300 0.02126100 0.07334700
v -0.05395000 0.02138300 0.07334700
v -0.05456900 0.02142200 0.07334700
v -0.05559500 0.02131500 0.07334700
v -0.05664000 0.02097300 0.07334700
v -0.05762000 0.02038300 0.07334700
v -0.05845100 0.01957200 0.07334700
v -0.05906700 0.01860400 0.07334700
v -0.05943700 0.01756300 0.07334700
v -0.05956800 0.01653100 0.07334700
v -0.05948500 0.01551000 0.07334700
v -0.05917000 0.01446400 0.07334700
v -0.05860600 0.01347200 0.07334700
v -0.05781700 0.01262100 0.07334700
v -0.05686200 0.01197900 0.07334700
v -0.05582500 0.01158200 0.07334700
v -0.05518800 0.01146000 0.07334700
v -0.05118700 0.01642200 0.07334700
v -0.05128500 0.01723100 0.07334700
v -0.05157400 0.01799300 0.07334700
v -0.05203800 0.01866400 0.07334700
v -0.05264800 0.01920500 0.07334700
v -0.05337000 0.01958400 0.07334700
v -0.05416100 0.01977900 0.07334700
v -0.05497600 0.01977900 0.07334700
v -0.05576800 0.01958400 0.07334700
v -0.05649000 0.01920500 0.07334700
v -0.05710000 0.01866400 0.07334700
v -0.05756300 0.01799300 0.07334700
v -0.05785200 0.01723100 0.07334700
v -0.05795000 0.01642200 0.07334700
v -0.05785200 0.01561200 0.07334700
v -0.05756300 0.01485000 0.07334700
v -0.05710000 0.01417900 0.07334700
v -0.05649000 0.01363900 0.07334700
v -0.05576800 0.01326000 0.07334700
v -0.05497600 0.01306500 0.07334700
v -0.05416100 0.01306500 0.07334700
v -0.05337000 0.01326000 0.07334700
v -0.05264800 0.01363900 0.07334700
v -0.05203800 0.01417900 0.07334700
v -0.05157400 0.01485000 0.07334700
v -0.05128500 0.01561200 0.07334700
v -0.05300800 0.01342200 0.06734700
v -0.05243300 0.01380000 0.06734700
v -0.05194700 0.01428600 0.06734700
v -0.05156900 0.01486100 0.06734700
v -0.05156900 0.01342200 0.06699200
v -0.05612900 0.01342200 0.06734700
v -0.05300800 0.01342200 0.06734700
v -0.05537200 0.01313700 0.06734700
v -0.05456900 0.01304000 0.06734700
v -0.05376500 0.01313700 0.06734700
v -0.05756900 0.01342200 0.06734700
v -0.05612900 0.01342200 0.06734700
v -0.05756900 0.01486100 0.06734700
v -0.05719100 0.01428600 0.06734700
v -0.05670400 0.01380000 0.06734700
v -0.05756900 0.01798200 0.06734700
v -0.05756900 0.01942200 0.06734700
v -0.05612900 0.01942200 0.06734700
v -0.05670400 0.01904400 0.06734700
v -0.05719100 0.01855700 0.06734700
v -0.05300800 0.01942200 0.06734700
v -0.05612900 0.01942200 0.06734700
v -0.05376500 0.01970700 0.06734700
v -0.05456900 0.01980300 0.06734700
v -0.05537200 0.01970700 0.06734700
v -0.05156900 0.01798200 0.06734700
v -0.05194700 0.01855700 0.06734700
v -0.05243300 0.01904400 0.06734700
v -0.05300800 0.01942200 0.06734700
v -0.05156900 0.01942200 0.06699200
v -0.05756900 0.01486100 0.06734700
v -0.05756900 0.01798200 0.06734700
v -0.05777900 0.01535900 0.06734700
v -0.05790700 0.01588300 0.06734700
v -0.05795000 0.01642200 0.06734700
v -0.05790700 0.01696000 0.06734700
v -0.05777900 0.01748500 0.06734700
v -0.03133900 -0.00773600 0.13854700
v -0.02860300 -0.01494900 0.13854700
v -0.02422100 -0.02129800 0.13854700
v -0.01844700 -0.02641400 0.13854700
v -0.01161600 -0.02999900 0.13854700
v -0.00412600 -0.03184500 0.13854700
v 0.00358800 -0.03184500 0.13854700
v 0.01107900 -0.02999900 0.13854700
v 0.01790900 -0.02641400 0.13854700
v 0.02368400 -0.02129800 0.13854700
v 0.02806600 -0.01494900 0.13854700
v 0.03080100 -0.00773600 0.13854700
v -0.03133900 -0.00773600 0.12854700
v -0.02860300 -0.01494900 0.12854700
v -0.02422100 -0.02129800 0.12854700
v -0.01844700 -0.02641400 0.12854700
v -0.01161600 -0.02999900 0.12854700
v -0.00412600 -0.03184500 0.12854700
v 0.00358800 -0.03184500 0.12854700
v 0.01107900 -0.02999900 0.12854700
v 0.01790900 -0.02641400 0.12854700
v 0.02368400 -0.02129800 0.12854700
v 0.02806600 -0.01494900 0.12854700
v 0.03080100 -0.00773600 0.12854700
v -0.03226900 -0.00007800 0.12854700
v -0.03133900 -0.00773600 0.12854700
v -0.02860300 -0.01494900 0.12854700
v -0.02422100 -0.02129800 0.12854700
v -0.01844700 -0.02641400 0.12854700
v -0.01161600 -0.02999900 0.12854700
v -0.00412600 -0.03184500 0.12854700
v 0.00358800 -0.03184500 0.12854700
v 0.01107900 -0.02999900 0.12854700
v 0.01790900 -0.02641400 0.12854700
v 0.02368400 -0.02129800 0.12854700
v 0.02806600 -0.01494900 0.12854700
v 0.03080100 -0.00773600 0.12854700
v 0.03173100 -0.00007800 0.12854700
v 0.03080100 0.00758000 0.12854700
v 0.02806600 0.01479300 0.12854700
v 0.02368400 0.02114200 0.12854700
v 0.01790900 0.02625700 0.12854700
v 0.01107900 0.02984200 0.12854700
v 0.00358800 0.03168800 0.12854700
v -0.00412600 0.03168800 0.12854700
v -0.01161600 0.02984200 0.12854700
v -0.01844700 0.02625700 0.12854700
v -0.02422100 0.02114200 0.12854700
v -0.02860300 0.01479300 0.12854700
v -0.03133900 0.00758000 0.12854700
v -0.04125700 -0.00107800 0.13554700
v -0.04096900 -0.00107800 0.13554700
v -0.04096900 -0.00107800 0.13854700
v -0.04125700 -0.00107800 0.13854700
v -0.04096900 -0.00107800 0.13554700
v -0.04096900 0.00092200 0.13554700
v -0.04096900 0.00092200 0.13854700
v -0.04096900 -0.00107800 0.13854700
v -0.04096900 0.00092200 0.13854700
v -0.04125700 0.00092200 0.13854700
v -0.04096900 0.00092200 0.13554700
v -0.04125700 0.00092200 0.13554700
v -0.04118600 -0.03683100 0.00004700
v -0.04146400 -0.03643300 0.00004700
v -0.04163900 -0.03597800 0.00004700
v -0.04169800 -0.03549500 0.00004700
v -0.04165200 -0.03507100 0.00004700
v -0.04151800 -0.03466700 0.00004700
v -0.04130100 -0.03430000 0.00004700
v -0.04101100 -0.03398700 0.00004700
v -0.04066200 -0.03374300 0.00004700
v -0.04026900 -0.03357800 0.00004700
v -0.04026900 0.03342200 0.00004700
v -0.04066200 0.03358600 0.00004700
v -0.04101100 0.03383000 0.00004700
v -0.04130100 0.03414300 0.00004700
v -0.04151800 0.03451000 0.00004700
v -0.04165200 0.03491500 0.00004700
v -0.04169800 0.03533900 0.00004700
v -0.04163900 0.03582200 0.00004700
v -0.04146400 0.03627600 0.00004700
v -0.04118600 0.03667500 0.00004700
v -0.03175200 0.04502000 0.00004700
v -0.02066700 0.05099900 0.00004700
v -0.00851200 0.05430000 0.00004700
v 0.00407400 0.05475000 0.00004700
v 0.01643300 0.05232400 0.00004700
v 0.02791600 0.04715100 0.00004700
v 0.03792200 0.03950100 0.00004700
v 0.04592400 0.02977500 0.00004700
v 0.05150400 0.01848400 0.00004700
v 0.05436900 0.00621900 0.00004700
v 0.05436900 -0.00637600 0.00004700
v 0.05150400 -0.01864000 0.00004700
v 0.04592400 -0.02993100 0.00004700
v 0.03792200 -0.03965700 0.00004700
v 0.02791600 -0.04730700 0.00004700
v 0.01643300 -0.05248100 0.00004700
v 0.00407400 -0.05490600 0.00004700
v -0.00851200 -0.05445700 0.00004700
v -0.02066700 -0.05115600 0.00004700
v -0.03175200 -0.04517600 0.00004700
v 0.03248500 -0.03028900 0.00004700
v 0.03258000 -0.02951100 0.00004700
v 0.03285800 -0.02877900 0.00004700
v 0.03330300 -0.02813400 0.00004700
v 0.03388900 -0.02761500 0.00004700
v 0.03458300 -0.02725000 0.00004700
v 0.03534400 -0.02706300 0.00004700
v 0.03612700 -0.02706300 0.00004700
v 0.03688800 -0.02725000 0.00004700
v 0.03758200 -0.02761500 0.00004700
v 0.03816800 -0.02813400 0.00004700
v 0.03861300 -0.02877900 0.00004700
v 0.03889100 -0.02951100 0.00004700
v 0.03898500 -0.03028900 0.00004700
v 0.03889100 -0.03106700 0.00004700
v 0.03861300 -0.03180000 0.00004700
v 0.03816800 -0.03244400 0.00004700
v 0.03758200 -0.03296400 0.00004700
v 0.03688800 -0.03332800 0.00004700
v 0.03612700 -0.03351600 0.00004700
v 0.03534400 -0.03351600 0.00004700
v 0.03458300 -0.03332800 0.00004700
v 0.03388900 -0.03296400 0.00004700
v 0.03330300 -0.03244400 0.00004700
v 0.03285800 -0.03180000 0.00004700
v 0.03258000 -0.03106700 0.00004700
v -0.02701900 0.04062500 0.00004700
v -0.02692400 0.04140300 0.00004700
v -0.02664600 0.04213500 0.00004700
v -0.02620100 0.04278000 0.00004700
v -0.02561500 0.04330000 0.00004700
v -0.02492100 0.04366400 0.00004700
v -0.02416000 0.04385100 0.00004700
v -0.02337700 0.04385100 0.00004700
v -0.02261600 0.04366400 0.00004700
v -0.02192300 0.04330000 0.00004700
v -0.02133600 0.04278000 0.00004700
v -0.02089100 0.04213500 0.00004700
v -0.02061300 0.04140300 0.00004700
v -0.02051900 0.04062500 0.00004700
v -0.02061300 0.03984700 0.00004700
v -0.02089100 0.03911500 0.00004700
v -0.02133600 0.03847000 0.00004700
v -0.02192300 0.03795000 0.00004700
v -0.02261600 0.03758600 0.00004700
v -0.02337700 0.03739900 0.00004700
v -0.02416000 0.03739900 0.00004700
v -0.02492100 0.03758600 0.00004700
v -0.02561500 0.03795000 0.00004700
v -0.02620100 0.03847000 0.00004700
v -0.02664600 0.03911500 0.00004700
v -0.02692400 0.03984700 0.00004700
v -0.02701900 -0.04078100 0.00004700
v -0.02692400 -0.04000400 0.00004700
v -0.02664600 -0.03927100 0.00004700
v -0.02620100 -0.03862600 0.00004700
v -0.02561500 -0.03810700 0.00004700
v -0.02492100 -0.03774300 0.00004700
v -0.02416000 -0.03755500 0.00004700
v -0.02337700 -0.03755500 0.00004700
v -0.02261600 -0.03774300 0.00004700
v -0.02192300 -0.03810700 0.00004700
v -0.02133600 -0.03862600 0.00004700
v -0.02089100 -0.03927100 0.00004700
v -0.02061300 -0.04000400 0.00004700
v -0.02051900 -0.04078100 0.00004700
v -0.02061300 -0.04155900 0.00004700
v -0.02089100 -0.04229200 0.00004700
v -0.02133600 -0.04293700 0.00004700
v -0.02192300 -0.04345600 0.00004700
v -0.02261600 -0.04382000 0.00004700
v -0.02337700 -0.04400800 0.00004700
v -0.02416000 -0.04400800 0.00004700
v -0.02492100 -0.04382000 0.00004700
v -0.02561500 -0.04345600 0.00004700
v -0.02620100 -0.04293700 0.00004700
v -0.02664600 -0.04229200 0.00004700
v -0.02692400 -0.04155900 0.00004700
v 0.00223100 0.04792200 0.00004700
v 0.00223100 0.04592200 0.00004700
v -0.00276900 0.04792200 0.00004700
v -0.00269600 0.04852000 0.00004700
v -0.00248200 0.04908400 0.00004700
v -0.00214000 0.04958000 0.00004700
v -0.00168900 0.04997900 0.00004700
v -0.00115500 0.05025900 0.00004700
v -0.00057000 0.05040400 0.00004700
v 0.00003300 0.05040400 0.00004700
v 0.00061800 0.05025900 0.00004700
v 0.00115100 0.04997900 0.00004700
v 0.00160300 0.04958000 0.00004700
v 0.00194500 0.04908400 0.00004700
v 0.00215900 0.04852000 0.00004700
v -0.00276900 0.04592200 0.00004700
v 0.00215900 0.04532300 0.00004700
v 0.00194500 0.04476000 0.00004700
v 0.00160300 0.04426400 0.00004700
v 0.00115100 0.04386400 0.00004700
v 0.00061800 0.04358400 0.00004700
v 0.00003300 0.04344000 0.00004700
v -0.00057000 0.04344000 0.00004700
v -0.00115500 0.04358400 0.00004700
v -0.00168900 0.04386400 0.00004700
v -0.00214000 0.04426400 0.00004700
v -0.00248200 0.04476000 0.00004700
v -0.00269600 0.04532300 0.00004700
v 0.03248500 0.03013300 0.00004700
v 0.03258000 0.03091100 0.00004700
v 0.03285800 0.03164300 0.00004700
v 0.03330300 0.03228800 0.00004700
v 0.03388900 0.03280700 0.00004700
v 0.03458300 0.03317200 0.00004700
v 0.03534400 0.03335900 0.00004700
v 0.03612700 0.03335900 0.00004700
v 0.03688800 0.03317200 0.00004700
v 0.03758200 0.03280700 0.00004700
v 0.03816800 0.03228800 0.00004700
v 0.03861300 0.03164300 0.00004700
v 0.03889100 0.03091100 0.00004700
v 0.03898500 0.03013300 0.00004700
v 0.03889100 0.02935500 0.00004700
v 0.03861300 0.02862200 0.00004700
v 0.03816800 0.02797800 0.00004700
v 0.03758200 0.02745800 0.00004700
v 0.03688800 0.02709400 0.00004700
v 0.03612700 0.02690600 0.00004700
v 0.03534400 0.02690600 0.00004700
v 0.03458300 0.02709400 0.00004700
v 0.03388900 0.02745800 0.00004700
v 0.03330300 0.02797800 0.00004700
v 0.03285800 0.02862200 0.00004700
v 0.03258000 0.02935500 0.00004700
v -0.00276900 -0.04707800 0.00004700
v -0.00269600 -0.04648000 0.00004700
v -0.00248200 -0.04591600 0.00004700
v -0.00214000 -0.04542000 0.00004700
v -0.00168900 -0.04502100 0.00004700
v -0.00115500 -0.04474100 0.00004700
v -0.00057000 -0.04459600 0.00004700
v 0.00003300 -0.04459600 0.00004700
v 0.00061800 -0.04474100 0.00004700
v 0.00115100 -0.04502100 0.00004700
v 0.00160300 -0.04542000 0.00004700
v 0.00194500 -0.04591600 0.00004700
v 0.00215900 -0.04648000 0.00004700
v 0.00223100 -0.04707800 0.00004700
v 0.00215900 -0.04767700 0.00004700
v 0.00194500 -0.04824000 0.00004700
v 0.00160300 -0.04873600 0.00004700
v 0.00115100 -0.04913600 0.00004700
v 0.00061800 -0.04941600 0.00004700
v 0.00003300 -0.04956000 0.00004700
v -0.00057000 -0.04956000 0.00004700
v -0.00115500 -0.04941600 0.00004700
v -0.00168900 -0.04913600 0.00004700
v -0.00214000 -0.04873600 0.00004700
v -0.00248200 -0.04824000 0.00004700
v -0.00269600 -0.04767700 0.00004700
f 1482 1467 1466
f 1482 1466 1481
f 1483 1468 1467
f 1483 1467 1482
f 1484 1469 1468
f 1484 1468 1483
f 1485 1470 1469
f 1485 1469 1484
f 1486 1471 1470
f 1486 1470 1485
f 1487 1472 1471
f 1487 1471 1486
f 1488 1473 1472
f 1488 1472 1487
f 1489 1474 1473
f 1489 1473 1488
f 1490 1475 1474
f 1490 1474 1489
f 1491 1476 1475
f 1491 1475 1490
f 1492 1476 1491
f 1477 1476 1492
f 1493 1477 1492
f 1478 1477 1493
f 1494 1479 1478
f 1494 1478 1493
f 1495 1480 1479
f 1495 1479 1494
f 1496 1480 1495
f 1500 1512 1499
f 1500 1513 1512
f 1501 1514 1513
f 1501 1513 1500
f 1502 1515 1514
f 1502 1514 1501
f 1503 1516 1515
f 1503 1515 1502
f 1504 1517 1516
f 1504 1518 1517
f 1504 1516 1503
f 1505 1518 1504
f 1506 1519 1518
f 1506 1520 1519
f 1506 1518 1505
f 1507 1521 1520
f 1507 1520 1506
f 1508 1521 1507
f 1509 1522 1521
f 1509 1521 1508
f 1510 1523 1522
f 1510 1522 1509
f 1511 1524 1523
f 1511 1523 1510
f 1498 1497 1524
f 1498 1524 1511
f 1536 1538 1537
f 1535 1539 1538
f 1535 1538 1536
f 1534 1540 1539
f 1534 1539 1535
f 1533 1540 1534
f 1532 1540 1533
f 1531 1540 1532
f 1530 1540 1531
f 1529 1540 1530
f 1528 1541 1540
f 1528 1542 1541
f 1528 1540 1529
f 1527 1543 1542
f 1527 1544 1543
f 1527 1542 1528
f 1545 1544 1527
f 1525 1526 1545
f 1525 1545 1527
f 1547 1548 1546
f 1553 1549 1548
f 1553 1550 1549
f 1553 1548 1547
f 1552 1551 1550
f 1552 1550 1553
f 1580 1567 1566
f 1580 1581 1567
f 1579 1566 1565
f 1579 1580 1566
f 1578 1565 1564
f 1578 1579 1565
f 1577 1564 1563
f 1577 1578 1564
f 1576 1563 1562
f 1576 1577 1563
f 1575 1562 1561
f 1575 1576 1562
f 1574 1561 1560
f 1574 1575 1561
f 1573 1560 1559
f 1573 1574 1560
f 1572 1558 1557
f 1572 1559 1558
f 1572 1573 1559
f 1571 1572 1557
f 1570 1557 1556
f 1570 1571 1557
f 1569 1556 1555
f 1569 1570 1556
f 1568 1555 1554
f 1568 1569 1555
f 1605 1591 1604
f 1592 1591 1605
f 1606 1592 1605
f 1593 1592 1606
f 1607 1593 1606
f 1594 1593 1607
f 1608 1594 1607
f 1595 1594 1608
f 1609 1595 1608
f 1596 1595 1609
f 1610 1596 1609
f 1597 1596 1610
f 1611 1582 1583
f 1611 1597 1610
f 1598 1611 1583
f 1598 1597 1611
f 1599 1583 1584
f 1599 1598 1583
f 1600 1584 1585
f 1600 1599 1584
f 1601 1585 1586
f 1601 1600 1585
f 1602 1586 1587
f 1602 1601 1586
f 1603 1587 1588
f 1603 1602 1587
f 1590 1588 1589
f 1590 1603 1588
f 1628 1612 1613
f 1628 1627 1612
f 1629 1613 1614
f 1629 1628 1613
f 1630 1614 1615
f 1630 1629 1614
f 1631 1615 1616
f 1631 1630 1615
f 1632 1616 1617
f 1632 1631 1616
f 1633 1617 1618
f 1633 1632 1617
f 1634 1618 1619
f 1634 1633 1618
f 1635 1619 1620
f 1635 1634 1619
f 1636 1620 1621
f 1636 1621 1622
f 1636 1635 1620
f 1637 1636 1622
f 1638 1622 1623
f 1638 1637 1622
f 1639 1623 1624
f 1639 1638 1623
f 1626 1624 1625
f 1626 1639 1624
f 1642 1650 1649
f 1643 1651 1650
f 1643 1650 1642
f 1644 1652 1651
f 1644 1651 1643
f 1645 1653 1652
f 1645 1652 1644
f 1646 1654 1653
f 1646 1653 1645
f 1647 1655 1654
f 1647 1654 1646
f 1648 1640 1655
f 1648 1655 1647
f 1641 1640 1648
f 1659 1671 1658
f 1659 1672 1671
f 1659 1673 1672
f 1660 1674 1673
f 1660 1673 1659
f 1661 1675 1674
f 1661 1674 1660
f 1662 1676 1675
f 1662 1675 1661
f 1663 1677 1676
f 1663 1676 1662
f 1664 1678 1677
f 1664 1677 1663
f 1665 1679 1678
f 1665 1678 1664
f 1666 1680 1679
f 1666 1679 1665
f 1667 1681 1680
f 1667 1680 1666
f 1668 1682 1681
f 1668 1681 1667
f 1669 1683 1682
f 1669 1682 1668
f 1670 1656 1683
f 1670 1683 1669
f 1657 1656 1670
f 1686 1656 1657
f 1686 1690 1656
f 1687 1691 1690
f 1687 1690 1686
f 1688 1692 1691
f 1688 1691 1687
f 1689 1693 1692
f 1689 1692 1688
f 1684 1685 1693
f 1684 1693 1689
f 1703 1716 1717
f 1704 1717 1718
f 1704 1703 1717
f 1705 1718 1719
f 1705 1704 1718
f 1706 1719 1720
f 1706 1705 1719
f 1707 1720 1721
f 1707 1706 1720
f 1708 1721 1722
f 1708 1707 1721
f 1709 1722 1694
f 1709 1708 1722
f 1710 1694 1695
f 1710 1709 1694
f 1711 1695 1696
f 1711 1710 1695
f 1712 1696 1697
f 1712 1711 1696
f 1713 1697 1698
f 1713 1712 1697
f 1714 1698 1699
f 1714 1713 1698
f 1715 1699 1700
f 1715 1714 1699
f 1702 1700 1701
f 1702 1715 1700
f 1749 1723 1724
f 1749 1748 1723
f 1750 1724 1725
f 1750 1749 1724
f 1751 1725 1726
f 1751 1750 1725
f 1752 1726 1727
f 1752 1751 1726
f 1753 1727 1728
f 1753 1752 1727
f 1729 1753 1728
f 1754 1753 1729
f 1730 1754 1729
f 1741 1754 1730
f 1731 1741 1730
f 1742 1741 1731
f 1732 1742 1731
f 1743 1742 1732
f 1733 1743 1732
f 1744 1733 1734
f 1744 1743 1733
f 1745 1734 1735
f 1745 1744 1734
f 1746 1735 1736
f 1746 1745 1735
f 1747 1736 1737
f 1747 1746 1736
f 1738 1747 1737
f 1740 1738 1739
f 1740 1747 1738
f 1756 1781 1755
f 1782 1781 1756
f 1757 1782 1756
f 1783 1782 1757
f 1784 1757 1758
f 1784 1783 1757
f 1785 1758 1759
f 1785 1784 1758
f 1786 1759 1760
f 1786 1785 1759
f 1787 1760 1761
f 1787 1786 1760
f 1788 1761 1762
f 1788 1787 1761
f 1773 1788 1762
f 1763 1773 1762
f 1774 1773 1763
f 1764 1774 1763
f 1775 1764 1765
f 1775 1774 1764
f 1776 1765 1766
f 1776 1775 1765
f 1777 1766 1767
f 1777 1776 1766
f 1778 1767 1768
f 1778 1777 1767
f 1779 1768 1769
f 1779 1778 1768
f 1780 1769 1770
f 1780 1779 1769
f 1772 1770 1771
f 1772 1780 1770
f 1803 1816 1804
f 1802 1816 1803
f 1801 1815 1816
f 1801 1816 1802
f 1800 1814 1815
f 1800 1815 1801
f 1799 1813 1814
f 1799 1814 1800
f 1798 1811 1812
f 1798 1812 1813
f 1798 1813 1799
f 1797 1811 1798
f 1796 1810 1811
f 1796 1811 1797
f 1795 1809 1810
f 1795 1810 1796
f 1794 1808 1809
f 1794 1809 1795
f 1793 1806 1807
f 1793 1807 1808
f 1793 1808 1794
f 1792 1806 1793
f 1791 1789 1805
f 1791 1805 1806
f 1791 1806 1792
f 1790 1789 1791
f 1830 1832 1831
f 1830 1844 1832
f 1829 1843 1844
f 1829 1844 1830
f 1828 1842 1843
f 1828 1843 1829
f 1827 1841 1842
f 1827 1842 1828
f 1826 1840 1841
f 1826 1841 1827
f 1825 1839 1840
f 1825 1840 1826
f 1824 1838 1839
f 1824 1839 1825
f 1823 1837 1838
f 1823 1838 1824
f 1822 1836 1837
f 1822 1837 1823
f 1821 1835 1836
f 1821 1836 1822
f 1820 1834 1835
f 1820 1835 1821
f 1819 1833 1834
f 1819 1834 1820
f 1818 1817 1833
f 1818 1833 1819
f 1870 1876 1871
f 1869 1875 1876
f 1869 1876 1870
f 1868 1874 1875
f 1868 1875 1869
f 1867 1873 1874
f 1867 1874 1868
f 1866 1872 1873
f 1866 1873 1867
f 1845 1846 1872
f 1845 1872 1866
f 1865 1845 1866
f 1864 1848 1849
f 1864 1849 1845
f 1864 1845 1865
f 1847 1856 1850
f 1863 1847 1848
f 1863 1848 1864
f 1862 1847 1863
f 1861 1855 1856
f 1861 1856 1847
f 1861 1847 1862
f 1860 1854 1855
f 1860 1855 1861
f 1859 1853 1854
f 1859 1854 1860
f 1858 1852 1853
f 1858 1853 1859
f 1857 1851 1852
f 1857 1852 1858
f 1903 1889 1888
f 1903 1890 1889
f 1903 1904 1890
f 1902 1888 1887
f 1902 1903 1888
f 1901 1887 1886
f 1901 1902 1887
f 1900 1886 1885
f 1900 1901 1886
f 1899 1885 1884
f 1899 1900 1885
f 1898 1884 1883
f 1898 1899 1884
f 1897 1883 1882
f 1897 1898 1883
f 1896 1882 1881
f 1896 1897 1882
f 1895 1896 1881
f 1894 1881 1880
f 1894 1895 1881
f 1893 1880 1879
f 1893 1894 1880
f 1892 1879 1878
f 1892 1893 1879
f 1891 1878 1877
f 1891 1892 1878
f 1931 1918 1917
f 1931 1932 1918
f 1930 1917 1916
f 1930 1931 1917
f 1929 1916 1915
f 1929 1930 1916
f 1928 1915 1914
f 1928 1929 1915
f 1927 1914 1913
f 1927 1928 1914
f 1926 1913 1912
f 1926 1927 1913
f 1925 1912 1911
f 1925 1926 1912
f 1924 1911 1910
f 1924 1925 1911
f 1923 1910 1909
f 1923 1924 1910
f 1922 1909 1908
f 1922 1923 1909
f 1921 1908 1907
f 1921 1922 1908
f 1920 1907 1906
f 1920 1921 1907
f 1919 1906 1905
f 1919 1920 1906
f 1960 1946 1945
f 1959 1960 1945
f 1958 1945 1944
f 1958 1959 1945
f 1957 1944 1943
f 1957 1958 1944
f 1956 1943 1942
f 1956 1957 1943
f 1955 1942 1941
f 1955 1956 1942
f 1954 1941 1940
f 1954 1955 1941
f 1953 1940 1939
f 1953 1954 1940
f 1952 1939 1938
f 1952 1953 1939
f 1951 1938 1937
f 1951 1952 1938
f 1950 1937 1936
f 1950 1951 1937
f 1949 1936 1935
f 1949 1950 1936
f 1948 1935 1934
f 1948 1949 1935
f 1947 1934 1933
f 1947 1948 1934
f 1975 1988 1976
f 1974 1988 1975
f 1973 1987 1988
f 1973 1988 1974
f 1972 1986 1987
f 1972 1987 1973
f 1971 1985 1986
f 1971 1986 1972
f 1970 1984 1985
f 1970 1985 1971
f 1969 1983 1984
f 1969 1984 1970
f 1968 1982 1983
f 1968 1983 1969
f 1967 1981 1982
f 1967 1982 1968
f 1966 1980 1981
f 1966 1981 1967
f 1965 1978 1979
f 1965 1979 1980
f 1965 1980 1966
f 1964 1978 1965
f 1963 1961 1977
f 1963 1977 1978
f 1963 1978 1964
f 1962 1961 1963
f 2003 2016 2004
f 2002 2015 2016
f 2002 2016 2003
f 2001 2014 2015
f 2001 2015 2002
f 2000 2014 2001
f 1999 2013 2014
f 1999 2014 2000
f 1998 2012 2013
f 1998 2013 1999
f 1997 2011 2012
f 1997 2012 1998
f 1996 2010 2011
f 1996 2011 1997
f 1995 2009 2010
f 1995 2010 1996
f 1994 2008 2009
f 1994 2009 1995
f 1993 2007 2008
f 1993 2008 1994
f 1992 2006 2007
f 1992 2007 1993
f 1991 2005 2006
f 1991 2006 1992
f 1990 1989 2005
f 1990 2005 1991
f 2031 2044 2032
f 2030 2044 2031
f 2029 2043 2044
f 2029 2044 2030
f 2028 2042 2043
f 2028 2043 2029
f 2027 2041 2042
f 2027 2042 2028
f 2026 2040 2041
f 2026 2041 2027
f 2025 2039 2040
f 2025 2040 2026
f 2024 2038 2039
f 2024 2039 2025
f 2023 2037 2038
f 2023 2038 2024
f 2022 2036 2037
f 2022 2037 2023
f 2021 2035 2036
f 2021 2036 2022
f 2020 2033 2034
f 2020 2034 2035
f 2020 2035 2021
f 2019 2033 2020
f 2018 2017 2033
f 2018 2033 2019
f 2058 2060 2059
f 2058 2072 2060
f 2057 2071 2072
f 2057 2072 2058
f 2056 2070 2071
f 2056 2071 2057
f 2055 2069 2070
f 2055 2070 2056
f 2054 2068 2069
f 2054 2069 2055
f 2053 2066 2067
f 2053 2067 2068
f 2053 2068 2054
f 2052 2066 2053
f 2051 2065 2066
f 2051 2066 2052
f 2050 2064 2065
f 2050 2065 2051
f 2049 2063 2064
f 2049 2064 2050
f 2048 2062 2063
f 2048 2063 2049
f 2047 2061 2062
f 2047 2062 2048
f 2046 2045 2061
f 2046 2061 2047
f 2087 2100 2088
f 2086 2100 2087
f 2085 2099 2100
f 2085 2100 2086
f 2084 2098 2099
f 2084 2099 2085
f 2083 2097 2098
f 2083 2098 2084
f 2082 2096 2097
f 2082 2097 2083
f 2081 2094 2095
f 2081 2095 2096
f 2081 2096 2082
f 2080 2094 2081
f 2079 2093 2094
f 2079 2094 2080
f 2078 2092 2093
f 2078 2093 2079
f 2077 2090 2091
f 2077 2091 2092
f 2077 2092 2078
f 2076 2090 2077
f 2075 2089 2090
f 2075 2090 2076
f 2074 2073 2089
f 2074 2089 2075
f 2114 2116 2115
f 2114 2128 2116
f 2113 2127 2128
f 2113 2128 2114
f 2112 2125 2126
f 2112 2126 2127
f 2112 2127 2113
f 2111 2125 2112
f 2110 2124 2125
f 2110 2125 2111
f 2109 2122 2123
f 2109 2123 2124
f 2109 2124 2110
f 2108 2122 2109
f 2107 2121 2122
f 2107 2122 2108
f 2106 2119 2120
f 2106 2120 2121
f 2106 2121 2107
f 2105 2118 2119
f 2105 2119 2106
f 2104 2118 2105
f 2103 2117 2118
f 2103 2118 2104
f 2102 2101 2117
f 2102 2117 2103
f 2143 2156 2144
f 2142 2156 2143
f 2141 2154 2155
f 2141 2155 2156
f 2141 2156 2142
f 2140 2154 2141
f 2139 2153 2154
f 2139 2154 2140
f 2138 2151 2152
f 2138 2152 2153
f 2138 2153 2139
f 2137 2151 2138
f 2136 2149 2150
f 2136 2150 2151
f 2136 2151 2137
f 2135 2149 2136
f 2134 2148 2149
f 2134 2149 2135
f 2133 2147 2148
f 2133 2148 2134
f 2132 2146 2147
f 2132 2147 2133
f 2131 2129 2145
f 2131 2145 2146
f 2131 2146 2132
f 2130 2129 2131
f 2170 2172 2171
f 2170 2183 2184
f 2170 2184 2172
f 2169 2182 2183
f 2169 2183 2170
f 2168 2182 2169
f 2167 2180 2181
f 2167 2181 2182
f 2167 2182 2168
f 2166 2179 2180
f 2166 2180 2167
f 2165 2179 2166
f 2164 2177 2178
f 2164 2178 2179
f 2164 2179 2165
f 2163 2177 2164
f 2162 2176 2177
f 2162 2177 2163
f 2161 2175 2176
f 2161 2176 2162
f 2160 2174 2175
f 2160 2175 2161
f 2159 2173 2174
f 2159 2174 2160
f 2158 2157 2173
f 2158 2173 2159
f 2203 2216 2204
f 2202 2214 2215
f 2202 2215 2216
f 2202 2216 2203
f 2201 2212 2213
f 2201 2213 2214
f 2201 2214 2202
f 2200 2212 2201
f 2199 2211 2212
f 2199 2212 2200
f 2198 2211 2199
f 2197 2211 2198
f 2196 2211 2197
f 2195 2210 2211
f 2195 2211 2196
f 2187 2210 2195
f 2188 2210 2187
f 2189 2210 2188
f 2190 2210 2189
f 2191 2209 2210
f 2191 2210 2190
f 2192 2209 2191
f 2193 2207 2208
f 2193 2208 2209
f 2193 2209 2192
f 2194 2205 2206
f 2194 2206 2207
f 2194 2207 2193
f 2186 2185 2205
f 2186 2205 2194
f 2231 2244 2232
f 2230 2243 2244
f 2230 2244 2231
f 2229 2242 2243
f 2229 2243 2230
f 2228 2241 2242
f 2228 2242 2229
f 2227 2240 2241
f 2227 2241 2228
f 2226 2239 2240
f 2226 2240 2227
f 2225 2238 2239
f 2225 2239 2226
f 2224 2237 2238
f 2224 2238 2225
f 2223 2237 2224
f 2222 2235 2236
f 2222 2236 2237
f 2222 2237 2223
f 2221 2235 2222
f 2220 2233 2234
f 2220 2234 2235
f 2220 2235 2221
f 2219 2217 2233
f 2219 2233 2220
f 2218 2217 2219
f 2259 2272 2260
f 2258 2271 2272
f 2258 2272 2259
f 2257 2270 2271
f 2257 2271 2258
f 2256 2269 2270
f 2256 2270 2257
f 2255 2268 2269
f 2255 2269 2256
f 2254 2268 2255
f 2253 2266 2267
f 2253 2267 2268
f 2253 2268 2254
f 2252 2265 2266
f 2252 2266 2253
f 2251 2265 2252
f 2250 2263 2264
f 2250 2264 2265
f 2250 2265 2251
f 2249 2263 2250
f 2248 2261 2262
f 2248 2262 2263
f 2248 2263 2249
f 2247 2245 2261
f 2247 2261 2248
f 2246 2245 2247
f 2287 2300 2288
f 2286 2299 2300
f 2286 2300 2287
f 2285 2298 2299
f 2285 2299 2286
f 2284 2297 2298
f 2284 2298 2285
f 2283 2296 2297
f 2283 2297 2284
f 2282 2295 2296
f 2282 2296 2283
f 2281 2294 2295
f 2281 2295 2282
f 2280 2293 2294
f 2280 2294 2281
f 2279 2292 2293
f 2279 2293 2280
f 2278 2291 2292
f 2278 2292 2279
f 2277 2290 2291
f 2277 2291 2278
f 2276 2289 2290
f 2276 2290 2277
f 2275 2273 2289
f 2275 2289 2276
f 2274 2273 2275
f 2315 2328 2316
f 2314 2327 2328
f 2314 2328 2315
f 2313 2326 2327
f 2313 2327 2314
f 2312 2325 2326
f 2312 2326 2313
f 2311 2324 2325
f 2311 2325 2312
f 2310 2323 2324
f 2310 2324 2311
f 2309 2322 2323
f 2309 2323 2310
f 2308 2321 2322
f 2308 2322 2309
f 2307 2320 2321
f 2307 2321 2308
f 2306 2319 2320
f 2306 2320 2307
f 2305 2318 2319
f 2305 2319 2306
f 2304 2317 2318
f 2304 2318 2305
f 2303 2317 2304
f 2302 2301 2317
f 2302 2317 2303
f 2337 2335 2334
f 2338 2334 2333
f 2338 2337 2334
f 2339 2333 2332
f 2339 2338 2333
f 2340 2339 2332
f 2341 2332 2331
f 2341 2340 2332
f 2342 2331 2330
f 2342 2341 2331
f 2336 2330 2329
f 2336 2342 2330
f 2343 2344 2347
f 2349 2347 2346
f 2349 2343 2347
f 2350 2349 2346
f 2348 2346 2345
f 2348 2350 2346
f 2366 2357 2358
f 2366 2358 2359
f 2366 2367 2357
f 2368 2357 2367
f 2403 2360 2361
f 2403 2404 2360
f 2405 2359 2360
f 2405 2366 2359
f 2405 2360 2404
f 2402 2403 2361
f 2406 2366 2405
f 2381 2366 2406
f 2362 2400 2401
f 2362 2401 2402
f 2362 2402 2361
f 2352 2400 2362
f 2399 2400 2352
f 2380 2381 2382
f 2380 2366 2381
f 2383 2380 2382
f 2365 2366 2380
f 2398 2399 2352
f 2384 2380 2383
f 2356 2357 2368
f 2397 2398 2352
f 2385 2380 2384
f 2386 2380 2385
f 2363 2356 2368
f 2370 2363 2364
f 2370 2364 2377
f 2351 2397 2352
f 2351 2394 2395
f 2351 2395 2396
f 2351 2396 2397
f 2353 2394 2351
f 2371 2356 2363
f 2371 2363 2370
f 2354 2394 2353
f 2354 2392 2393
f 2354 2393 2394
f 2379 2388 2389
f 2379 2389 2390
f 2379 2390 2391
f 2379 2391 2392
f 2379 2392 2354
f 2369 2370 2377
f 2375 2372 2369
f 2375 2369 2374
f 2378 2379 2354
f 2373 2374 2378
f 2355 2372 2375
f 2355 2375 2376
f 2355 2376 2373
f 2355 2378 2354
f 2355 2373 2378
f 2355 2356 2372
f 2372 2356 2371
f 2364 2365 2377
f 2377 2378 2374
f 2377 2374 2369
f 2379 2380 2388
f 2388 2380 2387
f 2387 2380 2386
f 2380 2377 2365
f 2348 2345 2412
f 2414 2412 2411
f 2414 2348 2412
f 2415 2411 2410
f 2415 2414 2411
f 2416 2415 2410
f 2417 2410 2409
f 2417 2416 2410
f 2418 2409 2408
f 2418 2417 2409
f 2413 2408 2407
f 2413 2418 2408
f 2336 2329 2421
f 2423 2336 2421
f 2424 2421 2420
f 2424 2423 2421
f 2422 2420 2419
f 2422 2424 2420
f 2436 2301 2302
f 2436 2448 2301
f 2435 2447 2448
f 2435 2448 2436
f 2434 2446 2447
f 2434 2447 2435
f 2433 2445 2446
f 2433 2446 2434
f 2432 2444 2445
f 2432 2445 2433
f 2431 2443 2444
f 2431 2444 2432
f 2430 2442 2443
f 2430 2443 2431
f 2429 2441 2442
f 2429 2442 2430
f 2428 2440 2441
f 2428 2441 2429
f 2427 2439 2440
f 2427 2440 2428
f 2426 2438 2439
f 2426 2439 2427
f 2425 2437 2438
f 2425 2438 2426
f 2315 2316 2437
f 2315 2437 2425
f 2460 2273 2274
f 2460 2472 2273
f 2459 2471 2472
f 2459 2472 2460
f 2458 2470 2471
f 2458 2471 2459
f 2457 2469 2470
f 2457 2470 2458
f 2456 2468 2469
f 2456 2469 2457
f 2455 2467 2468
f 2455 2468 2456
f 2454 2466 2467
f 2454 2467 2455
f 2453 2465 2466
f 2453 2466 2454
f 2452 2464 2465
f 2452 2465 2453
f 2451 2463 2464
f 2451 2464 2452
f 2450 2462 2463
f 2450 2463 2451
f 2449 2461 2462
f 2449 2462 2450
f 2287 2288 2461
f 2287 2461 2449
f 2476 2473 2475
f 2474 2473 2476
f 2488 2245 2246
f 2488 2500 2245
f 2487 2499 2500
f 2487 2500 2488
f 2486 2498 2499
f 2486 2499 2487
f 2485 2497 2498
f 2485 2498 2486
f 2484 2496 2497
f 2484 2497 2485
f 2483 2495 2496
f 2483 2496 2484
f 2482 2494 2495
f 2482 2495 2483
f 2481 2493 2494
f 2481 2494 2482
f 2480 2492 2493
f 2480 2493 2481
f 2479 2491 2492
f 2479 2492 2480
f 2478 2490 2491
f 2478 2491 2479
f 2477 2489 2490
f 2477 2490 2478
f 2259 2260 2489
f 2259 2489 2477
f 2512 2217 2218
f 2512 2524 2217
f 2511 2523 2524
f 2511 2524 2512
f 2510 2522 2523
f 2510 2523 2511
f 2509 2521 2522
f 2509 2522 2510
f 2508 2520 2521
f 2508 2521 2509
f 2507 2519 2520
f 2507 2520 2508
f 2506 2518 2519
f 2506 2519 2507
f 2505 2517 2518
f 2505 2518 2506
f 2504 2516 2517
f 2504 2517 2505
f 2503 2515 2516
f 2503 2516 2504
f 2502 2514 2515
f 2502 2515 2503
f 2501 2513 2514
f 2501 2514 2502
f 2231 2232 2513
f 2231 2513 2501
f 2563 2422 2419
f 2563 2419 2544
f 2564 2544 2543
f 2564 2563 2544
f 2565 2543 2542
f 2565 2564 2543
f 2549 2542 2541
f 2549 2565 2542
f 2550 2541 2540
f 2550 2549 2541
f 2551 2540 2539
f 2551 2550 2540
f 2552 2539 2538
f 2552 2551 2539
f 2553 2538 2537
f 2553 2552 2538
f 2554 2537 2536
f 2554 2553 2537
f 2555 2536 2535
f 2555 2554 2536
f 2556 2535 2534
f 2556 2555 2535
f 2557 2534 2533
f 2557 2556 2534
f 2558 2533 2532
f 2558 2557 2533
f 2559 2532 2531
f 2559 2558 2532
f 2560 2559 2531
f 2560 2531 2530
f 2561 2530 2529
f 2561 2560 2530
f 2562 2529 2528
f 2562 2561 2529
f 2545 2528 2527
f 2545 2562 2528
f 2546 2527 2526
f 2546 2545 2527
f 2547 2526 2525
f 2547 2546 2526
f 2548 2525 2344
f 2548 2547 2525
f 2343 2548 2344
f 2581 2594 2582
f 2580 2592 2593
f 2580 2593 2594
f 2580 2594 2581
f 2579 2591 2592
f 2579 2592 2580
f 2578 2590 2591
f 2578 2591 2579
f 2577 2590 2578
f 2576 2589 2590
f 2576 2590 2577
f 2575 2589 2576
f 2574 2589 2575
f 2573 2588 2589
f 2573 2589 2574
f 2572 2588 2573
f 2571 2588 2572
f 2570 2587 2588
f 2570 2588 2571
f 2569 2587 2570
f 2568 2586 2587
f 2568 2587 2569
f 2567 2585 2586
f 2567 2586 2568
f 2566 2583 2584
f 2566 2584 2585
f 2566 2585 2567
f 2476 2475 2583
f 2476 2583 2566
f 2581 2582 2595
f 2595 2596 2581
f 2474 2624 2473
f 2612 2622 2623
f 2612 2623 2624
f 2612 2624 2474
f 2611 2620 2621
f 2611 2621 2622
f 2611 2622 2612
f 2610 2620 2611
f 2609 2619 2620
f 2609 2620 2610
f 2608 2619 2609
f 2607 2619 2608
f 2606 2619 2607
f 2605 2618 2619
f 2605 2619 2606
f 2604 2618 2605
f 2603 2618 2604
f 2602 2618 2603
f 2601 2618 2602
f 2600 2618 2601
f 2599 2617 2618
f 2599 2618 2600
f 2598 2616 2617
f 2598 2617 2599
f 2597 2613 2614
f 2597 2614 2615
f 2597 2615 2616
f 2597 2616 2598
f 2596 2595 2613
f 2596 2613 2597
f 2186 2652 2185
f 2634 2650 2651
f 2634 2651 2652
f 2634 2652 2186
f 2635 2649 2650
f 2635 2650 2634
f 2636 2648 2649
f 2636 2649 2635
f 2637 2648 2636
f 2638 2647 2648
f 2638 2648 2637
f 2639 2647 2638
f 2640 2647 2639
f 2633 2646 2647
f 2633 2647 2640
f 2632 2646 2633
f 2631 2646 2632
f 2630 2646 2631
f 2629 2645 2646
f 2629 2646 2630
f 2628 2645 2629
f 2627 2644 2645
f 2627 2645 2628
f 2626 2643 2644
f 2626 2644 2627
f 2625 2641 2642
f 2625 2642 2643
f 2625 2643 2626
f 2203 2204 2641
f 2203 2641 2625
f 2712 2710 2711
f 2654 2713 2653
f 2655 2713 2654
f 2656 2713 2655
f 2657 2713 2656
f 2671 2669 2670
f 2552 2760 2761
f 2553 2757 2758
f 2553 2758 2759
f 2553 2759 2760
f 2553 2760 2552
f 2554 2757 2553
f 2691 2694 2690
f 2692 2694 2691
f 2693 2694 2692
f 2559 2714 2558
f 2559 2736 2737
f 2559 2737 2714
f 2560 2736 2559
f 2674 2675 2676
f 2674 2676 2677
f 2763 2710 2712
f 2763 2708 2709
f 2763 2709 2710
f 2764 2763 2712
f 2764 2712 2713
f 2765 2708 2763
f 2765 2741 2742
f 2765 2742 2743
f 2765 2706 2707
f 2765 2707 2708
f 2766 2763 2764
f 2767 2766 2764
f 2768 2764 2713
f 2768 2657 2658
f 2768 2713 2657
f 2769 2767 2764
f 2769 2764 2768
f 2770 2740 2741
f 2770 2766 2767
f 2770 2767 2769
f 2770 2765 2763
f 2770 2741 2765
f 2770 2763 2766
f 2771 2769 2768
f 2772 2658 2659
f 2772 2659 2660
f 2772 2771 2768
f 2772 2768 2658
f 2773 2772 2660
f 2774 2704 2775
f 2774 2702 2703
f 2774 2703 2704
f 2776 2774 2775
f 2777 2771 2772
f 2777 2772 2773
f 2778 2660 2661
f 2778 2773 2660
f 2779 2777 2773
f 2780 2739 2740
f 2780 2770 2769
f 2780 2769 2771
f 2780 2740 2770
f 2780 2777 2779
f 2780 2771 2777
f 2781 2748 2749
f 2781 2749 2750
f 2781 2750 2751
f 2781 2751 2752
f 2782 2779 2773
f 2782 2773 2778
f 2783 2774 2776
f 2783 2776 2775
f 2783 2775 2781
f 2784 2782 2778
f 2785 2661 2662
f 2785 2778 2661
f 2785 2784 2778
f 2786 2785 2662
f 2787 2662 2663
f 2787 2663 2664
f 2787 2786 2662
f 2788 2784 2785
f 2789 2700 2701
f 2789 2701 2702
f 2790 2738 2739
f 2790 2784 2788
f 2791 2702 2774
f 2791 2774 2783
f 2791 2789 2702
f 2792 2785 2786
f 2792 2788 2785
f 2793 2792 2786
f 2794 2786 2787
f 2794 2793 2786
f 2795 2664 2665
f 2795 2665 2666
f 2795 2666 2667
f 2795 2787 2664
f 2795 2794 2787
f 2796 2789 2791
f 2797 2789 2796
f 2797 2700 2789
f 2797 2699 2700
f 2798 2797 2796
f 2799 2669 2671
f 2799 2667 2668
f 2799 2668 2669
f 2799 2795 2667
f 2800 2794 2795
f 2801 2795 2799
f 2801 2800 2795
f 2802 2798 2796
f 2802 2719 2720
f 2802 2720 2721
f 2802 2721 2722
f 2802 2797 2798
f 2803 2794 2800
f 2804 2805 2806
f 2804 2791 2805
f 2804 2796 2791
f 2807 2804 2806
f 2807 2806 2808
f 2809 2801 2799
f 2809 2799 2671
f 2810 2697 2698
f 2811 2697 2810
f 2812 2671 2672
f 2812 2672 2549
f 2813 2729 2730
f 2813 2811 2810
f 2814 2807 2808
f 2814 2808 2815
f 2816 2807 2814
f 2816 2804 2807
f 2817 2809 2671
f 2817 2671 2812
f 2818 2814 2815
f 2819 2809 2817
f 2820 2817 2812
f 2820 2812 2549
f 2820 2551 2819
f 2820 2549 2550
f 2820 2550 2551
f 2820 2819 2817
f 2821 2697 2811
f 2821 2811 2813
f 2822 2694 2695
f 2822 2695 2696
f 2822 2696 2697
f 2822 2697 2821
f 2823 2818 2824
f 2825 2813 2730
f 2825 2821 2813
f 2825 2730 2731
f 2826 2819 2551
f 2827 2821 2825
f 2827 2822 2821
f 2828 2824 2829
f 2830 2551 2552
f 2830 2761 2762
f 2830 2826 2551
f 2830 2762 2826
f 2830 2552 2761
f 2831 2827 2825
f 2832 2825 2731
f 2832 2731 2732
f 2833 2828 2834
f 2835 2825 2832
f 2835 2831 2825
f 2836 2690 2694
f 2836 2822 2827
f 2836 2831 2835
f 2836 2686 2687
f 2836 2687 2688
f 2836 2688 2689
f 2836 2689 2690
f 2836 2827 2831
f 2836 2694 2822
f 2837 2834 2838
f 2839 2835 2832
f 2840 2832 2732
f 2840 2732 2733
f 2841 2832 2840
f 2841 2839 2832
f 2842 2756 2757
f 2843 2686 2836
f 2843 2836 2835
f 2843 2685 2686
f 2843 2835 2839
f 2843 2839 2841
f 2844 2841 2840
f 2845 2757 2554
f 2845 2842 2757
f 2846 2844 2840
f 2847 2842 2845
f 2847 2848 2842
f 2849 2846 2840
f 2849 2840 2733
f 2849 2733 2734
f 2850 2844 2846
f 2850 2684 2685
f 2850 2685 2843
f 2850 2843 2841
f 2850 2841 2844
f 2851 2554 2555
f 2851 2845 2554
f 2851 2847 2845
f 2852 2846 2849
f 2853 2683 2684
f 2853 2684 2850
f 2853 2850 2846
f 2853 2846 2852
f 2854 2852 2849
f 2855 2854 2849
f 2856 2714 2715
f 2857 2849 2734
f 2857 2855 2849
f 2857 2734 2735
f 2858 2855 2857
f 2859 2853 2852
f 2859 2854 2855
f 2859 2682 2683
f 2859 2683 2853
f 2859 2852 2854
f 2860 2856 2861
f 2862 2557 2558
f 2863 2859 2855
f 2863 2855 2858
f 2863 2682 2859
f 2863 2681 2682
f 2864 2856 2860
f 2864 2714 2856
f 2864 2558 2714
f 2864 2862 2558
f 2864 2860 2862
f 2865 2858 2857
f 2866 2863 2858
f 2866 2679 2680
f 2866 2680 2681
f 2866 2681 2863
f 2866 2865 2867
f 2866 2858 2865
f 2868 2677 2678
f 2868 2678 2679
f 2868 2867 2869
f 2868 2679 2866
f 2868 2674 2677
f 2868 2866 2867
f 2870 2560 2561
f 2870 2736 2560
f 2870 2735 2736
f 2871 2870 2561
f 2872 2673 2674
f 2872 2674 2868
f 2872 2869 2873
f 2872 2868 2869
f 2874 2871 2561
f 2874 2872 2873
f 2875 2545 2673
f 2875 2673 2872
f 2875 2872 2874
f 2876 2561 2562
f 2876 2562 2545
f 2876 2545 2875
f 2876 2874 2561
f 2876 2875 2874
f 2877 2775 2704
f 2877 2704 2705
f 2877 2705 2706
f 2877 2706 2765
f 2878 2748 2781
f 2878 2743 2744
f 2878 2744 2745
f 2878 2745 2746
f 2878 2746 2747
f 2878 2747 2748
f 2878 2765 2743
f 2878 2775 2877
f 2878 2781 2775
f 2878 2877 2765
f 2879 2780 2779
f 2879 2779 2782
f 2879 2784 2790
f 2879 2782 2784
f 2879 2790 2739
f 2879 2739 2780
f 2880 2783 2781
f 2880 2791 2783
f 2881 2791 2880
f 2881 2806 2805
f 2881 2805 2791
f 2881 2808 2806
f 2881 2880 2781
f 2882 2808 2881
f 2882 2881 2781
f 2882 2752 2753
f 2882 2781 2752
f 2883 2790 2788
f 2883 2788 2792
f 2883 2803 2738
f 2883 2793 2794
f 2883 2738 2790
f 2883 2794 2803
f 2883 2792 2793
f 2884 2808 2882
f 2884 2882 2753
f 2884 2753 2754
f 2884 2815 2808
f 2885 2729 2813
f 2885 2797 2802
f 2885 2810 2698
f 2885 2802 2722
f 2885 2699 2797
f 2885 2698 2699
f 2885 2722 2723
f 2885 2723 2724
f 2885 2724 2725
f 2885 2725 2726
f 2885 2726 2727
f 2885 2727 2728
f 2885 2728 2729
f 2885 2813 2810
f 2886 2796 2804
f 2886 2802 2796
f 2886 2718 2719
f 2886 2719 2802
f 2887 2800 2801
f 2887 2801 2809
f 2888 2718 2886
f 2888 2886 2804
f 2889 2762 2738
f 2889 2800 2887
f 2889 2738 2803
f 2889 2803 2800
f 2890 2884 2754
f 2890 2754 2755
f 2891 2762 2889
f 2891 2889 2887
f 2891 2887 2809
f 2892 2804 2816
f 2892 2816 2717
f 2892 2718 2888
f 2892 2717 2718
f 2892 2888 2804
f 2893 2809 2819
f 2893 2819 2826
f 2893 2762 2891
f 2893 2826 2762
f 2893 2891 2809
f 2894 2755 2756
f 2895 2717 2816
f 2895 2823 2716
f 2895 2716 2717
f 2896 2838 2894
f 2896 2894 2756
f 2897 2837 2838
f 2897 2838 2896
f 2898 2897 2896
f 2898 2896 2756
f 2898 2837 2897
f 2899 2848 2900
f 2899 2756 2842
f 2899 2898 2756
f 2899 2837 2898
f 2899 2842 2848
f 2899 2900 2837
f 2901 2716 2823
f 2902 2833 2834
f 2902 2834 2837
f 2903 2716 2901
f 2903 2901 2833
f 2903 2833 2902
f 2903 2715 2716
f 2904 2902 2837
f 2904 2903 2902
f 2904 2715 2903
f 2905 2861 2856
f 2905 2900 2861
f 2905 2856 2715
f 2905 2715 2904
f 2905 2904 2837
f 2905 2837 2900
f 2906 2900 2848
f 2906 2848 2847
f 2906 2851 2555
f 2906 2847 2851
f 2906 2555 2556
f 2907 2900 2906
f 2907 2861 2900
f 2907 2556 2557
f 2907 2860 2861
f 2907 2557 2862
f 2907 2862 2860
f 2907 2906 2556
f 2908 2857 2735
f 2908 2869 2867
f 2908 2867 2865
f 2908 2865 2857
f 2909 2908 2735
f 2910 2909 2735
f 2911 2869 2908
f 2911 2873 2869
f 2911 2908 2909
f 2911 2909 2910
f 2912 2871 2874
f 2912 2735 2870
f 2912 2870 2871
f 2912 2873 2911
f 2912 2874 2873
f 2912 2910 2735
f 2912 2911 2910
f 2913 2824 2818
f 2913 2884 2890
f 2913 2815 2884
f 2913 2829 2824
f 2913 2890 2829
f 2913 2818 2815
f 2914 2818 2823
f 2914 2895 2816
f 2914 2823 2895
f 2914 2816 2814
f 2914 2814 2818
f 2915 2828 2829
f 2915 2834 2828
f 2916 2915 2894
f 2916 2834 2915
f 2916 2894 2838
f 2916 2838 2834
f 2917 2901 2823
f 2917 2833 2901
f 2917 2828 2833
f 2917 2824 2828
f 2917 2823 2824
f 2918 2894 2915
f 2918 2829 2890
f 2918 2915 2829
f 2918 2890 2755
f 2918 2755 2894
f 1536 2731 1535
f 2732 2731 1536
f 2938 1528 2719
f 2938 1527 1528
f 2938 2719 2718
f 2938 2718 1527
f 2939 1528 1529
f 2939 2719 1528
f 2940 2720 2719
f 2940 2939 1529
f 2940 2719 2939
f 2941 1529 2919
f 2941 2721 2720
f 2941 2722 2721
f 2941 2720 2940
f 2941 2940 1529
f 2942 2722 2941
f 2942 2919 2920
f 2942 2920 1532
f 2942 1532 1533
f 2942 2723 2722
f 2942 2724 2723
f 2942 2725 2724
f 2942 2726 2725
f 2942 2727 2726
f 2942 2941 2919
f 2943 1533 1534
f 2943 2942 1533
f 2943 2728 2727
f 2943 2729 2728
f 2943 2727 2942
f 2944 2729 2943
f 2944 1534 1535
f 2944 2730 2729
f 2944 2943 1534
f 2945 1535 2731
f 2945 2731 2730
f 2945 2944 1535
f 2945 2730 2944
f 2946 1536 2921
f 2946 2732 1536
f 2946 2930 2732
f 2947 1525 1527
f 2947 1527 2948
f 2949 2718 2717
f 2949 2717 2948
f 2949 1527 2718
f 2949 2948 1527
f 2950 2930 2946
f 2950 2946 2921
f 2951 2926 2927
f 2951 2927 2928
f 2951 2928 2929
f 2951 2929 2734
f 2951 2734 2930
f 2952 2926 2951
f 2952 2951 2930
f 2953 2921 2922
f 2953 2922 2923
f 2953 2923 2924
f 2953 2924 2925
f 2953 2925 2926
f 2953 2950 2921
f 2953 2952 2930
f 2953 2926 2952
f 2953 2930 2950
f 2954 2717 2716
f 2954 2948 2717
f 2954 2947 2948
f 2955 2947 2954
f 2955 2935 2936
f 2955 2936 2937
f 2955 2937 1525
f 2955 1525 2947
f 2956 2935 2955
f 2956 2954 2716
f 2956 2716 2931
f 2956 2931 2932
f 2956 2932 2933
f 2956 2933 2934
f 2956 2934 2935
f 2956 2955 2954
f 2931 2716 2715
f 2932 2931 2715
f 2936 2935 2958
f 2937 2936 2958
f 1525 2937 2958
f 2969 2957 2958
f 2969 2715 2714
f 2969 2714 2959
f 2969 2959 2960
f 2969 2960 2961
f 2969 2961 2962
f 2969 2962 2963
f 2969 2963 2964
f 2969 2964 2965
f 2969 2965 2966
f 2969 2966 2967
f 2969 2967 2968
f 2969 2968 2957
f 2970 2933 2932
f 2970 2934 2933
f 2970 2935 2934
f 2970 2969 2958
f 2970 2715 2969
f 2970 2932 2715
f 2970 2958 2935
f 2999 3000 3001
f 3002 2999 3001
f 3003 2999 3002
f 3004 2999 3003
f 3005 2999 3004
f 3006 2999 3005
f 2989 2988 2999
f 2990 2989 2999
f 3007 2999 3006
f 2991 2990 2999
f 2992 2991 2999
f 3008 2999 3007
f 2993 2992 2999
f 2994 2993 2999
f 2995 2994 2999
f 2996 2995 2999
f 2997 2996 2999
f 3018 3019 2999
f 3020 2999 3019
f 3017 3018 2999
f 3017 3008 2971
f 3017 2999 3008
f 3021 2997 2999
f 3021 2999 3020
f 3021 2986 2997
f 3016 3017 2971
f 3022 2986 3021
f 3015 3016 2971
f 3023 2986 3022
f 3014 3015 2971
f 3024 2986 3023
f 2972 3014 2971
f 2972 3013 3014
f 3012 3013 2972
f 2985 2986 3024
f 2985 3024 3025
f 2985 3025 3026
f 2973 3012 2972
f 3011 3012 2973
f 2974 3010 3011
f 2974 3011 2973
f 2984 2985 3026
f 2984 3026 3027
f 2975 3009 3010
f 2975 3010 2974
f 2983 3027 3028
f 2983 2984 3027
f 2976 3009 2975
f 2976 3034 3009
f 2982 2983 3028
f 2982 3028 3029
f 2977 3033 3034
f 2977 3034 2976
f 2981 3029 3030
f 2981 2982 3029
f 2978 3032 3033
f 2978 3033 2977
f 2980 3030 3031
f 2980 2981 3030
f 2979 3031 3032
f 2979 2980 3031
f 2979 3032 2978
f 2999 2998 3000
f 2987 2999 2988
f 3046 3035 3036
f 3046 3037 2736
f 3046 3038 3037
f 3046 3039 3038
f 3046 3040 3039
f 3046 3041 3040
f 3046 3042 3041
f 3046 3043 3042
f 3046 3044 3043
f 3046 3045 3044
f 3046 3036 3045
f 3046 2736 2735
f 3047 2735 2734
f 3047 2924 2923
f 3047 2925 2924
f 3047 2926 2925
f 3047 2927 2926
f 3047 2928 2927
f 3047 2929 2928
f 3047 2734 2929
f 2922 2922 3035
f 2922 2923 2922
f 2922 3047 2923
f 2922 3035 3047
f 3048 3035 3046
f 3048 2735 3047
f 3048 3047 3035
f 3048 3046 2735
f 3050 3065 3066
f 3050 3066 3067
f 3050 3067 3049
f 2756 2755 3061
f 2756 3061 3062
f 3068 3050 3051
f 3068 3051 3052
f 3068 3052 3053
f 3068 3053 3054
f 3068 3054 3055
f 3068 3055 3056
f 3068 3056 3057
f 3068 3057 3058
f 3068 3058 3059
f 3068 3059 3060
f 3068 3060 2757
f 3068 2757 2756
f 3069 3062 3063
f 3069 3063 3064
f 3069 3064 3065
f 3069 2756 3062
f 3069 3050 3068
f 3069 3068 2756
f 3069 3065 3050
f 2752 3087 2753
f 2739 1547 2740
f 3089 2754 2753
f 3089 3087 3088
f 3089 2753 3087
f 3090 3086 3087
f 3090 3087 2752
f 3090 2752 3086
f 3091 2752 2751
f 3091 3085 3086
f 3091 3086 2752
f 3092 3085 3091
f 3092 3091 2751
f 3092 2751 2750
f 3093 2749 2748
f 3093 2750 2749
f 3093 3092 2750
f 3093 3083 3084
f 3093 3084 3085
f 3093 3085 3092
f 3094 2745 2744
f 3094 2746 2745
f 3094 2747 2746
f 3094 2748 2747
f 3094 3080 3081
f 3094 3081 3082
f 3094 3082 3083
f 3094 3083 3093
f 3094 3093 2748
f 3095 3094 2744
f 3095 2743 2742
f 3095 2744 2743
f 3095 3078 3079
f 3095 3079 3080
f 3095 3080 3094
f 3096 2742 2741
f 3096 3077 3078
f 3096 2741 3077
f 3096 3095 2742
f 3096 3078 3095
f 3097 2741 2740
f 3097 2740 1547
f 3097 1547 3077
f 3097 3077 2741
f 3098 1547 2739
f 3098 1553 1547
f 3099 3065 3064
f 3099 3066 3065
f 3099 3067 3066
f 3099 3049 3067
f 3099 3088 3049
f 3100 3064 3063
f 3100 3099 3064
f 3100 2754 3099
f 3101 2754 3100
f 3101 3100 3063
f 3102 3061 2755
f 3102 3062 3061
f 3102 3063 3062
f 3102 2755 2754
f 3102 3101 3063
f 3102 2754 3101
f 3103 3099 2754
f 3103 3089 3088
f 3103 2754 3089
f 3103 3088 3099
f 3104 3073 3074
f 3104 3074 3075
f 3104 3075 3076
f 3104 3076 1552
f 3104 1552 1553
f 3105 3098 2739
f 3105 3073 3104
f 3105 2739 2738
f 3105 2738 3070
f 3105 3070 3071
f 3105 3071 3072
f 3105 3072 3073
f 3105 3104 1553
f 3105 1553 3098
f 3118 3107 1552
f 3118 3070 2738
f 3118 3071 3070
f 3118 3072 3071
f 3118 3073 3072
f 3118 3074 3073
f 3118 3075 3074
f 3118 3076 3075
f 3118 1552 3076
f 3118 2738 2762
f 3119 3106 3107
f 3119 2762 2761
f 3119 2761 3108
f 3119 3108 3109
f 3119 3109 3110
f 3119 3110 3111
f 3119 3111 3112
f 3119 3112 3113
f 3119 3113 3114
f 3119 3114 3115
f 3119 3115 3116
f 3119 3116 3117
f 3119 3117 3106
f 3120 3107 3118
f 3120 2762 3119
f 3120 3119 3107
f 3120 3118 2762
f 3149 3152 3121
f 3149 3153 3152
f 3149 3154 3153
f 3149 3155 3154
f 3149 3156 3155
f 3149 3157 3156
f 3149 3158 3157
f 3149 3159 3158
f 3149 3160 3159
f 3170 3122 3123
f 3170 3171 3122
f 3172 3121 3122
f 3172 3122 3171
f 3169 3123 3124
f 3169 3170 3123
f 3173 3121 3172
f 3168 3124 3125
f 3168 3169 3124
f 3174 3121 3173
f 3167 3125 3126
f 3167 3168 3125
f 3175 3121 3174
f 3175 3149 3121
f 3166 3167 3126
f 3127 3166 3126
f 3176 3149 3175
f 3165 3166 3127
f 3150 3149 3176
f 3150 3176 3177
f 3128 3165 3127
f 3128 3164 3165
f 3178 3150 3177
f 3179 3150 3178
f 3129 3164 3128
f 3129 3163 3164
f 3130 3162 3163
f 3130 3163 3129
f 3151 3150 3179
f 3131 3162 3130
f 3131 3161 3162
f 3132 3161 3131
f 3132 3186 3161
f 3133 3185 3186
f 3133 3186 3132
f 3136 3179 3180
f 3136 3151 3179
f 3136 3180 3181
f 3136 3181 3182
f 3147 3151 3136
f 3146 3151 3147
f 3134 3184 3185
f 3134 3185 3133
f 3145 3151 3146
f 3135 3184 3134
f 3135 3182 3183
f 3135 3183 3184
f 3135 3136 3182
f 3144 3151 3145
f 3143 3151 3144
f 3142 3151 3143
f 3141 3151 3142
f 3140 3151 3141
f 3139 3151 3140
f 3138 3151 3139
f 3149 3148 3160
f 3137 3151 3138
f 2694 3233 2695
f 3234 2694 2693
f 3283 3230 3231
f 3283 3231 3282
f 3284 3230 3283
f 3285 3230 3284
f 3286 3229 3230
f 3286 3230 3285
f 3287 3229 3286
f 3261 3288 3260
f 3259 3260 3288
f 3259 3288 3289
f 3262 3288 3261
f 3258 3259 3289
f 3263 3288 3262
f 3257 3258 3289
f 3264 3288 3263
f 3265 3288 3264
f 3266 3229 3287
f 3266 3287 3288
f 3266 3288 3265
f 3267 3229 3266
f 3267 3228 3229
f 3256 3257 3289
f 3268 3228 3267
f 3268 3227 3228
f 3255 3256 3290
f 3269 3226 3227
f 3269 3227 3268
f 2674 3247 3248
f 2674 3248 3249
f 2674 3249 2675
f 3270 3226 3269
f 3270 3225 3226
f 3254 3255 3291
f 3271 3225 3270
f 3271 3224 3225
f 3292 3254 3291
f 3272 3223 3224
f 3272 3224 3271
f 3273 3222 3223
f 3273 3223 3272
f 3187 3221 3222
f 3187 3222 3273
f 3306 3187 3188
f 3306 3188 3189
f 3306 3221 3187
f 3307 3221 3306
f 3308 3221 3307
f 3309 3221 3308
f 3309 3220 3221
f 3310 3220 3309
f 3311 3220 3310
f 3253 3292 3293
f 3253 3254 3292
f 3312 3220 3311
f 3313 3220 3312
f 3305 3189 3190
f 3305 3190 3191
f 3305 3191 3192
f 3305 3306 3189
f 3193 3305 3192
f 3194 3305 3193
f 3252 3253 3293
f 3304 3194 3195
f 3304 3305 3194
f 3251 3252 3293
f 2547 3295 3274
f 2547 3274 2546
f 3294 3251 3293
f 3250 3251 3294
f 2548 3294 3295
f 2548 3295 2547
f 3197 3303 3196
f 2712 2711 3219
f 2343 3294 2548
f 2343 3250 3294
f 3302 3197 3198
f 3199 3302 3198
f 3213 2713 3214
f 3212 2713 3213
f 3211 2713 3212
f 2653 2713 3211
f 3301 3199 3200
f 3301 3200 3201
f 3301 3302 3199
f 3203 3218 3318
f 3203 3318 3296
f 3204 3203 3296
f 3300 3201 3202
f 3300 3301 3201
f 2422 3300 3202
f 2563 3299 3300
f 2563 3300 2422
f 2564 3298 3299
f 2564 3299 2563
f 2565 3298 2564
f 3195 3196 3304
f 3289 3290 3256
f 3290 3291 3255
f 3302 3303 3197
f 3303 3304 3196
f 3319 3231 3232
f 3319 3232 3233
f 3319 3233 2694
f 3320 3319 2694
f 3321 3320 2694
f 3321 3234 3235
f 3321 3235 3236
f 3321 2694 3234
f 3322 3279 3280
f 3322 3280 3281
f 3322 3281 3282
f 3322 3319 3320
f 3322 3231 3319
f 3322 3282 3231
f 3323 3322 3320
f 3323 3278 3279
f 3323 3320 3321
f 3323 3279 3322
f 3324 3323 3321
f 3324 3236 3237
f 3324 3237 3238
f 3324 3238 3239
f 3324 3321 3236
f 3325 3278 3323
f 3325 3323 3324
f 3326 3277 3278
f 3326 3278 3325
f 3326 3324 3239
f 3326 3325 3324
f 3327 3239 3240
f 3327 3240 3241
f 3327 3326 3239
f 3327 3277 3326
f 3328 3327 3241
f 3328 3276 3277
f 3328 3277 3327
f 3328 3243 3276
f 3328 3241 3242
f 3328 3242 3243
f 3329 3275 3276
f 3329 3276 3243
f 3329 3243 3244
f 3329 3244 3245
f 3329 3245 3246
f 3330 3275 3329
f 3330 3247 2674
f 3330 3329 3246
f 3330 3246 3247
f 3331 2674 2673
f 3332 3330 2674
f 3332 3275 3330
f 3332 2674 3331
f 3333 3275 3332
f 3333 3332 3331
f 3333 3331 2673
f 3334 3274 3275
f 3334 3275 3333
f 3335 3333 2673
f 3335 3334 3333
f 3335 3274 3334
f 3336 3335 2673
f 3336 3274 3335
f 3336 2546 3274
f 3336 2673 2545
f 3336 2545 2546
f 3337 3314 3315
f 3337 3315 3316
f 3338 3220 3313
f 3338 3219 3220
f 3338 3313 3314
f 3338 3314 3337
f 3338 2712 3219
f 3339 3338 3337
f 3340 3339 3337
f 3340 3316 3317
f 3340 3337 3316
f 3341 3338 3339
f 3341 2713 2712
f 3341 3339 3340
f 3341 2712 3338
f 3342 3214 2713
f 3342 3215 3214
f 3342 3340 3317
f 3342 2713 3341
f 3342 3341 3340
f 3343 3342 3317
f 3343 3318 3218
f 3343 3216 3215
f 3343 3217 3216
f 3343 3218 3217
f 3343 3317 3318
f 3343 3215 3342
f 3344 3296 3297
f 3345 3344 3297
f 3346 3344 3345
f 3346 3205 3204
f 3346 3206 3205
f 3346 3296 3344
f 3346 3207 3206
f 3346 3208 3207
f 3346 3209 3208
f 3346 3210 3209
f 3346 2670 3210
f 3346 3204 3296
f 3347 2670 3346
f 3347 2671 2670
f 3347 3346 3345
f 3348 3345 3297
f 3348 3347 3345
f 3348 2671 3347
f 3349 3297 3298
f 3349 3348 3297
f 3350 3349 3298
f 3350 3348 3349
f 3351 2672 2671
f 3351 3348 3350
f 3351 2671 3348
f 3352 2565 2549
f 3352 2549 2672
f 3352 3350 3298
f 3352 2672 3351
f 3352 3298 2565
f 3352 3351 3350
f 3394 3395 3372
f 3396 3373 3395
f 3393 3394 3371
f 3397 3374 3396
f 3392 3393 3370
f 3369 3392 3370
f 3398 3375 3397
f 3376 3375 3398
f 3391 3369 3368
f 3391 3392 3369
f 3399 3376 3398
f 3367 3391 3368
f 3377 3376 3399
f 3390 3391 3367
f 3366 3390 3367
f 3400 3378 3377
f 3400 3377 3399
f 3365 3390 3366
f 3389 3390 3365
f 3379 3378 3400
f 3364 3389 3365
f 3401 3379 3400
f 3388 3389 3364
f 3380 3379 3401
f 3363 3388 3364
f 3402 3380 3401
f 3381 3380 3402
f 3387 3388 3363
f 3362 3387 3363
f 3403 3382 3381
f 3403 3381 3402
f 3361 3387 3362
f 3383 3382 3403
f 3386 3387 3361
f 3404 3383 3403
f 3384 3383 3404
f 3360 3386 3361
f 3385 3386 3360
f 3353 3384 3404
f 3405 3353 3404
f 3359 3385 3360
f 3410 3385 3359
f 3406 3354 3405
f 3358 3410 3359
f 3409 3410 3358
f 3407 3355 3406
f 3408 3409 3357
f 3356 3407 3408
f 3354 3353 3405
f 3355 3354 3406
f 3356 3355 3407
f 3357 3356 3408
f 3358 3357 3409
f 3371 3370 3393
f 3372 3371 3394
f 3373 3372 3395
f 3374 3373 3396
f 3375 3374 3397
f 2922 3412 3411
f 2921 3413 3412
f 2921 3414 3413
f 2921 3412 2922
f 1536 1537 3414
f 1536 3414 2921
f 1526 2958 2957
f 1526 1525 2958
f 3035 3411 3036
f 2922 3411 3035
f 3415 3050 3049
f 3051 3050 3415
f 3416 3415 3049
f 3088 3417 3416
f 3088 3416 3049
f 3087 3418 3417
f 3087 3419 3418
f 3087 3417 3088
f 3086 3420 3419
f 3086 3421 3420
f 3086 3419 3087
f 3425 3421 3086
f 3084 3421 3425
f 3083 3421 3084
f 3082 3421 3083
f 3424 3421 3082
f 3080 3421 3424
f 3079 3421 3080
f 3078 3422 3421
f 3078 3421 3079
f 3077 3423 3422
f 3077 3422 3078
f 1547 1546 3423
f 1547 3423 3077
f 1551 1552 3107
f 3106 1551 3107
f 3435 3278 3434
f 3285 3284 3283
f 3289 3288 3444
f 3290 3289 3445
f 3455 3279 3278
f 3455 3435 3436
f 3455 3278 3435
f 3456 3436 3437
f 3456 3279 3455
f 3456 3455 3436
f 3457 3280 3279
f 3457 3279 3456
f 3457 3456 3437
f 3458 3281 3280
f 3458 3282 3281
f 3458 3437 3438
f 3458 3438 3439
f 3458 3280 3457
f 3458 3457 3437
f 3459 3283 3282
f 3459 3282 3458
f 3459 3286 3285
f 3459 3439 3440
f 3459 3440 3441
f 3459 3441 3442
f 3459 3285 3283
f 3459 3458 3439
f 3460 3459 3442
f 3460 3287 3286
f 3460 3288 3287
f 3460 3442 3443
f 3460 3286 3459
f 3461 3288 3460
f 3461 3443 3444
f 3461 3460 3443
f 3461 3444 3288
f 3462 3289 3444
f 3462 3445 3289
f 3462 3444 3445
f 3463 3291 3290
f 3464 3433 3434
f 3464 3434 3465
f 3466 3278 3277
f 3466 3465 3434
f 3466 3277 3465
f 3466 3434 3278
f 3467 3290 3445
f 3467 3463 3290
f 3467 3445 3446
f 3467 3446 3463
f 3468 3291 3463
f 3468 3463 3446
f 3469 3292 3291
f 3469 3451 3452
f 3469 3452 3453
f 3469 3453 3454
f 3469 3454 3292
f 3470 3451 3469
f 3470 3469 3291
f 3471 3291 3468
f 3471 3451 3470
f 3471 3470 3291
f 3471 3446 3447
f 3471 3447 3448
f 3471 3448 3449
f 3471 3449 3450
f 3471 3450 3451
f 3471 3468 3446
f 3472 3277 3276
f 3472 3465 3277
f 3472 3464 3465
f 3473 3430 3431
f 3473 3431 3432
f 3473 3432 3433
f 3473 3464 3472
f 3473 3433 3464
f 3474 3276 3426
f 3474 3426 3427
f 3474 3427 3428
f 3474 3428 3429
f 3474 3429 3430
f 3474 3473 3472
f 3474 3472 3276
f 3474 3430 3473
f 3426 3276 3275
f 3427 3426 3275
f 3431 3430 3476
f 3432 3431 3476
f 3433 3432 3476
f 3487 3475 3476
f 3487 3275 3274
f 3487 3274 3477
f 3487 3477 3478
f 3487 3478 3479
f 3487 3479 3480
f 3487 3480 3481
f 3487 3481 3482
f 3487 3482 3483
f 3487 3483 3484
f 3487 3484 3485
f 3487 3485 3486
f 3487 3486 3475
f 3488 3428 3427
f 3488 3429 3428
f 3488 3430 3429
f 3488 3487 3476
f 3488 3275 3487
f 3488 3427 3275
f 3488 3476 3430
f 3536 3503 3504
f 3536 3537 3503
f 3538 3503 3537
f 3535 3536 3504
f 3539 3502 3503
f 3539 3503 3538
f 3534 3535 3504
f 3540 3502 3539
f 3540 3500 3501
f 3540 3501 3502
f 3533 3534 3504
f 3533 3504 3515
f 3517 3533 3515
f 3517 3507 3506
f 3517 3508 3507
f 3517 3509 3508
f 3517 3510 3509
f 3517 3511 3510
f 3517 3512 3511
f 3517 3513 3512
f 3517 3514 3513
f 3517 3515 3514
f 3541 3500 3540
f 3499 3500 3541
f 3532 3533 3517
f 3542 3499 3541
f 3531 3532 3517
f 3498 3499 3542
f 3543 3498 3542
f 3530 3531 3517
f 3497 3498 3543
f 3497 3543 3544
f 3496 3497 3544
f 3496 3544 3545
f 3495 3496 3545
f 3495 3545 3546
f 3494 3546 3547
f 3494 3495 3546
f 3526 3530 3517
f 3525 3526 3517
f 3489 3527 3528
f 3489 3528 3529
f 3489 3529 3530
f 3489 3530 3526
f 3524 3525 3517
f 3523 3524 3517
f 3522 3523 3517
f 3521 3522 3517
f 3493 3547 3548
f 3493 3494 3547
f 3520 3521 3517
f 3519 3520 3517
f 3492 3493 3548
f 3492 3548 3549
f 3490 3550 3551
f 3490 3551 3552
f 3490 3552 3527
f 3490 3527 3489
f 3491 3549 3550
f 3491 3492 3549
f 3491 3550 3490
f 3518 3519 3517
f 3517 3516 3518
f 3505 3517 3506
f 3564 3553 3554
f 3564 3555 3294
f 3564 3556 3555
f 3564 3557 3556
f 3564 3558 3557
f 3564 3559 3558
f 3564 3560 3559
f 3564 3561 3560
f 3564 3562 3561
f 3564 3563 3562
f 3564 3554 3563
f 3564 3294 3293
f 3565 3447 3553
f 3565 3293 3292
f 3565 3448 3447
f 3565 3449 3448
f 3565 3450 3449
f 3565 3451 3450
f 3565 3452 3451
f 3565 3453 3452
f 3565 3454 3453
f 3565 3292 3454
f 3566 3553 3564
f 3566 3293 3565
f 3566 3565 3553
f 3566 3564 3293
f 3568 3583 3584
f 3568 3584 3585
f 3568 3585 3567
f 3297 3296 3579
f 3297 3579 3580
f 3586 3568 3569
f 3586 3570 3298
f 3586 3571 3570
f 3586 3572 3571
f 3586 3573 3572
f 3586 3574 3573
f 3586 3575 3574
f 3586 3576 3575
f 3586 3577 3576
f 3586 3578 3577
f 3586 3569 3578
f 3586 3298 3297
f 3587 3580 3581
f 3587 3581 3582
f 3587 3582 3583
f 3587 3297 3580
f 3587 3568 3586
f 3587 3583 3568
f 3587 3586 3297
f 3316 3600 3317
f 3609 3600 3601
f 3609 3318 3317
f 3609 3317 3600
f 3610 3599 3600
f 3610 3600 3316
f 3610 3316 3599
f 3611 3598 3599
f 3611 3316 3315
f 3611 3599 3316
f 3612 3315 3314
f 3612 3611 3315
f 3612 3598 3611
f 3613 3596 3597
f 3613 3597 3598
f 3613 3598 3612
f 3613 3314 3313
f 3613 3612 3314
f 3614 3593 3594
f 3614 3594 3595
f 3614 3595 3596
f 3614 3309 3308
f 3614 3310 3309
f 3614 3311 3310
f 3614 3312 3311
f 3614 3313 3312
f 3614 3613 3313
f 3614 3596 3613
f 3615 3591 3592
f 3615 3592 3593
f 3615 3593 3614
f 3615 3307 3306
f 3615 3308 3307
f 3615 3614 3308
f 3616 3590 3591
f 3616 3591 3615
f 3616 3305 3590
f 3616 3306 3305
f 3616 3615 3306
f 3617 3589 3590
f 3617 3590 3305
f 3617 3304 3589
f 3617 3305 3304
f 3618 3601 3567
f 3618 3583 3582
f 3618 3584 3583
f 3618 3585 3584
f 3618 3567 3585
f 3619 3582 3581
f 3619 3618 3582
f 3619 3318 3618
f 3620 3318 3619
f 3620 3619 3581
f 3621 3318 3620
f 3621 3620 3581
f 3621 3579 3296
f 3621 3580 3579
f 3621 3581 3580
f 3621 3296 3318
f 3622 3609 3601
f 3622 3618 3318
f 3622 3601 3618
f 3622 3318 3609
f 3623 3589 3304
f 3623 3304 3303
f 3623 3303 3624
f 3623 3624 3589
f 3625 3588 3589
f 3625 3589 3624
f 3626 3625 3624
f 3626 3303 3302
f 3626 3624 3303
f 3627 3625 3626
f 3627 3626 3302
f 3628 3588 3625
f 3628 3607 3608
f 3628 3608 3588
f 3628 3625 3627
f 3629 3302 3602
f 3629 3602 3603
f 3629 3603 3604
f 3629 3604 3605
f 3629 3605 3606
f 3629 3606 3607
f 3629 3607 3628
f 3629 3628 3627
f 3629 3627 3302
f 3641 3631 3588
f 3641 3602 3302
f 3641 3603 3602
f 3641 3604 3603
f 3641 3605 3604
f 3641 3606 3605
f 3641 3607 3606
f 3641 3608 3607
f 3641 3588 3608
f 3641 3302 3301
f 3642 3630 3631
f 3642 3301 3300
f 3642 3632 3630
f 3642 3633 3632
f 3642 3634 3633
f 3642 3635 3634
f 3642 3636 3635
f 3642 3637 3636
f 3642 3638 3637
f 3642 3639 3638
f 3642 3640 3639
f 3642 3300 3640
f 3643 3631 3641
f 3643 3641 3301
f 3643 3642 3631
f 3643 3301 3642
f 3647 3201 3200
f 3647 3200 3644
f 3647 3644 3645
f 3647 3645 3646
f 3647 3646 2351
f 3648 3201 3647
f 3648 3647 2351
f 3649 3202 3201
f 3649 3201 3648
f 3649 3648 2351
f 3650 3202 3649
f 3651 2351 2337
f 3651 3649 2351
f 3651 3650 3649
f 3652 2422 3202
f 3652 2336 2423
f 3652 2423 2424
f 3652 2424 2422
f 3652 3202 3650
f 3652 3651 3653
f 3652 3650 3651
f 3654 2337 2338
f 3654 2338 2339
f 3654 2339 2340
f 3654 2340 2341
f 3654 2341 2342
f 3654 2342 2336
f 3654 3651 2337
f 3654 3652 3653
f 3654 2336 3652
f 3654 3653 3651
f 3646 3656 3655
f 3646 3655 2351
f 3645 3657 3656
f 3645 3656 3646
f 3644 3199 3657
f 3644 3657 3645
f 3200 3199 3644
f 3198 3664 3665
f 3198 3665 3666
f 3198 3666 3199
f 3663 3664 3198
f 3197 3663 3198
f 3662 3663 3197
f 3196 3662 3197
f 3660 3661 3662
f 3659 3660 3662
f 3658 3659 3662
f 3195 3662 3196
f 3195 3658 3662
f 3660 3680 3681
f 3660 3681 3661
f 3679 3680 3660
f 3659 3679 3660
f 3678 3679 3659
f 3194 3658 3195
f 3193 3658 3194
f 3192 3658 3193
f 3189 3675 3190
f 3672 3673 3674
f 3667 3668 3188
f 3187 3667 3188
f 3682 3675 3676
f 3682 3676 3677
f 3682 3677 3678
f 3682 3659 3658
f 3682 3191 3190
f 3682 3192 3191
f 3682 3678 3659
f 3682 3658 3192
f 3682 3190 3675
f 3683 3674 3675
f 3683 3189 3188
f 3683 3675 3189
f 3684 3668 3669
f 3684 3669 3670
f 3684 3670 3671
f 3684 3671 3672
f 3684 3683 3188
f 3684 3674 3683
f 3684 3672 3674
f 3684 3188 3668
f 3687 3668 3667
f 3687 3669 3668
f 3687 3670 3669
f 3687 3671 3670
f 3687 3672 3671
f 3687 3673 3672
f 3686 3687 3273
f 3272 3686 3273
f 3685 3686 3272
f 3701 3272 3271
f 3701 3685 3272
f 3700 3701 3271
f 3270 3700 3271
f 3699 3700 3270
f 3269 3699 3270
f 3698 3699 3269
f 3697 3698 3269
f 3268 3697 3269
f 3696 3697 3268
f 3267 3696 3268
f 3688 3696 3267
f 3689 3696 3688
f 3690 3696 3689
f 3691 3696 3690
f 3692 3696 3691
f 3693 3696 3692
f 3694 3696 3693
f 3695 3696 3694
f 3187 3687 3667
f 3187 3273 3687
f 3713 3694 3693
f 3713 3695 3694
f 3266 3688 3267
f 3266 3689 3688
f 3703 3704 3705
f 3703 3705 3706
f 3703 3706 3707
f 3258 3702 3259
f 3257 3702 3258
f 3714 3710 3711
f 3714 3262 3261
f 3714 3263 3262
f 3715 3702 3703
f 3715 3707 3708
f 3715 3708 3709
f 3715 3709 3710
f 3715 3260 3259
f 3715 3261 3260
f 3715 3714 3261
f 3715 3710 3714
f 3715 3703 3707
f 3715 3259 3702
f 3716 3690 3689
f 3716 3691 3690
f 3716 3692 3691
f 3716 3693 3692
f 3716 3266 3265
f 3716 3713 3693
f 3716 3689 3266
f 3717 3716 3265
f 3717 3713 3716
f 3718 3712 3713
f 3718 3265 3264
f 3718 3713 3717
f 3718 3717 3265
f 3719 3718 3264
f 3719 3712 3718
f 3720 3711 3712
f 3720 3264 3263
f 3720 3263 3714
f 3720 3712 3719
f 3720 3714 3711
f 3720 3719 3264
f 3256 3702 3257
f 3256 3703 3702
f 3256 3704 3703
f 3723 3704 3256
f 3255 3723 3256
f 3722 3723 3255
f 3254 3722 3255
f 3721 3722 3254
f 3726 3721 3254
f 3725 3726 3254
f 3724 3725 3254
f 3253 3724 3254
f 3730 3729 2359
f 3731 3728 3729
f 3731 3729 3730
f 3732 3727 3728
f 3732 3728 3731
f 3253 3252 3727
f 3253 3727 3732
f 3733 3251 3250
f 3733 3250 3734
f 3733 3734 2359
f 3735 3727 3252
f 3735 3728 3727
f 3735 3729 3728
f 3735 2359 3729
f 3735 3252 3251
f 3735 3251 3733
f 3735 3733 2359
f 3736 2413 2359
f 3736 2359 3734
f 3737 3250 2343
f 3737 2343 2349
f 3737 2349 2350
f 3737 3738 3736
f 3739 3737 3736
f 3739 3250 3737
f 3739 3734 3250
f 3739 3736 3734
f 3740 2350 2348
f 3740 2348 2414
f 3740 2414 2415
f 3740 2415 2416
f 3740 2416 2417
f 3740 2417 2418
f 3740 2418 2413
f 3740 3736 3738
f 3740 3738 3737
f 3740 2413 3736
f 3740 3737 2350
f 3764 1568 1554
f 3764 1554 3752
f 3763 3752 3751
f 3763 3764 3752
f 3762 3750 3749
f 3762 3751 3750
f 3762 3763 3751
f 3761 3762 3749
f 3760 3748 3747
f 3760 3749 3748
f 3760 3761 3749
f 3759 3760 3747
f 3758 3746 3745
f 3758 3747 3746
f 3758 3759 3747
f 3757 3758 3745
f 3756 3745 3744
f 3756 3757 3745
f 3755 3744 3743
f 3755 3756 3744
f 3754 3743 3742
f 3754 3755 3743
f 3753 3742 3741
f 3753 3754 3742
f 1581 3741 1567
f 1581 3753 3741
f 3767 3766 3447
f 3446 3768 3767
f 3446 3769 3768
f 3446 3767 3447
f 3445 3770 3769
f 3445 3771 3770
f 3445 3769 3446
f 3444 3772 3771
f 3444 3771 3445
f 3443 3772 3444
f 3442 3772 3443
f 3765 3773 3772
f 3765 3772 3442
f 3440 3773 3765
f 3439 3773 3440
f 3438 3773 3439
f 3437 3773 3438
f 3436 3774 3773
f 3436 3773 3437
f 3435 3775 3774
f 3435 3774 3436
f 3434 3776 3775
f 3434 3777 3776
f 3434 3775 3435
f 3778 3777 3434
f 3433 3779 3778
f 3433 3778 3434
f 3779 3476 3475
f 3779 3433 3476
f 3766 3553 3447
f 3766 3554 3553
f 3781 3780 3567
f 3601 3782 3781
f 3601 3781 3567
f 3783 3782 3601
f 3600 3784 3783
f 3600 3783 3601
f 3599 3785 3784
f 3599 3786 3785
f 3599 3784 3600
f 3795 3786 3599
f 3597 3786 3795
f 3794 3786 3597
f 3595 3786 3794
f 3594 3787 3786
f 3594 3786 3595
f 3593 3787 3594
f 3592 3787 3593
f 3591 3787 3592
f 3590 3788 3787
f 3590 3789 3788
f 3590 3787 3591
f 3589 3790 3789
f 3589 3791 3790
f 3589 3789 3590
f 3792 3791 3589
f 3588 3793 3792
f 3588 3792 3589
f 3780 3568 3567
f 3569 3568 3780
f 3631 3630 3793
f 3588 3631 3793
f 3798 3665 3664
f 3798 3796 3665
f 3798 3199 3796
f 3798 3664 3655
f 3798 3655 3797
f 3798 3797 3657
f 3798 3657 3199
f 3799 3801 3661
f 3800 3801 3799
f 3662 3661 3801
f 3801 3664 3663
f 3801 3663 3662
f 3799 3681 3680
f 3799 3661 3681
f 3808 3678 3677
f 3808 3679 3678
f 3808 3680 3679
f 3808 3799 3680
f 3807 3677 3676
f 3807 3808 3677
f 3806 3676 3675
f 3806 3807 3676
f 3805 3675 3674
f 3805 3806 3675
f 3804 3805 3674
f 3803 3674 3673
f 3803 3804 3674
f 3802 3803 3673
f 3802 3686 3685
f 3802 3687 3686
f 3802 3673 3687
f 3814 3815 3816
f 3813 3814 3816
f 3812 3813 3816
f 3811 3812 3816
f 3810 3811 3816
f 3809 3816 3817
f 3809 3810 3816
f 3834 3809 3817
f 3818 3835 3834
f 3818 3834 3817
f 3836 3818 3819
f 3836 3819 3820
f 3836 3820 3821
f 3836 3821 3822
f 3836 3822 3823
f 3836 3835 3818
f 3837 3836 3823
f 3833 3837 3823
f 3824 3833 3823
f 3826 3824 3825
f 3826 3833 3824
f 3827 3826 3825
f 3828 3825 3832
f 3828 3827 3825
f 3830 3832 3831
f 3829 3832 3830
f 3829 3828 3832
f 3838 3696 3695
f 3697 3696 3838
f 3698 3697 3838
f 3840 3838 3695
f 3840 3695 3713
f 3841 3713 3712
f 3841 3840 3713
f 3842 3712 3711
f 3842 3841 3712
f 3843 3711 3710
f 3843 3842 3711
f 3844 3709 3708
f 3844 3710 3709
f 3844 3843 3710
f 3845 3706 3705
f 3845 3707 3706
f 3845 3708 3707
f 3845 3844 3708
f 3839 3705 3704
f 3839 3845 3705
f 3839 3704 3846
f 3847 3839 3846
f 3723 3846 3704
f 3721 3846 3722
f 3722 3846 3723
f 3724 3850 3730
f 3724 3732 3850
f 3724 3253 3732
f 3848 3726 3725
f 3849 3726 3848
f 3851 3730 3848
f 3851 3725 3724
f 3851 3724 3730
f 3851 3848 3725
f 3891 3877 3878
f 3891 3878 3892
f 3879 3892 3878
f 3893 3892 3879
f 3890 3876 3877
f 3890 3877 3891
f 3880 3893 3879
f 3894 3893 3880
f 3889 3876 3890
f 3875 3876 3889
f 3881 3894 3880
f 3852 3894 3881
f 3853 3894 3852
f 3888 3875 3889
f 3874 3875 3888
f 3895 3853 3854
f 3895 3854 3855
f 3856 3895 3855
f 3887 3874 3888
f 3873 3874 3887
f 3896 3895 3856
f 3857 3896 3856
f 3886 3873 3887
f 3872 3873 3886
f 3897 3896 3857
f 3858 3897 3857
f 3885 3872 3886
f 3871 3872 3885
f 3898 3897 3858
f 3859 3898 3858
f 3884 3871 3885
f 3870 3871 3884
f 3899 3898 3859
f 3860 3899 3859
f 3883 3870 3884
f 3869 3870 3883
f 3900 3899 3860
f 3861 3900 3860
f 3882 3869 3883
f 3868 3869 3882
f 3901 3900 3861
f 3862 3901 3861
f 3867 3868 3882
f 3867 3882 3906
f 3902 3901 3862
f 3863 3902 3862
f 3866 3867 3906
f 3866 3906 3905
f 3903 3902 3863
f 3864 3903 3863
f 3904 3903 3864
f 3865 3905 3904
f 3865 3866 3905
f 3865 3904 3864
f 3909 3910 3908
f 3907 3909 3908
f 3912 3911 3913
f 3914 3912 3913
f 3915 3917 3918
f 3915 3918 3916
f 3919 3921 3922
f 3919 3922 3920
f 3926 3923 3925
f 3924 3923 3926
f 3929 3930 3928
f 3927 3929 3928
f 3931 3934 3932
f 3933 3934 3931
f 3938 3935 3937
f 3936 3935 3938
f 3940 3939 3941
f 3942 3940 3941
f 3944 3943 3945
f 3946 3944 3945
f 3947 3950 3948
f 3949 3950 3947
f 3954 3951 3953
f 3952 3951 3954
f 3956 3955 3957
f 3958 3956 3957
f 3960 3959 3961
f 3962 3960 3961
f 3964 3963 3965
f 3966 3964 3965
f 3968 3967 3969
f 3970 3968 3969
f 3973 3972 3971
f 3973 3974 3972
f 3978 3975 3977
f 3976 3975 3978
f 1590 1589 3979
f 3993 3979 3980
f 3993 1590 3979
f 3994 3980 3981
f 3994 3993 3980
f 3995 3981 3982
f 3995 3994 3981
f 3996 3982 3983
f 3996 3995 3982
f 3997 3983 3984
f 3997 3996 3983
f 3998 3997 3984
f 3986 3984 3985
f 3986 3998 3984
f 3999 3998 3986
f 3987 3999 3986
f 4000 3987 3988
f 4000 3999 3987
f 4001 3988 3989
f 4001 4000 3988
f 4002 3989 3990
f 4002 4001 3989
f 4003 3990 3991
f 4003 4002 3990
f 4004 3991 3992
f 4004 4003 3991
f 1591 3992 1604
f 1591 4004 3992
f 4005 4009 4010
f 4008 4006 4007
f 4008 4009 4006
f 4006 4009 4005
f 4012 4011 4016
f 4012 4016 4015
f 4012 4015 4014
f 4012 4014 4013
f 4031 1626 1625
f 4031 1625 4017
f 4032 4017 4018
f 4032 4031 4017
f 4033 4018 4019
f 4033 4032 4018
f 4034 4019 4020
f 4034 4033 4019
f 4035 4020 4021
f 4035 4021 4022
f 4035 4034 4020
f 4036 4035 4022
f 4037 4022 4023
f 4037 4036 4022
f 4038 4023 4024
f 4038 4037 4023
f 4039 4024 4025
f 4039 4038 4024
f 4040 4025 4026
f 4040 4039 4025
f 4041 4026 4027
f 4041 4040 4026
f 4042 4027 4028
f 4042 4028 4029
f 4042 4041 4027
f 4030 4042 4029
f 4064 4066 4065
f 4068 4067 4066
f 4068 4066 4064
f 4043 4064 4063
f 4062 4068 4064
f 4062 4064 4043
f 4072 4043 4071
f 4070 4071 4043
f 4073 4043 4072
f 4074 4062 4043
f 4074 4043 4073
f 4075 4062 4074
f 4069 4070 4043
f 4160 4075 4076
f 4160 4076 4077
f 4160 4062 4075
f 4078 4160 4077
f 4079 4160 4078
f 4164 4079 4080
f 4164 4080 4081
f 4164 4081 4082
f 4164 4082 4083
f 4164 4160 4079
f 4084 4164 4083
f 4125 4086 4087
f 4125 4087 4088
f 4125 4088 4089
f 4125 4089 4090
f 4125 4090 4091
f 4125 4091 4092
f 4125 4092 4069
f 4159 4062 4160
f 4126 4084 4085
f 4126 4085 4086
f 4126 4086 4125
f 4126 4164 4084
f 4163 4164 4126
f 4124 4125 4069
f 4109 4159 4108
f 4107 4108 4159
f 4107 4159 4161
f 4110 4159 4109
f 4111 4159 4110
f 4112 4159 4111
f 4123 4127 4163
f 4123 4163 4126
f 4122 4124 4121
f 4122 4123 4124
f 4106 4107 4161
f 4128 4161 4162
f 4128 4106 4161
f 4105 4106 4128
f 4104 4105 4128
f 4103 4104 4128
f 4044 4124 4069
f 4044 4121 4124
f 4044 4069 4043
f 4120 4121 4044
f 4048 4050 4049
f 4048 4051 4050
f 4048 4044 4051
f 4102 4103 4128
f 4046 4048 4047
f 4046 4044 4048
f 4045 4120 4044
f 4045 4044 4046
f 4058 4159 4112
f 4058 4112 4113
f 4058 4113 4114
f 4058 4114 4115
f 4058 4115 4116
f 4058 4116 4117
f 4058 4117 4118
f 4058 4118 4093
f 4058 4062 4159
f 4061 4060 4059
f 4057 4059 4058
f 4057 4058 4093
f 4057 4061 4059
f 4119 4120 4045
f 4094 4057 4093
f 4130 4119 4045
f 4130 4122 4119
f 4150 4149 4128
f 4148 4102 4128
f 4148 4128 4149
f 4151 4150 4128
f 4147 4100 4101
f 4147 4101 4102
f 4147 4102 4148
f 4146 4100 4147
f 4146 4099 4100
f 4158 4099 4146
f 4158 4098 4099
f 4157 4098 4158
f 4157 4096 4097
f 4157 4097 4098
f 4156 4095 4096
f 4156 4096 4157
f 4129 4143 4144
f 4129 4144 4145
f 4129 4130 4045
f 4129 4142 4143
f 4155 4095 4156
f 4155 4094 4095
f 4141 4142 4129
f 4154 4094 4155
f 4154 4057 4094
f 4140 4141 4129
f 4153 4057 4154
f 4139 4140 4129
f 4138 4139 4129
f 4052 4129 4045
f 4052 4138 4129
f 4052 4133 4134
f 4052 4134 4135
f 4052 4135 4136
f 4052 4136 4137
f 4052 4137 4138
f 4055 4052 4056
f 4053 4153 4131
f 4053 4057 4153
f 4053 4133 4052
f 4053 4131 4132
f 4053 4132 4133
f 4054 4052 4055
f 4054 4053 4052
f 4127 4128 4162
f 4128 4129 4145
f 4128 4145 4152
f 4128 4152 4151
f 4130 4127 4123
f 4130 4123 4122
f 4162 4163 4127
f 4167 4168 4170
f 4169 4167 4170
f 4172 4170 4168
f 4165 4172 4168
f 4166 4171 4172
f 4166 4172 4165
f 4166 4167 4169
f 4166 4169 4171
f 4175 4176 4178
f 4177 4175 4178
f 4180 4178 4176
f 4173 4180 4176
f 4174 4179 4180
f 4174 4180 4173
f 4174 4175 4177
f 4174 4177 4179
f 4189 4184 4188
f 4183 4184 4189
f 4187 4188 4184
f 4191 4189 4190
f 4191 4183 4189
f 4192 4183 4191
f 4186 4192 4185
f 4186 4187 4197
f 4198 4186 4197
f 4182 4196 4197
f 4182 4187 4184
f 4182 4197 4187
f 4200 4198 4199
f 4200 4192 4186
f 4200 4186 4198
f 4195 4196 4182
f 4193 4194 4195
f 4181 4200 4193
f 4181 4195 4182
f 4181 4193 4195
f 4181 4183 4200
f 4200 4183 4192
f 4202 4208 4201
f 4202 4209 4208
f 4203 4210 4209
f 4203 4209 4202
f 4204 4211 4210
f 4204 4210 4203
f 4205 4212 4211
f 4205 4211 4204
f 4206 4213 4212
f 4206 4212 4205
f 4207 4214 4213
f 4207 4213 4206
f 1642 1649 4214
f 1642 4214 4207
f 4242 4231 4230
f 4241 4231 4242
f 4232 4231 4241
f 4240 4232 4241
f 4233 4232 4240
f 4239 4233 4240
f 4234 4233 4239
f 4238 4234 4239
f 4235 4234 4238
f 4237 4235 4238
f 4236 4235 4237
f 4222 4236 4237
f 4223 4236 4222
f 4229 4216 4215
f 4224 4222 4221
f 4224 4223 4222
f 4217 4216 4229
f 4228 4217 4229
f 4225 4221 4220
f 4225 4224 4221
f 4218 4217 4228
f 4227 4219 4218
f 4227 4218 4228
f 4226 4220 4219
f 4226 4225 4220
f 4226 4219 4227
f 4288 4268 4267
f 4289 4267 4266
f 4289 4288 4267
f 4287 4269 4268
f 4287 4268 4288
f 4290 4266 4265
f 4290 4289 4266
f 4286 4270 4269
f 4286 4269 4287
f 4291 4265 4264
f 4291 4290 4265
f 4285 4245 4270
f 4285 4270 4286
f 4246 4245 4285
f 4292 4291 4264
f 4263 4292 4264
f 4284 4246 4285
f 4293 4292 4263
f 4247 4246 4284
f 4283 4247 4284
f 4262 4293 4263
f 4294 4293 4262
f 4248 4247 4283
f 4282 4248 4283
f 4261 4294 4262
f 4295 4294 4261
f 4249 4248 4282
f 4249 4282 4281
f 4260 4296 4295
f 4260 4295 4261
f 4250 4249 4281
f 4250 4281 4280
f 4259 4296 4260
f 4259 4297 4296
f 4251 4250 4280
f 4251 4280 4279
f 4271 4297 4259
f 4271 4272 4297
f 4258 4271 4259
f 4244 4273 4272
f 4244 4272 4271
f 4252 4251 4279
f 4252 4279 4278
f 4257 4244 4243
f 4257 4273 4244
f 4257 4274 4273
f 4253 4278 4277
f 4253 4252 4278
f 4256 4275 4274
f 4256 4274 4257
f 4254 4277 4276
f 4254 4253 4277
f 4255 4276 4275
f 4255 4254 4276
f 4255 4275 4256
f 4298 4304 4303
f 4299 4305 4304
f 4299 4304 4298
f 4300 4306 4305
f 4300 4305 4299
f 4301 4307 4306
f 4301 4306 4300
f 4302 1671 4307
f 4302 4307 4301
f 1658 1671 4302
f 4311 4308 4310
f 4309 4308 4311
f 4326 4324 4325
f 4337 4323 4324
f 4337 4324 4326
f 4336 4322 4323
f 4336 4323 4337
f 4335 4321 4322
f 4335 4322 4336
f 4334 4320 4321
f 4334 4321 4335
f 4333 4319 4320
f 4333 4320 4334
f 4332 4318 4319
f 4332 4319 4333
f 4331 4317 4318
f 4331 4318 4332
f 4330 4316 4317
f 4330 4317 4331
f 4329 4315 4316
f 4329 4316 4330
f 4328 4314 4315
f 4328 4315 4329
f 4327 4313 4314
f 4327 4314 4328
f 4312 4313 4327
f 4339 4340 4341
f 4339 4341 4338
f 4356 4354 4355
f 4367 4353 4354
f 4367 4354 4356
f 4366 4352 4353
f 4366 4353 4367
f 4365 4351 4352
f 4365 4352 4366
f 4364 4350 4351
f 4364 4351 4365
f 4363 4349 4350
f 4363 4350 4364
f 4362 4348 4349
f 4362 4349 4363
f 4361 4347 4348
f 4361 4348 4362
f 4360 4346 4347
f 4360 4347 4361
f 4359 4345 4346
f 4359 4346 4360
f 4358 4344 4345
f 4358 4345 4359
f 4357 4343 4344
f 4357 4344 4358
f 4342 4343 4357
f 4369 4371 4368
f 4370 4371 4369
f 4374 4372 4373
f 4375 4372 4374
f 4376 4378 4379
f 4377 4378 4376
f 4383 4380 4381
f 4382 4383 4381
f 4387 4385 4384
f 4387 4384 4386
f 4390 4388 4389
f 4391 4388 4390
f 4392 4394 4395
f 4393 4394 4392
f 4399 4396 4397
f 4398 4399 4397
f 4403 4401 4400
f 4403 4400 4402
f 4406 4407 4404
f 4405 4406 4404
f 4410 4411 4408
f 4409 4410 4408
f 4413 4415 4412
f 4414 4415 4413
f 4419 4417 4418
f 4416 4417 4419
f 4421 4420 4422
f 4423 4421 4422
f 4430 4431 4432
f 4429 4430 4432
f 4428 4429 4432
f 4427 4428 4432
f 4426 4427 4432
f 4425 4426 4432
f 4424 4425 4432
f 4441 4424 4432
f 4440 4441 4432
f 4439 4440 4432
f 4433 4435 4436
f 4433 4436 4437
f 4433 4437 4438
f 4433 4438 4439
f 4433 4439 4432
f 4434 4435 4433
f 4444 4442 4443
f 4445 4442 4444
f 4449 4446 4448
f 4450 4446 4449
f 4451 4446 4450
f 4452 4446 4451
f 4453 4446 4452
f 4454 4446 4453
f 4455 4446 4454
f 4447 4457 4458
f 4447 4458 4459
f 4447 4459 4460
f 4447 4460 4461
f 4447 4461 4462
f 4463 4447 4462
f 4447 4446 4457
f 4457 4446 4456
f 4456 4446 4455
f 4466 4464 4465
f 4467 4464 4466
f 4471 4468 4470
f 4469 4468 4471
f 4475 4472 4473
f 4474 4475 4473
f 4477 4476 4478
f 4479 4477 4478
f 4482 4480 4481
f 4483 4480 4482
f 4487 4484 4486
f 4485 4484 4487
f 4491 4488 4489
f 4490 4491 4489
f 4493 4492 4494
f 4495 4493 4494
f 4498 4496 4497
f 4498 4499 4496
f 4501 4502 4503
f 4500 4501 4503
f 4507 4504 4505
f 4506 4507 4505
f 4511 4509 4510
f 4508 4509 4511
f 4515 4512 4513
f 4515 4513 4514
f 4516 4517 4518
f 4516 4518 4519
f 4520 4521 4522
f 4523 4520 4522
f 4524 4525 4526
f 4527 4524 4526
f 4529 4530 4531
f 4528 4529 4531
f 4535 4532 4533
f 4534 4535 4533
f 4539 4537 4538
f 4536 4537 4539
f 4543 4540 4541
f 4543 4541 4542
f 4544 4545 4546
f 4544 4546 4547
f 4548 4549 4550
f 4551 4548 4550
f 4552 4553 4554
f 4555 4552 4554
f 4557 4559 4556
f 4558 4559 4557
f 4560 4562 4561
f 4560 4563 4562
f 4560 4564 4563
f 4560 4565 4564
f 4560 4572 4565
f 4560 4573 4572
f 4560 4574 4573
f 4560 4575 4574
f 4560 4576 4575
f 4560 4577 4576
f 4560 4578 4577
f 4560 4579 4578
f 4560 4580 4579
f 4560 4581 4580
f 4582 4581 4560
f 4583 4582 4560
f 4567 4583 4560
f 4568 4567 4560
f 4569 4568 4560
f 4570 4569 4560
f 4571 4560 4566
f 4571 4570 4560
f 4584 4597 4596
f 4593 4595 4594
f 4593 4596 4595
f 4590 4592 4591
f 4590 4593 4592
f 4599 4585 4584
f 4599 4584 4596
f 4587 4589 4588
f 4587 4590 4589
f 4601 4600 4599
f 4602 4599 4596
f 4602 4601 4599
f 4604 4603 4602
f 4605 4602 4596
f 4605 4604 4602
f 4598 4587 4586
f 4607 4606 4605
f 4608 4598 4609
f 4608 4596 4593
f 4608 4593 4590
f 4608 4590 4587
f 4608 4607 4605
f 4608 4605 4596
f 4608 4587 4598
f 4610 4422 4420
f 4610 4420 4616
f 4610 4616 4617
f 4611 4617 4618
f 4611 4610 4617
f 4612 4618 4619
f 4612 4611 4618
f 4613 4619 4620
f 4613 4612 4619
f 4614 4620 4621
f 4614 4613 4620
f 4615 4621 4432
f 4615 4614 4621
f 4431 4615 4432
f 4622 4448 4446
f 4622 4446 4628
f 4622 4628 4629
f 4623 4629 4630
f 4623 4622 4629
f 4624 4630 4631
f 4624 4623 4630
f 4625 4631 4632
f 4625 4624 4631
f 4626 4632 4633
f 4626 4625 4632
f 4627 4633 4421
f 4627 4626 4633
f 4423 4627 4421
f 4641 4637 4636
f 4640 4641 4636
f 4639 4636 4635
f 4639 4640 4636
f 4638 4635 4634
f 4638 4639 4635
f 4433 4634 4434
f 4433 4638 4634
f 4447 4463 4649
f 4645 4447 4649
f 4644 4649 4648
f 4644 4645 4649
f 4643 4648 4647
f 4643 4644 4648
f 4642 4647 4646
f 4642 4643 4647
f 4654 4651 4650
f 4654 4650 4657
f 4652 4656 4657
f 4652 4657 4650
f 4655 4656 4652
f 4653 4655 4652
f 4653 4651 4654
f 4653 4654 4655
f 4662 4659 4658
f 4662 4658 4665
f 4660 4664 4665
f 4660 4665 4658
f 4663 4664 4660
f 4661 4663 4660
f 4661 4659 4662
f 4661 4662 4663
f 1702 1701 4666
f 4679 4666 4667
f 4679 1702 4666
f 4680 4667 4668
f 4680 4679 4667
f 4681 4668 4669
f 4681 4680 4668
f 4682 4669 4670
f 4682 4681 4669
f 4683 4670 4671
f 4683 4682 4670
f 4684 4671 4672
f 4684 4683 4671
f 4685 4672 4673
f 4685 4684 4672
f 4686 4673 4674
f 4686 4685 4673
f 4687 4674 4675
f 4687 4686 4674
f 4688 4675 4676
f 4688 4687 4675
f 4689 4676 4677
f 4689 4688 4676
f 4690 4677 4678
f 4690 4689 4677
f 1703 4678 1716
f 1703 4690 4678
f 4691 1480 1496
f 4704 4691 1496
f 4692 4691 4704
f 4705 4692 4704
f 4706 4693 4692
f 4706 4692 4705
f 4707 4694 4693
f 4707 4693 4706
f 4708 4695 4694
f 4708 4694 4707
f 4709 4696 4695
f 4709 4695 4708
f 4710 4696 4709
f 4711 4697 4696
f 4711 4696 4710
f 4712 4698 4697
f 4712 4697 4711
f 4713 4699 4698
f 4713 4698 4712
f 4714 4700 4699
f 4714 4699 4713
f 4715 4701 4700
f 4715 4700 4714
f 4716 4701 4715
f 4702 4701 4716
f 4717 4703 4702
f 4717 4702 4716
f 1481 1466 4703
f 1481 4703 4717
f 4721 4718 4719
f 4721 4719 4720
f 4725 4723 4724
f 4722 4723 4725
f 4727 4728 4729
f 4726 4727 4729
f 4730 4731 4732
f 4733 4730 4732
f 4737 4734 4735
f 4737 4735 4736
f 4741 4739 4740
f 4738 4739 4741
f 4743 4744 4745
f 4742 4743 4745
f 4746 4747 4748
f 4749 4746 4748
f 4772 1740 1739
f 4772 1739 4750
f 4773 4750 4751
f 4773 4772 4750
f 4774 4751 4752
f 4774 4773 4751
f 4775 4752 4753
f 4775 4774 4752
f 4776 4753 4754
f 4776 4775 4753
f 4755 4776 4754
f 4777 4776 4755
f 4756 4777 4755
f 4765 4777 4756
f 4757 4765 4756
f 4766 4765 4757
f 4758 4766 4757
f 4767 4766 4758
f 4759 4767 4758
f 4768 4759 4760
f 4768 4767 4759
f 4769 4760 4761
f 4769 4768 4760
f 4770 4761 4762
f 4770 4769 4761
f 4771 4762 4763
f 4771 4770 4762
f 4764 4771 4763
f 1748 4764 1723
f 1748 4771 4764
f 4778 1772 1771
f 4800 1772 4778
f 4801 4778 4779
f 4801 4800 4778
f 4802 4779 4780
f 4802 4801 4779
f 4781 4802 4780
f 4803 4802 4781
f 4782 4803 4781
f 4804 4803 4782
f 4783 4804 4782
f 4805 4804 4783
f 4784 4805 4783
f 4793 4805 4784
f 4785 4793 4784
f 4794 4793 4785
f 4786 4794 4785
f 4795 4786 4787
f 4795 4794 4786
f 4796 4787 4788
f 4796 4795 4787
f 4797 4788 4789
f 4797 4796 4788
f 4790 4797 4789
f 4798 4797 4790
f 4791 4798 4790
f 4799 4798 4791
f 4792 4799 4791
f 1781 4792 1755
f 1781 4799 4792
f 4848 4826 4825
f 4847 4825 4824
f 4847 4848 4825
f 4849 4827 4826
f 4849 4826 4848
f 4846 4824 4823
f 4846 4847 4824
f 4850 4828 4827
f 4850 4829 4828
f 4850 4827 4849
f 4845 4823 4822
f 4845 4846 4823
f 4851 4830 4829
f 4851 4829 4850
f 4844 4821 4820
f 4844 4822 4821
f 4844 4845 4822
f 4852 4831 4830
f 4852 4830 4851
f 4843 4820 4819
f 4843 4844 4820
f 4853 4832 4831
f 4853 4831 4852
f 4842 4843 4819
f 4842 4819 4818
f 4854 4832 4853
f 4833 4832 4854
f 4817 4842 4818
f 4841 4842 4817
f 4855 4833 4854
f 4834 4833 4855
f 4816 4841 4817
f 4816 4840 4841
f 4835 4834 4855
f 4835 4855 4856
f 4815 4840 4816
f 4815 4839 4840
f 4836 4835 4856
f 4836 4856 4857
f 4814 4839 4815
f 4814 4838 4839
f 4837 4836 4857
f 4806 4837 4857
f 4806 4857 4858
f 4813 4838 4814
f 4813 4863 4838
f 4807 4806 4858
f 4807 4858 4859
f 4812 4863 4813
f 4811 4862 4863
f 4811 4863 4812
f 4808 4859 4860
f 4808 4807 4859
f 4810 4861 4862
f 4810 4862 4811
f 4809 4860 4861
f 4809 4808 4860
f 4809 4861 4810
f 4906 4884 4883
f 4905 4883 4882
f 4905 4906 4883
f 4907 4885 4884
f 4907 4884 4906
f 4904 4882 4881
f 4904 4905 4882
f 4908 4886 4885
f 4908 4887 4886
f 4908 4885 4907
f 4903 4881 4880
f 4903 4904 4881
f 4909 4888 4887
f 4909 4887 4908
f 4902 4879 4878
f 4902 4880 4879
f 4902 4903 4880
f 4910 4889 4888
f 4910 4888 4909
f 4901 4878 4877
f 4901 4902 4878
f 4911 4890 4889
f 4911 4889 4910
f 4900 4901 4877
f 4900 4877 4876
f 4912 4890 4911
f 4891 4890 4912
f 4875 4900 4876
f 4899 4900 4875
f 4913 4891 4912
f 4892 4891 4913
f 4874 4899 4875
f 4874 4898 4899
f 4893 4892 4913
f 4893 4913 4914
f 4873 4898 4874
f 4873 4897 4898
f 4894 4893 4914
f 4894 4914 4915
f 4872 4896 4897
f 4872 4897 4873
f 4895 4894 4915
f 4864 4895 4915
f 4864 4915 4916
f 4871 4896 4872
f 4871 4921 4896
f 4865 4916 4917
f 4865 4864 4916
f 4870 4921 4871
f 4869 4920 4921
f 4869 4921 4870
f 4866 4917 4918
f 4866 4865 4917
f 4868 4919 4920
f 4868 4920 4869
f 4867 4918 4919
f 4867 4866 4918
f 4867 4919 4868
f 1790 4945 1789
f 4933 4944 4945
f 4933 4945 1790
f 4932 4943 4944
f 4932 4944 4933
f 4931 4942 4943
f 4931 4943 4932
f 4930 4941 4942
f 4930 4942 4931
f 4929 4940 4941
f 4929 4941 4930
f 4928 4939 4940
f 4928 4940 4929
f 4927 4938 4939
f 4927 4939 4928
f 4926 4937 4938
f 4926 4938 4927
f 4925 4936 4937
f 4925 4937 4926
f 4924 4936 4925
f 4923 4934 4935
f 4923 4935 4936
f 4923 4936 4924
f 4922 4934 4923
f 1803 1804 4934
f 1803 4934 4922
f 1818 4969 1817
f 4957 4969 1818
f 4956 4968 4969
f 4956 4969 4957
f 4955 4967 4968
f 4955 4968 4956
f 4954 4966 4967
f 4954 4967 4955
f 4953 4965 4966
f 4953 4966 4954
f 4952 4964 4965
f 4952 4965 4953
f 4951 4963 4964
f 4951 4964 4952
f 4950 4962 4963
f 4950 4963 4951
f 4949 4961 4962
f 4949 4962 4950
f 4948 4960 4961
f 4948 4961 4949
f 4947 4959 4960
f 4947 4960 4948
f 4946 1832 4958
f 4946 4958 4959
f 4946 4959 4947
f 1831 1832 4946
f 1857 4993 1851
f 4987 4992 4993
f 4987 4993 1857
f 4986 4991 4992
f 4986 4992 4987
f 4985 4990 4991
f 4985 4991 4986
f 4984 4989 4990
f 4984 4990 4985
f 4994 4988 4989
f 4994 4989 4984
f 4983 4994 4984
f 4982 4996 4997
f 4982 4997 4994
f 4982 4994 4983
f 4995 4974 4975
f 4981 4995 4996
f 4981 4996 4982
f 4980 4995 4981
f 4979 4973 4974
f 4979 4974 4995
f 4979 4995 4980
f 4978 4972 4973
f 4978 4973 4979
f 4977 4971 4972
f 4977 4972 4978
f 4976 4970 4971
f 4976 4971 4977
f 1870 1871 4970
f 1870 4970 4976
f 5034 5008 5007
f 5033 5007 5006
f 5033 5034 5007
f 5035 5009 5008
f 5035 5008 5034
f 5032 5033 5006
f 5005 5032 5006
f 5036 5010 5009
f 5036 5009 5035
f 5031 5032 5005
f 5037 5011 5010
f 5037 5010 5036
f 5004 5031 5005
f 5030 5031 5004
f 5012 5011 5037
f 5038 5012 5037
f 5003 5030 5004
f 5029 5030 5003
f 5013 5012 5038
f 5039 5013 5038
f 5002 5029 5003
f 5028 5029 5002
f 5014 5013 5039
f 5040 5014 5039
f 5001 5028 5002
f 5001 5027 5028
f 5015 5040 5041
f 5015 5014 5040
f 5000 5027 5001
f 5000 5026 5027
f 5016 5015 5041
f 5016 5041 5042
f 4999 5026 5000
f 4999 5025 5026
f 5017 5016 5042
f 5017 5042 5043
f 5024 5025 4999
f 4998 5024 4999
f 5018 5017 5043
f 5018 5043 5044
f 5023 5024 4998
f 5023 5048 5049
f 5023 5049 5024
f 5019 5018 5044
f 5019 5044 5045
f 5022 5048 5023
f 5022 5047 5048
f 5020 5019 5045
f 5020 5045 5046
f 5021 5046 5047
f 5021 5020 5046
f 5021 5047 5022
f 5052 5051 5050
f 5053 5052 5050
f 5057 5055 5054
f 5057 5054 5056
f 5094 5069 5068
f 5093 5068 5067
f 5093 5094 5068
f 5095 5070 5069
f 5095 5069 5094
f 5092 5067 5066
f 5092 5093 5067
f 5096 5071 5070
f 5096 5070 5095
f 5091 5092 5066
f 5097 5060 5071
f 5097 5071 5096
f 5090 5091 5066
f 5061 5060 5097
f 5072 5090 5066
f 5098 5061 5097
f 5089 5090 5072
f 5062 5061 5098
f 5078 5089 5072
f 5099 5062 5098
f 5088 5089 5078
f 5063 5062 5099
f 5077 5088 5078
f 5100 5063 5099
f 5087 5088 5077
f 5064 5063 5100
f 5076 5087 5077
f 5101 5064 5100
f 5086 5087 5076
f 5065 5064 5101
f 5075 5086 5076
f 5102 5065 5101
f 5085 5086 5075
f 5058 5065 5102
f 5074 5085 5075
f 5103 5058 5102
f 5084 5085 5074
f 5104 5058 5103
f 5073 5084 5074
f 5083 5084 5073
f 5083 5109 5084
f 5059 5058 5104
f 5059 5104 5105
f 5082 5109 5083
f 5082 5108 5109
f 5079 5105 5106
f 5079 5059 5105
f 5081 5107 5108
f 5081 5108 5082
f 5080 5106 5107
f 5080 5079 5106
f 5080 5107 5081
f 5112 5111 5110
f 5112 5113 5111
f 5114 5117 5116
f 5114 5116 5115
f 5141 1891 1877
f 5141 1877 5129
f 5140 5128 5127
f 5140 5129 5128
f 5140 5141 5129
f 5139 5140 5127
f 5138 5126 5125
f 5138 5127 5126
f 5138 5139 5127
f 5137 5125 5124
f 5137 5138 5125
f 5136 5137 5124
f 5135 5123 5122
f 5135 5124 5123
f 5135 5136 5124
f 5134 5135 5122
f 5133 5122 5121
f 5133 5134 5122
f 5132 5120 5119
f 5132 5121 5120
f 5132 5133 5121
f 5131 5132 5119
f 5130 5119 5118
f 5130 5131 5119
f 1904 5118 1890
f 1904 5130 5118
f 5165 1919 1905
f 5165 1905 5153
f 5164 5153 5152
f 5164 5165 5153
f 5163 5152 5151
f 5163 5164 5152
f 5162 5151 5150
f 5162 5163 5151
f 5161 5150 5149
f 5161 5162 5150
f 5160 5149 5148
f 5160 5161 5149
f 5159 5147 5146
f 5159 5148 5147
f 5159 5160 5148
f 5158 5159 5146
f 5157 5146 5145
f 5157 5158 5146
f 5156 5145 5144
f 5156 5157 5145
f 5155 5144 5143
f 5155 5156 5144
f 5154 5143 5142
f 5154 5155 5143
f 1932 5142 1918
f 1932 5154 5142
f 5189 1947 1933
f 5189 5177 5176
f 5189 1933 5177
f 5188 5176 5175
f 5188 5189 5176
f 5187 5188 5175
f 5186 5174 5173
f 5186 5175 5174
f 5186 5187 5175
f 5185 5173 5172
f 5185 5186 5173
f 5184 5185 5172
f 5183 5172 5171
f 5183 5184 5172
f 5182 5171 5170
f 5182 5183 5171
f 5181 5170 5169
f 5181 5182 5170
f 5180 5168 5167
f 5180 5169 5168
f 5180 5181 5169
f 5179 5180 5167
f 5178 5167 5166
f 5178 5179 5167
f 1960 5166 1946
f 1960 5178 5166
f 5201 1961 1962
f 5201 5212 5213
f 5201 5213 1961
f 5200 5211 5212
f 5200 5212 5201
f 5199 5210 5211
f 5199 5211 5200
f 5198 5209 5210
f 5198 5210 5199
f 5197 5208 5209
f 5197 5209 5198
f 5196 5207 5208
f 5196 5208 5197
f 5195 5206 5207
f 5195 5207 5196
f 5194 5205 5206
f 5194 5206 5195
f 5193 5204 5205
f 5193 5205 5194
f 5192 5203 5204
f 5192 5204 5193
f 5191 5202 5203
f 5191 5203 5192
f 5190 5202 5191
f 1975 1976 5202
f 1975 5202 5190
f 5225 1989 1990
f 5225 5236 5237
f 5225 5237 1989
f 5224 5235 5236
f 5224 5236 5225
f 5223 5234 5235
f 5223 5235 5224
f 5222 5233 5234
f 5222 5234 5223
f 5221 5232 5233
f 5221 5233 5222
f 5220 5231 5232
f 5220 5232 5221
f 5219 5230 5231
f 5219 5231 5220
f 5218 5229 5230
f 5218 5230 5219
f 5217 5228 5229
f 5217 5229 5218
f 5216 5227 5228
f 5216 5228 5217
f 5215 5226 5227
f 5215 5227 5216
f 5214 5226 5215
f 2003 2004 5226
f 2003 5226 5214
f 2018 5261 2017
f 5249 5260 5261
f 5249 5261 2018
f 5248 5259 5260
f 5248 5260 5249
f 5247 5258 5259
f 5247 5259 5248
f 5246 5257 5258
f 5246 5258 5247
f 5245 5256 5257
f 5245 5257 5246
f 5244 5255 5256
f 5244 5256 5245
f 5243 5254 5255
f 5243 5255 5244
f 5242 5253 5254
f 5242 5254 5243
f 5241 5252 5253
f 5241 5253 5242
f 5240 5251 5252
f 5240 5252 5241
f 5239 5250 5251
f 5239 5251 5240
f 5238 2032 5250
f 5238 5250 5239
f 2031 2032 5238
f 5273 2045 2046
f 5273 5285 2045
f 5272 5284 5285
f 5272 5285 5273
f 5271 5283 5284
f 5271 5284 5272
f 5270 5282 5283
f 5270 5283 5271
f 5269 5281 5282
f 5269 5282 5270
f 5268 5280 5281
f 5268 5281 5269
f 5267 5279 5280
f 5267 5280 5268
f 5266 5278 5279
f 5266 5279 5267
f 5265 5277 5278
f 5265 5278 5266
f 5264 5276 5277
f 5264 5277 5265
f 5263 5275 5276
f 5263 5276 5264
f 5262 5274 5275
f 5262 5275 5263
f 2059 2060 5274
f 2059 5274 5262
f 2074 5309 2073
f 5297 5308 5309
f 5297 5309 2074
f 5296 5307 5308
f 5296 5308 5297
f 5295 5306 5307
f 5295 5307 5296
f 5294 5305 5306
f 5294 5306 5295
f 5293 5304 5305
f 5293 5305 5294
f 5292 5303 5304
f 5292 5304 5293
f 5291 5302 5303
f 5291 5303 5292
f 5290 5301 5302
f 5290 5302 5291
f 5289 5301 5290
f 5288 5300 5301
f 5288 5301 5289
f 5287 5298 5299
f 5287 5299 5300
f 5287 5300 5288
f 5286 2088 5298
f 5286 5298 5287
f 2087 2088 5286
f 5321 2101 2102
f 5321 5333 2101
f 5320 5332 5333
f 5320 5333 5321
f 5319 5331 5332
f 5319 5332 5320
f 5318 5330 5331
f 5318 5331 5319
f 5317 5329 5330
f 5317 5330 5318
f 5316 5328 5329
f 5316 5329 5317
f 5315 5327 5328
f 5315 5328 5316
f 5314 5326 5327
f 5314 5327 5315
f 5313 5325 5326
f 5313 5326 5314
f 5312 5324 5325
f 5312 5325 5313
f 5311 5323 5324
f 5311 5324 5312
f 5310 5322 5323
f 5310 5323 5311
f 2115 2116 5322
f 2115 5322 5310
f 2130 5357 2129
f 5345 5357 2130
f 5344 5356 5357
f 5344 5357 5345
f 5343 5355 5356
f 5343 5356 5344
f 5342 5354 5355
f 5342 5355 5343
f 5341 5353 5354
f 5341 5354 5342
f 5340 5352 5353
f 5340 5353 5341
f 5339 5351 5352
f 5339 5352 5340
f 5338 5350 5351
f 5338 5351 5339
f 5337 5349 5350
f 5337 5350 5338
f 5336 5348 5349
f 5336 5349 5337
f 5335 5347 5348
f 5335 5348 5336
f 5334 5346 5347
f 5334 5347 5335
f 2143 2144 5346
f 2143 5346 5334
f 5369 2157 2158
f 5369 5380 5381
f 5369 5381 2157
f 5368 5379 5380
f 5368 5380 5369
f 5367 5378 5379
f 5367 5379 5368
f 5366 5377 5378
f 5366 5378 5367
f 5365 5376 5377
f 5365 5377 5366
f 5364 5375 5376
f 5364 5376 5365
f 5363 5374 5375
f 5363 5375 5364
f 5362 5374 5363
f 5361 5372 5373
f 5361 5373 5374
f 5361 5374 5362
f 5360 5371 5372
f 5360 5372 5361
f 5359 5371 5360
f 5358 2172 5370
f 5358 5370 5371
f 5358 5371 5359
f 2171 2172 5358
f 5390 5392 5391
f 5390 5393 5392
f 5396 5394 5393
f 5396 5395 5394
f 5387 5389 5388
f 5387 5390 5389
f 5398 5397 5396
f 5385 5387 5386
f 5400 5399 5398
f 5400 5398 5396
f 5383 5385 5384
f 5383 5393 5390
f 5383 5387 5385
f 5383 5396 5393
f 5383 5390 5387
f 5402 5401 5400
f 5407 5383 5382
f 5405 5403 5402
f 5405 5404 5403
f 5405 5407 5406
f 5405 5400 5396
f 5405 5396 5383
f 5405 5402 5400
f 5405 5383 5407
f 5416 5418 5417
f 5416 5419 5418
f 5422 5420 5419
f 5422 5421 5420
f 5411 5413 5412
f 5425 5423 5422
f 5425 5424 5423
f 5425 5422 5419
f 5426 5419 5416
f 5426 5425 5419
f 5427 5416 5415
f 5427 5426 5416
f 5408 5410 5409
f 5428 5415 5414
f 5428 5427 5415
f 5433 5410 5408
f 5430 5414 5413
f 5430 5429 5428
f 5430 5428 5414
f 5431 5411 5410
f 5431 5433 5432
f 5431 5413 5411
f 5431 5410 5433
f 5431 5430 5413
f 5448 5444 5443
f 5448 5445 5444
f 5448 5446 5445
f 5448 5447 5446
f 5439 5441 5440
f 5439 5442 5441
f 5450 5449 5448
f 5437 5439 5438
f 5452 5451 5450
f 5452 5448 5443
f 5452 5450 5448
f 5435 5437 5436
f 5435 5439 5437
f 5454 5443 5442
f 5454 5453 5452
f 5454 5452 5443
f 5459 5435 5434
f 5457 5455 5454
f 5457 5456 5455
f 5457 5459 5458
f 5457 5442 5439
f 5457 5454 5442
f 5457 5439 5435
f 5457 5435 5459
f 5471 5470 5469
f 5467 5469 5468
f 5464 5466 5465
f 5477 5474 5473
f 5477 5475 5474
f 5477 5476 5475
f 5462 5464 5463
f 5460 5462 5461
f 5485 5462 5460
f 5481 5472 5471
f 5481 5473 5472
f 5481 5478 5477
f 5481 5479 5478
f 5481 5480 5479
f 5481 5471 5469
f 5481 5469 5467
f 5481 5477 5473
f 5483 5467 5466
f 5483 5482 5481
f 5483 5485 5484
f 5483 5466 5464
f 5483 5464 5462
f 5483 5481 5467
f 5483 5462 5485
f 5498 5496 5495
f 5498 5497 5496
f 5493 5495 5494
f 5491 5493 5492
f 5491 5495 5493
f 5502 5499 5498
f 5502 5500 5499
f 5502 5501 5500
f 5504 5503 5502
f 5504 5502 5498
f 5487 5489 5488
f 5487 5490 5489
f 5487 5491 5490
f 5505 5498 5495
f 5505 5504 5498
f 5509 5487 5486
f 5509 5506 5505
f 5509 5507 5506
f 5509 5508 5507
f 5509 5511 5510
f 5509 5486 5511
f 5509 5495 5491
f 5509 5491 5487
f 5509 5505 5495
f 5520 5522 5521
f 5524 5523 5522
f 5517 5519 5518
f 5517 5520 5519
f 5515 5517 5516
f 5515 5522 5520
f 5515 5520 5517
f 5512 5514 5513
f 5532 5531 5530
f 5537 5515 5514
f 5537 5525 5524
f 5537 5526 5525
f 5537 5524 5522
f 5537 5522 5515
f 5537 5514 5512
f 5534 5533 5532
f 5534 5532 5530
f 5535 5527 5526
f 5535 5528 5527
f 5535 5529 5528
f 5535 5530 5529
f 5535 5537 5536
f 5535 5526 5537
f 5535 5534 5530
f 5546 5548 5547
f 5550 5549 5548
f 5545 5548 5546
f 5541 5543 5542
f 5541 5544 5543
f 5541 5545 5544
f 5541 5550 5548
f 5541 5548 5545
f 5539 5541 5540
f 5558 5554 5553
f 5558 5555 5554
f 5558 5556 5555
f 5558 5557 5556
f 5563 5539 5538
f 5563 5551 5550
f 5563 5552 5551
f 5563 5553 5552
f 5563 5550 5541
f 5563 5541 5539
f 5561 5559 5558
f 5561 5560 5559
f 5561 5563 5562
f 5561 5553 5563
f 5561 5558 5553
f 5572 5574 5573
f 5569 5571 5570
f 5569 5572 5571
f 5579 5576 5575
f 5579 5577 5576
f 5579 5578 5577
f 5567 5569 5568
f 5581 5580 5579
f 5565 5567 5566
f 5565 5569 5567
f 5584 5575 5574
f 5584 5582 5581
f 5584 5583 5582
f 5584 5574 5572
f 5584 5579 5575
f 5584 5581 5579
f 5589 5565 5564
f 5587 5585 5584
f 5587 5586 5585
f 5587 5589 5588
f 5587 5572 5569
f 5587 5584 5572
f 5587 5569 5565
f 5587 5565 5589
f 5591 5590 5594
f 5592 5591 5594
f 5593 5592 5594
f 5596 5598 5595
f 5596 5599 5598
f 5597 5599 5596
f 5646 5626 5625
f 5647 5627 5626
f 5647 5626 5646
f 5645 5625 5624
f 5645 5646 5625
f 5648 5628 5627
f 5648 5627 5647
f 5644 5624 5623
f 5644 5645 5624
f 5649 5629 5628
f 5649 5600 5629
f 5649 5628 5648
f 5643 5623 5622
f 5643 5644 5623
f 5650 5601 5600
f 5650 5600 5649
f 5642 5622 5621
f 5642 5643 5622
f 5620 5642 5621
f 5651 5602 5601
f 5651 5601 5650
f 5641 5642 5620
f 5652 5602 5651
f 5652 5603 5602
f 5619 5641 5620
f 5640 5641 5619
f 5653 5603 5652
f 5604 5603 5653
f 5618 5640 5619
f 5618 5639 5640
f 5654 5604 5653
f 5605 5604 5654
f 5655 5605 5654
f 5617 5639 5618
f 5617 5638 5639
f 5606 5605 5655
f 5616 5638 5617
f 5616 5637 5638
f 5607 5606 5655
f 5607 5655 5630
f 5615 5636 5637
f 5615 5637 5616
f 5614 5636 5615
f 5608 5630 5631
f 5608 5607 5630
f 5613 5635 5636
f 5613 5636 5614
f 5609 5631 5632
f 5609 5608 5631
f 5612 5635 5613
f 5612 5634 5635
f 5610 5632 5633
f 5610 5609 5632
f 5611 5610 5633
f 5611 5633 5634
f 5611 5634 5612
f 5660 5659 5658
f 5657 5660 5658
f 5656 5660 5657
f 5661 5662 5663
f 5663 5662 5664
f 5664 5662 5665
f 5666 5669 5668
f 5666 5670 5669
f 5666 5667 5670
f 5672 5674 5673
f 5675 5674 5672
f 5671 5675 5672
f 5676 5677 5678
f 5678 5677 5679
f 5679 5677 5680
f 5682 5685 5683
f 5684 5683 5685
f 5681 5685 5682
f 5687 5686 5688
f 5687 5688 5689
f 5687 5689 5690
f 5687 5690 5691
f 5687 5691 5692
f 5693 1497 1498
f 5693 5705 1497
f 5694 5706 5705
f 5694 5705 5693
f 5695 5707 5706
f 5695 5706 5694
f 5696 5708 5707
f 5696 5707 5695
f 5697 5709 5708
f 5697 5710 5709
f 5697 5708 5696
f 5698 5710 5697
f 5699 5711 5710
f 5699 5712 5711
f 5699 5710 5698
f 5700 5712 5699
f 5701 5713 5712
f 5701 5712 5700
f 5702 5714 5713
f 5702 5713 5701
f 5703 5715 5714
f 5703 5714 5702
f 5704 5716 5715
f 5704 5715 5703
f 1499 1512 5716
f 1499 5716 5704
f 5732 5733 5734
f 5737 5734 5735
f 5737 5735 5736
f 5729 5730 5731
f 5740 5738 5739
f 5726 5727 5728
f 5726 5728 5729
f 5726 5731 5732
f 5726 5737 5738
f 5726 5732 5734
f 5726 5734 5737
f 5726 5729 5731
f 5742 5740 5741
f 5742 5738 5740
f 5724 5725 5726
f 5718 5742 5717
f 5719 5738 5742
f 5719 5742 5718
f 5721 5722 5723
f 5721 5723 5724
f 5720 5726 5738
f 5720 5724 5726
f 5720 5721 5724
f 5720 5738 5719
f 5743 5745 5744
f 5743 5746 5745
f 5749 5748 1581
f 5750 1581 5747
f 5750 5749 1581
f 5754 5751 5752
f 5754 5753 5751
f 5757 5755 5756
f 5758 5755 5757
f 5759 5755 5758
f 5760 5755 5759
f 5761 5755 5760
f 5762 5755 5761
f 5763 5755 5762
f 5764 5755 5763
f 5869 5794 5870
f 5871 5870 5794
f 5868 5794 5869
f 5868 5793 5794
f 5872 5871 5794
f 5867 5793 5868
f 5847 5872 5794
f 5866 5793 5867
f 5848 5755 5764
f 5848 5847 5794
f 5848 5794 5755
f 5865 5793 5866
f 5849 5848 5764
f 5864 5793 5865
f 5850 5849 5764
f 5863 5793 5864
f 5851 5850 5764
f 5862 5793 5863
f 5792 5793 5862
f 5852 5851 5764
f 5853 5852 5764
f 5854 5853 5764
f 5949 5792 5950
f 5951 5950 5792
f 5948 5792 5949
f 5952 5951 5792
f 5947 5791 5792
f 5947 5792 5948
f 5927 5792 5862
f 5927 5952 5792
f 5946 5791 5947
f 5928 5862 5861
f 5928 5927 5862
f 5945 5791 5946
f 5929 5861 5860
f 5929 5928 5861
f 5944 5791 5945
f 5930 5860 5859
f 5930 5929 5860
f 5943 5791 5944
f 5931 5859 5858
f 5931 5930 5859
f 5942 5791 5943
f 5932 5858 5857
f 5932 5931 5858
f 5941 5791 5942
f 5933 5857 5856
f 5933 5932 5857
f 5934 5933 5856
f 5790 5791 5941
f 5790 5938 5937
f 5790 5939 5938
f 5790 5940 5939
f 5790 5941 5940
f 5789 5790 5937
f 5769 5767 5768
f 5765 5766 5767
f 5765 5767 5769
f 5770 5765 5769
f 5772 5770 5771
f 5773 5765 5770
f 5773 5770 5772
f 5774 5765 5773
f 5817 5789 5818
f 5817 5788 5789
f 5819 5818 5789
f 5816 5788 5817
f 5820 5819 5789
f 5820 5789 5937
f 5815 5788 5816
f 5795 5820 5937
f 5795 5937 5936
f 5814 5788 5815
f 5796 5795 5936
f 5796 5936 5935
f 5813 5788 5814
f 5797 5796 5935
f 5797 5935 5934
f 5812 5788 5813
f 5798 5934 5856
f 5798 5797 5934
f 5811 5788 5812
f 5843 5765 5844
f 5845 5844 5765
f 5842 5765 5843
f 5846 5845 5765
f 5846 5765 5774
f 5841 5765 5842
f 5775 5846 5774
f 5821 5846 5775
f 5840 5764 5765
f 5840 5854 5764
f 5840 5765 5841
f 5822 5821 5775
f 5839 5854 5840
f 5839 5855 5854
f 5823 5822 5775
f 5787 5806 5805
f 5787 5807 5806
f 5787 5808 5807
f 5787 5809 5808
f 5787 5810 5809
f 5787 5811 5810
f 5787 5788 5811
f 5838 5856 5855
f 5838 5855 5839
f 5824 5823 5775
f 5825 5824 5775
f 5826 5825 5775
f 5776 5826 5775
f 5776 5827 5826
f 5776 5828 5827
f 5776 5829 5828
f 5776 5830 5829
f 5776 5831 5830
f 5776 5832 5831
f 5786 5787 5805
f 5786 5803 5802
f 5786 5804 5803
f 5786 5805 5804
f 5898 5836 5835
f 5897 5836 5898
f 5899 5898 5835
f 5899 5835 5834
f 5896 5836 5897
f 5896 5837 5836
f 5900 5899 5834
f 5900 5834 5833
f 5895 5856 5838
f 5895 5837 5896
f 5895 5838 5837
f 5888 5833 5832
f 5888 5900 5833
f 5894 5856 5895
f 5894 5798 5856
f 5777 5875 5888
f 5777 5832 5776
f 5777 5888 5832
f 5876 5875 5777
f 5877 5876 5777
f 5878 5877 5777
f 5785 5786 5802
f 5785 5801 5800
f 5785 5802 5801
f 5879 5878 5777
f 5880 5879 5777
f 5881 5880 5777
f 5778 5881 5777
f 5778 5882 5881
f 5778 5883 5882
f 5778 5884 5883
f 5778 5885 5884
f 5778 5886 5885
f 5778 5887 5886
f 5784 5785 5800
f 5924 5798 5894
f 5923 5798 5924
f 5923 5799 5798
f 5925 5924 5894
f 5925 5894 5893
f 5922 5784 5800
f 5922 5799 5923
f 5922 5800 5799
f 5926 5893 5892
f 5926 5925 5893
f 5921 5784 5922
f 5901 5892 5891
f 5901 5926 5892
f 5920 5784 5921
f 5902 5891 5890
f 5902 5901 5891
f 5779 5874 5873
f 5779 5887 5778
f 5779 5873 5887
f 5779 5889 5874
f 5779 5890 5889
f 5783 5784 5920
f 5783 5918 5917
f 5783 5919 5918
f 5783 5920 5919
f 5780 5890 5779
f 5780 5903 5902
f 5780 5904 5903
f 5780 5902 5890
f 5780 5905 5904
f 5782 5783 5917
f 5782 5912 5911
f 5782 5913 5912
f 5782 5914 5913
f 5782 5915 5914
f 5782 5916 5915
f 5782 5917 5916
f 5781 5906 5905
f 5781 5907 5906
f 5781 5908 5907
f 5781 5909 5908
f 5781 5910 5909
f 5781 5911 5910
f 5781 5782 5911
f 5781 5905 5780

